-- phpMyAdmin SQL Dump
-- version 4.9.7
-- https://www.phpmyadmin.net/
--
-- Хост: localhost
-- Время создания: Мар 19 2026 г., 15:51
-- Версия сервера: 8.0.34-26-beget-1-1
-- Версия PHP: 5.6.40

SET SQL_MODE = "NO_AUTO_VALUE_ON_ZERO";
SET AUTOCOMMIT = 0;
START TRANSACTION;
SET time_zone = "+00:00";


/*!40101 SET @OLD_CHARACTER_SET_CLIENT=@@CHARACTER_SET_CLIENT */;
/*!40101 SET @OLD_CHARACTER_SET_RESULTS=@@CHARACTER_SET_RESULTS */;
/*!40101 SET @OLD_COLLATION_CONNECTION=@@COLLATION_CONNECTION */;
/*!40101 SET NAMES utf8mb4 */;

--
-- База данных: `k98108ya_pos`
--

-- --------------------------------------------------------

--
-- Структура таблицы `customers`
--
-- Создание: Фев 05 2026 г., 10:43
-- Последнее обновление: Мар 19 2026 г., 08:22
--

DROP TABLE IF EXISTS `customers`;
CREATE TABLE `customers` (
  `id` int NOT NULL,
  `full_name` varchar(255) NOT NULL,
  `phone` varchar(50) DEFAULT NULL,
  `city` varchar(100) DEFAULT NULL,
  `store_id` int DEFAULT NULL,
  `balance` decimal(10,2) DEFAULT '0.00',
  `created_at` timestamp NULL DEFAULT CURRENT_TIMESTAMP,
  `updated_at` timestamp NULL DEFAULT CURRENT_TIMESTAMP ON UPDATE CURRENT_TIMESTAMP
) ENGINE=InnoDB DEFAULT CHARSET=utf8mb3;

--
-- Дамп данных таблицы `customers`
--

INSERT INTO `customers` (`id`, `full_name`, `phone`, `city`, `store_id`, `balance`, `created_at`) VALUES
(12, 'Абдулло Зафаробод', NULL, NULL, 1, '-317.00', '2026-02-01 13:32:37'),
(13, 'Ако Умед', NULL, NULL, 1, '-335370.00', '2026-02-01 14:43:18'),
(14, 'Анвар Мастчох', NULL, NULL, 1, '-7052.00', '2026-02-01 14:43:18'),
(15, 'Анвар Пролетар', NULL, NULL, 1, '-24357.70', '2026-02-01 14:43:41'),
(16, 'Бахтиёр Мастчох', NULL, NULL, 1, '-8758.00', '2026-02-01 14:43:41'),
(17, 'Голиб Пролетар', NULL, NULL, 1, '-48369.00', '2026-02-01 14:44:10'),
(18, 'Набичон Ёва', NULL, NULL, 1, '-4976.00', '2026-02-01 14:44:10'),
(19, 'Расул Зафаробод', NULL, NULL, 1, '-152011.00', '2026-02-01 14:44:46'),
(20, 'Хафиз Нов', NULL, NULL, 1, '-24028.00', '2026-02-01 14:44:46'),
(21, 'Юнусако Конибодом', NULL, NULL, 1, '-3215.00', '2026-02-01 14:45:29'),
(22, 'Умархуча Исфара', NULL, NULL, 5, '-8875.00', '2026-02-01 14:45:29'),
(23, 'Кароматулло Панчакент', NULL, NULL, 5, '-2795.00', '2026-02-01 14:45:54'),
(24, 'Сайлов Ашт', NULL, '5', 5, '-12553.04', '2026-02-01 14:45:54'),
(26, 'Тестовый клиент', NULL, NULL, 1, '0.00', '2026-02-08 06:37:17'),
(27, 'тест', NULL, NULL, 1, '0.00', '2026-02-13 07:08:27'),
(28, 'Хочи Музаффар ', '935949222', 'Калачи Кулибой', 5, '-345.00', '2026-02-17 14:48:19'),
(29, 'Хочи Шомурод', NULL, 'Хисор', 6, '-3450.00', '2026-02-26 06:27:52'),
(30, 'Мулло Фарход', NULL, 'Душанбе', 6, '-3120.00', '2026-02-26 06:28:34');

-- --------------------------------------------------------

--
-- Структура таблицы `customer_operations`
--
-- Создание: Фев 05 2026 г., 10:43
-- Последнее обновление: Мар 19 2026 г., 08:22
--

DROP TABLE IF EXISTS `customer_operations`;
CREATE TABLE `customer_operations` (
  `id` int NOT NULL,
  `customer_id` int NOT NULL,
  `store_id` int DEFAULT NULL,
  `sale_id` int DEFAULT NULL,
  `sum` decimal(10,2) NOT NULL,
  `type` enum('PAID','DEBT','PAYMENT') NOT NULL,
  `date` timestamp NULL DEFAULT CURRENT_TIMESTAMP
) ENGINE=InnoDB DEFAULT CHARSET=utf8mb3;

--
-- Дамп данных таблицы `customer_operations`
--

INSERT INTO `customer_operations` (`id`, `customer_id`, `store_id`, `sale_id`, `sum`, `type`, `date`) VALUES
(5, 15, 1, NULL, '2000.00', 'PAYMENT', '2026-02-01 21:00:00'),
(6, 15, 1, NULL, '2000.00', 'PAYMENT', '2026-02-01 21:00:00'),
(7, 17, 1, 10, '350.00', 'DEBT', '2026-02-03 05:42:37'),
(8, 22, 5, 12, '570.00', 'DEBT', '2026-02-03 14:09:18'),
(9, 22, 5, NULL, '15000.00', 'PAYMENT', '2026-02-02 21:00:00'),
(10, 20, 1, 30, '460.00', 'PAID', '2026-02-04 05:20:52'),
(11, 15, 1, 32, '2856.30', 'DEBT', '2026-02-04 05:55:35'),
(12, 20, 1, 33, '320.00', 'DEBT', '2026-02-04 06:03:40'),
(13, 15, 1, 37, '540.00', 'DEBT', '2026-02-04 10:39:15'),
(14, 24, 5, 45, '5298.00', 'DEBT', '2026-02-05 15:15:01'),
(15, 24, 5, 46, '175.00', 'DEBT', '2026-02-05 15:23:00'),
(16, 20, 1, 47, '550.00', 'DEBT', '2026-02-05 16:29:22'),
(17, 15, 1, NULL, '4000.00', 'PAYMENT', '2026-02-05 21:00:00'),
(18, 24, 5, NULL, '4700.00', 'PAYMENT', '2026-02-05 21:00:00'),
(19, 17, 1, NULL, '7000.00', 'PAYMENT', '2026-02-06 21:00:00'),
(20, 15, 1, 63, '460.00', 'DEBT', '2026-02-07 10:22:57'),
(21, 19, 1, 64, '545.00', 'DEBT', '2026-02-07 10:35:10'),
(22, 16, 1, 84, '2594.00', 'PAID', '2026-02-08 09:38:44'),
(23, 19, 1, 88, '18527.00', 'DEBT', '2026-02-08 10:19:28'),
(24, 19, 1, 89, '195.00', 'DEBT', '2026-02-08 10:50:04'),
(25, 19, 1, 108, '4258.00', 'DEBT', '2026-02-09 05:48:08'),
(26, 19, 1, 109, '400.00', 'DEBT', '2026-02-09 06:57:41'),
(27, 18, 1, NULL, '2640.00', 'PAYMENT', '2026-02-09 21:00:00'),
(28, 16, 1, 121, '600.00', 'PAID', '2026-02-10 07:10:37'),
(29, 19, 1, 123, '1170.00', 'DEBT', '2026-02-10 08:51:10'),
(30, 21, 1, 125, '1700.00', 'DEBT', '2026-02-10 12:30:40'),
(31, 13, 1, 134, '1155.00', 'DEBT', '2026-02-10 16:33:27'),
(32, 13, 1, 143, '1270.00', 'DEBT', '2026-02-11 04:56:20'),
(33, 14, 1, 148, '260.00', 'DEBT', '2026-02-12 04:34:04'),
(34, 19, 1, 157, '2358.00', 'DEBT', '2026-02-12 14:36:22'),
(35, 13, 1, 167, '240.00', 'PAID', '2026-02-14 04:39:26'),
(36, 20, 1, 170, '5317.00', 'DEBT', '2026-02-14 05:42:00'),
(37, 20, 1, NULL, '6040.00', 'PAYMENT', '2026-02-13 21:00:00'),
(38, 17, 1, 184, '8016.50', 'DEBT', '2026-02-15 06:32:32'),
(39, 17, 1, 185, '220.00', 'DEBT', '2026-02-15 06:33:54'),
(40, 17, 1, NULL, '5000.00', 'PAYMENT', '2026-02-14 21:00:00'),
(41, 17, 1, 186, '32.50', 'DEBT', '2026-02-15 06:42:42'),
(42, 24, 5, 194, '2290.04', 'DEBT', '2026-02-15 15:07:15'),
(43, 15, 1, NULL, '3000.00', 'PAYMENT', '2026-02-15 21:00:00'),
(44, 24, 5, NULL, '4000.00', 'PAYMENT', '2026-02-15 21:00:00'),
(45, 15, 1, 217, '5126.00', 'DEBT', '2026-02-17 06:45:51'),
(46, 24, 5, 222, '1090.00', 'DEBT', '2026-02-17 14:38:23'),
(47, 23, 5, 224, '630.00', 'DEBT', '2026-02-17 14:45:57'),
(48, 23, 5, NULL, '2000.00', 'PAYMENT', '2026-02-16 21:00:00'),
(49, 28, 5, 225, '395.00', 'DEBT', '2026-02-17 14:50:11'),
(50, 28, 5, NULL, '50.00', 'PAYMENT', '2026-02-16 21:00:00'),
(51, 13, 1, 240, '2360.00', 'DEBT', '2026-02-18 04:27:17'),
(52, 20, 1, 241, '758.00', 'DEBT', '2026-02-18 05:20:21'),
(53, 18, 1, 242, '4750.00', 'DEBT', '2026-02-18 05:23:49'),
(54, 13, 1, 254, '825.00', 'PAID', '2026-02-19 03:46:06'),
(55, 15, 1, NULL, '3000.00', 'PAYMENT', '2026-02-18 21:00:00'),
(56, 18, 1, NULL, '2070.00', 'PAYMENT', '2026-02-18 21:00:00'),
(57, 12, 1, 258, '5320.00', 'DEBT', '2026-02-19 08:35:47'),
(58, 12, 1, NULL, '500.00', 'PAYMENT', '2026-02-18 21:00:00'),
(59, 12, 1, NULL, '2500.00', 'PAYMENT', '2026-02-18 21:00:00'),
(60, 15, 1, 260, '2465.00', 'DEBT', '2026-02-19 08:56:21'),
(61, 15, 1, NULL, '3000.00', 'PAYMENT', '2026-02-20 21:00:00'),
(62, 15, 1, NULL, '36.00', 'PAYMENT', '2026-02-21 21:00:00'),
(63, 15, 1, NULL, '2000.00', 'PAYMENT', '2026-02-22 21:00:00'),
(64, 15, 1, NULL, '2000.00', 'PAYMENT', '2026-02-23 21:00:00'),
(65, 15, 1, 307, '5263.00', 'DEBT', '2026-02-24 13:04:44'),
(66, 17, 1, 311, '1250.00', 'DEBT', '2026-02-26 05:16:58'),
(67, 30, 6, 313, '3120.00', 'DEBT', '2026-02-26 06:34:53'),
(68, 29, 6, 316, '9560.00', 'DEBT', '2026-02-26 07:24:50'),
(69, 29, 6, NULL, '4200.00', 'PAYMENT', '2026-02-25 21:00:00'),
(70, 29, 6, NULL, '1910.00', 'PAYMENT', '2026-02-25 21:00:00'),
(71, 16, 1, 320, '2452.00', 'DEBT', '2026-02-26 11:47:08'),
(72, 18, 1, 321, '2880.00', 'PAID', '2026-02-26 11:51:16'),
(73, 15, 1, NULL, '3000.00', 'PAYMENT', '2026-02-26 21:00:00'),
(74, 16, 1, NULL, '2452.00', 'PAYMENT', '2026-02-27 21:00:00'),
(75, 22, 5, 364, '7642.00', 'DEBT', '2026-03-01 06:23:36'),
(76, 24, 5, 368, '7094.00', 'DEBT', '2026-03-01 12:15:33'),
(77, 24, 5, NULL, '6000.00', 'PAYMENT', '2026-02-28 21:00:00'),
(78, 22, 5, 369, '1090.00', 'DEBT', '2026-03-01 12:32:23'),
(79, 21, 1, 371, '1476.00', 'DEBT', '2026-03-02 06:29:42'),
(80, 19, 1, 373, '1787.00', 'DEBT', '2026-03-02 06:37:07'),
(81, 19, 1, 374, '2617.00', 'DEBT', '2026-03-02 06:43:55'),
(82, 19, 1, 378, '660.00', 'DEBT', '2026-03-02 07:09:28'),
(83, 13, 1, 379, '355.00', 'PAID', '2026-03-02 07:12:10'),
(84, 17, 1, 381, '3050.00', 'DEBT', '2026-03-02 07:45:41'),
(85, 23, 5, 384, '700.00', 'DEBT', '2026-03-02 14:35:33'),
(86, 24, 5, 387, '6380.00', 'DEBT', '2026-03-02 15:23:39'),
(87, 24, 5, NULL, '5500.00', 'PAYMENT', '2026-03-01 21:00:00'),
(88, 15, 1, 400, '4522.00', 'DEBT', '2026-03-03 07:45:27'),
(89, 19, 1, NULL, '65000.00', 'PAYMENT', '2026-03-02 21:00:00'),
(90, 13, 1, 416, '4414.00', 'PAID', '2026-03-04 04:32:29'),
(91, 19, 1, 423, '31667.00', 'DEBT', '2026-03-04 06:49:02'),
(92, 17, 1, NULL, '4300.00', 'PAYMENT', '2026-03-04 21:00:00'),
(93, 19, 1, 424, '275.00', 'DEBT', '2026-03-05 04:54:04'),
(94, 17, 1, 425, '275.00', 'DEBT', '2026-03-05 05:46:39'),
(95, 19, 1, 426, '1869.00', 'DEBT', '2026-03-05 05:50:54'),
(96, 15, 1, NULL, '3000.00', 'PAYMENT', '2026-03-05 21:00:00'),
(97, 24, 5, 442, '4577.00', 'DEBT', '2026-03-06 17:32:56'),
(98, 24, 5, NULL, '4000.00', 'PAYMENT', '2026-03-05 21:00:00'),
(99, 15, 1, NULL, '3000.00', 'PAYMENT', '2026-03-06 21:00:00'),
(100, 19, 1, NULL, '64900.00', 'PAYMENT', '2026-03-06 21:00:00'),
(101, 13, 1, 457, '970.00', 'PAID', '2026-03-08 17:23:23'),
(102, 19, 1, 458, '5374.00', 'DEBT', '2026-03-08 17:44:42'),
(103, 17, 1, NULL, '275.00', 'PAYMENT', '2026-03-07 21:00:00'),
(104, 15, 1, NULL, '4000.00', 'PAYMENT', '2026-03-08 21:00:00'),
(105, 13, 1, 506, '1585.00', 'DEBT', '2026-03-09 10:04:23'),
(106, 16, 1, 507, '1524.00', 'DEBT', '2026-03-09 10:14:18'),
(107, 21, 1, NULL, '1486.00', 'PAYMENT', '2026-03-08 21:00:00'),
(108, 20, 1, 508, '755.00', 'DEBT', '2026-03-09 10:17:02'),
(109, 15, 1, 510, '4375.00', 'DEBT', '2026-03-09 10:33:04'),
(110, 19, 1, 511, '4666.00', 'DEBT', '2026-03-09 11:00:10'),
(111, 16, 1, NULL, '1524.00', 'PAYMENT', '2026-03-08 21:00:00'),
(112, 22, 5, 513, '3555.00', 'DEBT', '2026-03-09 11:53:18'),
(113, 17, 1, 517, '8051.00', 'PAID', '2026-03-09 12:09:12'),
(114, 19, 1, 521, '3025.00', 'DEBT', '2026-03-11 05:35:05'),
(115, 22, 5, NULL, '15000.00', 'PAYMENT', '2026-03-10 21:00:00'),
(116, 24, 5, 533, '4254.00', 'DEBT', '2026-03-12 12:51:33'),
(117, 22, 5, 534, '3440.00', 'DEBT', '2026-03-12 13:00:17'),
(118, 20, 1, 535, '4513.00', 'DEBT', '2026-03-12 17:23:55'),
(119, 20, 1, NULL, '5000.00', 'PAYMENT', '2026-03-12 21:00:00'),
(120, 24, 5, NULL, '6000.00', 'PAYMENT', '2026-03-12 21:00:00'),
(121, 17, 1, 558, '1020.00', 'DEBT', '2026-03-14 07:39:28'),
(122, 20, 1, 559, '4020.00', 'DEBT', '2026-03-14 08:17:57'),
(123, 15, 1, 561, '4858.40', 'DEBT', '2026-03-14 08:57:10'),
(124, 15, 1, NULL, '3000.00', 'PAYMENT', '2026-03-17 21:00:00'),
(125, 21, 1, NULL, '1700.00', 'PAYMENT', '2026-03-17 21:00:00'),
(126, 20, 1, 613, '620.00', 'DEBT', '2026-03-18 04:07:08'),
(127, 14, 1, NULL, '20000.00', 'PAYMENT', '2026-03-17 21:00:00'),
(128, 20, 1, 616, '560.00', 'DEBT', '2026-03-19 04:56:41'),
(129, 12, 1, NULL, '4003.00', 'PAYMENT', '2026-03-18 21:00:00'),
(130, 18, 1, 620, '6976.00', 'DEBT', '2026-03-19 07:17:13'),
(131, 18, 1, NULL, '4000.00', 'PAYMENT', '2026-03-18 21:00:00');

-- --------------------------------------------------------

--
-- Структура таблицы `delivery_drivers`
--
-- Создание: Мар 19 2026 г., 10:51
-- Последнее обновление: Мар 19 2026 г., 11:12
--

DROP TABLE IF EXISTS `delivery_drivers`;
CREATE TABLE `delivery_drivers` (
  `id` int NOT NULL,
  `name` varchar(255) NOT NULL,
  `phone` varchar(50) DEFAULT NULL,
  `balance` decimal(10,2) DEFAULT '0.00',
  `status` tinyint(1) DEFAULT '1' COMMENT '0 - неактивен, 1 - активен',
  `warehouse_id` int NOT NULL,
  `created_at` timestamp NULL DEFAULT CURRENT_TIMESTAMP,
  `updated_at` timestamp NULL DEFAULT CURRENT_TIMESTAMP ON UPDATE CURRENT_TIMESTAMP
) ENGINE=InnoDB DEFAULT CHARSET=utf8mb3;

--
-- Дамп данных таблицы `delivery_drivers`
--

INSERT INTO `delivery_drivers` (`id`, `name`, `phone`, `balance`, `status`, `warehouse_id`, `created_at`) VALUES
(1, 'Доставщик1', '1234', '0.00', 1, 11, '2026-03-19 11:07:37'),
(2, 'Доставщик2', '56789', '100.00', 1, 11, '2026-03-19 11:09:04');

-- --------------------------------------------------------

--
-- Структура таблицы `expenses`
--
-- Создание: Фев 05 2026 г., 10:43
-- Последнее обновление: Мар 19 2026 г., 10:42
--

DROP TABLE IF EXISTS `expenses`;
CREATE TABLE `expenses` (
  `id` int NOT NULL,
  `amount` decimal(10,2) NOT NULL,
  `comment` varchar(500) DEFAULT NULL,
  `store_id` int NOT NULL,
  `expense_date` date NOT NULL DEFAULT (curdate()),
  `created_at` timestamp NULL DEFAULT CURRENT_TIMESTAMP,
  `updated_at` timestamp NULL DEFAULT CURRENT_TIMESTAMP ON UPDATE CURRENT_TIMESTAMP
) ENGINE=InnoDB DEFAULT CHARSET=utf8mb3;

--
-- Дамп данных таблицы `expenses`
--

INSERT INTO `expenses` (`id`, `amount`, `comment`, `store_id`, `expense_date`, `created_at`) VALUES
(2, '80.00', 'симкарта', 1, '2026-02-03', '2026-02-03 05:44:46'),
(3, '60.00', NULL, 1, '2026-02-03', '2026-02-03 06:20:18'),
(4, '900.00', NULL, 1, '2026-02-03', '2026-02-03 08:22:30'),
(5, '2000.00', 'Хона', 1, '2026-02-03', '2026-02-03 09:43:55'),
(6, '105.00', NULL, 5, '2026-02-03', '2026-02-03 15:08:15'),
(7, '55.00', NULL, 5, '2026-02-04', '2026-02-04 09:27:10'),
(8, '1380.00', NULL, 5, '2026-02-05', '2026-02-05 14:24:06'),
(9, '216.00', NULL, 1, '2026-02-05', '2026-02-05 16:38:37'),
(10, '175.00', NULL, 1, '2026-02-05', '2026-02-05 16:42:10'),
(11, '4500.00', 'Налог', 1, '2026-02-06', '2026-02-06 05:50:39'),
(12, '800.00', NULL, 1, '2026-02-06', '2026-02-06 07:24:35'),
(13, '65.00', NULL, 5, '2026-02-06', '2026-02-06 09:13:11'),
(14, '100.00', NULL, 1, '2026-02-06', '2026-02-06 13:42:05'),
(15, '30.00', NULL, 5, '2026-02-06', '2026-02-06 13:45:32'),
(16, '100.00', 'Заправка', 1, '2026-02-07', '2026-02-07 05:23:44'),
(17, '100.00', NULL, 1, '2026-02-07', '2026-02-07 05:36:31'),
(18, '120.00', NULL, 1, '2026-02-07', '2026-02-07 08:16:39'),
(19, '85.00', NULL, 5, '2026-02-07', '2026-02-07 10:13:06'),
(20, '40.00', NULL, 1, '2026-02-07', '2026-02-07 12:23:09'),
(21, '330.00', 'стралний машина', 5, '2026-02-07', '2026-02-07 13:55:35'),
(22, '56.00', NULL, 1, '2026-02-08', '2026-02-08 08:03:03'),
(23, '1000.00', NULL, 5, '2026-02-08', '2026-02-08 11:03:24'),
(24, '33.00', NULL, 1, '2026-02-08', '2026-02-08 16:49:54'),
(25, '3000.00', 'Илхом ', 5, '2026-02-09', '2026-02-09 07:03:25'),
(26, '700.00', NULL, 1, '2026-02-09', '2026-02-09 13:20:35'),
(27, '100.00', 'заправка', 5, '2026-02-09', '2026-02-09 13:21:10'),
(28, '553.00', NULL, 5, '2026-02-09', '2026-02-09 13:48:13'),
(29, '130.00', NULL, 1, '2026-02-10', '2026-02-10 06:47:39'),
(30, '50.00', NULL, 1, '2026-02-10', '2026-02-10 12:29:15'),
(31, '467.00', NULL, 5, '2026-02-10', '2026-02-10 16:41:40'),
(32, '100.00', NULL, 1, '2026-02-10', '2026-02-10 17:00:43'),
(33, '400.00', NULL, 5, '2026-02-11', '2026-02-11 05:03:02'),
(34, '175.00', NULL, 1, '2026-02-11', '2026-02-11 07:42:50'),
(35, '100.00', 'заправка', 1, '2026-02-11', '2026-02-11 07:43:07'),
(36, '340.00', NULL, 1, '2026-02-11', '2026-02-11 15:19:11'),
(37, '480.00', NULL, 5, '2026-02-11', '2026-02-11 15:43:33'),
(38, '100.00', NULL, 5, '2026-02-11', '2026-02-11 15:44:05'),
(39, '565.00', NULL, 1, '2026-02-12', '2026-02-12 06:52:08'),
(40, '160.00', NULL, 1, '2026-02-12', '2026-02-12 13:43:45'),
(41, '100.00', 'Заправка', 1, '2026-02-13', '2026-02-13 06:11:24'),
(42, '40.00', NULL, 1, '2026-02-13', '2026-02-13 08:41:41'),
(43, '250.00', NULL, 1, '2026-02-13', '2026-02-13 10:28:45'),
(44, '70.00', NULL, 1, '2026-02-14', '2026-02-14 05:50:41'),
(45, '900.00', 'Чек', 1, '2026-02-14', '2026-02-14 06:55:17'),
(46, '50.00', NULL, 1, '2026-02-14', '2026-02-14 10:53:08'),
(47, '50.00', NULL, 1, '2026-02-14', '2026-02-14 11:52:22'),
(48, '430.00', NULL, 5, '2026-02-14', '2026-02-14 14:55:08'),
(49, '1250.00', 'Свет', 1, '2026-02-16', '2026-02-16 06:01:02'),
(50, '1720.00', NULL, 5, '2026-02-16', '2026-02-16 16:34:54'),
(51, '150.00', NULL, 1, '2026-02-17', '2026-02-17 06:06:10'),
(52, '170.00', NULL, 5, '2026-02-17', '2026-02-17 14:52:35'),
(53, '570.00', NULL, 1, '2026-02-17', '2026-02-17 14:53:05'),
(54, '3032.00', 'аренда', 6, '2026-02-17', '2026-02-17 14:53:58'),
(55, '14.00', 'свет', 6, '2026-02-17', '2026-02-17 14:54:11'),
(56, '1230.00', NULL, 1, '2026-02-19', '2026-02-19 08:26:26'),
(57, '250.00', 'Гушт', 1, '2026-02-19', '2026-02-19 10:02:47'),
(58, '40.00', 'Салафан', 1, '2026-02-19', '2026-02-19 10:03:05'),
(59, '75.00', NULL, 1, '2026-02-19', '2026-02-19 10:03:44'),
(60, '43.00', NULL, 1, '2026-02-20', '2026-02-20 16:49:30'),
(61, '30.00', NULL, 1, '2026-02-22', '2026-02-22 03:34:11'),
(62, '80.00', NULL, 1, '2026-02-22', '2026-02-22 17:16:36'),
(63, '270.00', NULL, 1, '2026-02-24', '2026-02-24 13:11:58'),
(64, '740.00', NULL, 1, '2026-02-24', '2026-02-24 13:12:27'),
(65, '140.00', NULL, 1, '2026-02-26', '2026-02-26 05:35:10'),
(66, '950.00', NULL, 1, '2026-02-28', '2026-02-28 05:40:26'),
(67, '790.00', 'патент. чек. дору', 5, '2026-02-28', '2026-02-28 12:01:28'),
(68, '190.00', NULL, 1, '2026-03-02', '2026-03-02 06:05:08'),
(69, '130.00', 'телефон', 1, '2026-03-02', '2026-03-02 06:05:24'),
(70, '250.00', NULL, 5, '2026-03-02', '2026-03-02 15:34:01'),
(71, '90.00', NULL, 5, '2026-03-02', '2026-03-02 16:48:28'),
(72, '150.00', NULL, 5, '2026-03-02', '2026-03-02 16:49:26'),
(73, '284.00', NULL, 1, '2026-03-03', '2026-03-03 12:59:19'),
(74, '580.00', NULL, 5, '2026-03-03', '2026-03-03 13:21:39'),
(75, '230.00', NULL, 1, '2026-03-05', '2026-03-05 06:50:35'),
(76, '140.00', NULL, 1, '2026-03-05', '2026-03-05 09:33:49'),
(77, '200.00', NULL, 5, '2026-03-05', '2026-03-05 11:29:45'),
(78, '3000.00', NULL, 5, '2026-03-05', '2026-03-05 12:19:55'),
(79, '460.00', NULL, 5, '2026-03-06', '2026-03-06 17:47:50'),
(80, '100.00', NULL, 1, '2026-03-07', '2026-03-07 08:27:29'),
(81, '160.00', NULL, 1, '2026-03-08', '2026-03-08 17:19:53'),
(82, '540.00', NULL, 5, '2026-03-09', '2026-03-09 07:59:32'),
(83, '500.00', 'Заправка', 1, '2026-03-09', '2026-03-09 09:29:08'),
(84, '450.00', NULL, 5, '2026-03-09', '2026-03-09 13:26:47'),
(85, '330.00', 'Ракиро бор', 5, '2026-03-09', '2026-03-09 13:28:58'),
(86, '280.00', NULL, 1, '2026-03-10', '2026-03-10 04:32:19'),
(87, '1000.00', 'Аренда магазин', 6, '2026-03-10', '2026-03-10 08:18:58'),
(88, '170.00', NULL, 1, '2026-03-10', '2026-03-10 09:16:09'),
(89, '2100.00', 'Ракиро бор', 5, '2026-03-10', '2026-03-10 12:53:41'),
(90, '310.00', 'Себ', 5, '2026-03-10', '2026-03-10 12:53:57'),
(91, '250.00', NULL, 1, '2026-03-11', '2026-03-11 05:29:57'),
(92, '900.00', 'Аренда', 1, '2026-03-11', '2026-03-11 05:30:23'),
(93, '380.00', NULL, 5, '2026-03-11', '2026-03-11 12:56:39'),
(94, '560.00', NULL, 1, '2026-03-13', '2026-03-13 06:58:42'),
(95, '800.00', NULL, 5, '2026-03-13', '2026-03-13 15:18:38'),
(96, '630.00', NULL, 6, '2026-03-14', '2026-03-14 08:29:55'),
(97, '400.00', 'масло ', 1, '2026-03-15', '2026-03-15 08:57:40'),
(98, '1200.00', 'Гӯшт', 5, '2026-03-16', '2026-03-16 17:32:26'),
(99, '1322.00', NULL, 1, '2026-03-19', '2026-03-19 10:42:22');

-- --------------------------------------------------------

--
-- Структура таблицы `products`
--
-- Создание: Фев 05 2026 г., 10:43
-- Последнее обновление: Мар 18 2026 г., 09:21
--

DROP TABLE IF EXISTS `products`;
CREATE TABLE `products` (
  `id` int NOT NULL,
  `name` varchar(255) NOT NULL,
  `manufacturer` varchar(255) DEFAULT NULL,
  `created_at` timestamp NULL DEFAULT CURRENT_TIMESTAMP,
  `image` varchar(500) DEFAULT NULL,
  `notification_threshold` int NOT NULL DEFAULT '10',
  `product_code` varchar(100) DEFAULT NULL
) ENGINE=InnoDB DEFAULT CHARSET=utf8mb3;

--
-- Дамп данных таблицы `products`
--

INSERT INTO `products` (`id`, `name`, `manufacturer`, `created_at`, `image`, `notification_threshold`, `product_code`) VALUES
(1, 'абмотка динам ', NULL, '2026-02-01 14:37:45', NULL, 10, NULL),
(2, 'абойма 204 секунча', NULL, '2026-02-01 14:37:45', NULL, 10, NULL),
(3, 'абойма 205 секунча', NULL, '2026-02-01 14:37:46', NULL, 10, NULL),
(4, 'абойма 206', NULL, '2026-02-01 14:37:46', NULL, 10, NULL),
(5, 'абойма 206 секунча', NULL, '2026-02-01 14:37:47', NULL, 10, NULL),
(6, 'абойма 207 секунча', NULL, '2026-02-01 14:37:48', NULL, 10, NULL),
(7, 'адаптер 1173 шпонка 8', NULL, '2026-02-01 14:37:48', NULL, 10, NULL),
(8, 'адаптер 1174 шпонка 6', NULL, '2026-02-01 14:37:49', NULL, 10, NULL),
(9, 'адаптер болт 8', NULL, '2026-02-01 14:37:49', NULL, 10, NULL),
(10, 'акушник калон тч', NULL, '2026-02-01 14:37:50', NULL, 10, NULL),
(11, 'акушник майда тч', NULL, '2026-02-01 14:37:50', NULL, 10, NULL),
(12, 'амазаторча вом калон', NULL, '2026-02-01 14:37:51', NULL, 10, NULL),
(13, 'амазаторча вом майда ', NULL, '2026-02-01 14:37:51', NULL, 10, NULL),
(14, 'апарат пресс голи', NULL, '2026-02-01 14:37:52', NULL, 10, NULL),
(15, 'апарат пресс збор', NULL, '2026-02-01 14:37:52', NULL, 10, NULL),
(16, 'астойник куна калон', NULL, '2026-02-01 14:37:53', NULL, 10, NULL),
(17, 'астойник куна майда   охан', NULL, '2026-02-01 14:37:53', NULL, 10, NULL),
(18, 'астойник нав збор', NULL, '2026-02-01 14:37:54', NULL, 10, NULL),
(19, 'астойник нав майда арзон', NULL, '2026-02-01 14:37:54', NULL, 10, NULL),
(20, 'астойник нав майда дехен', NULL, '2026-02-01 14:37:55', NULL, 10, NULL),
(21, 'астойник шиша', NULL, '2026-02-01 14:37:55', NULL, 10, NULL),
(22, 'атвал 3х', NULL, '2026-02-01 14:37:56', NULL, 10, NULL),
(23, 'атвал 5х', NULL, '2026-02-01 14:37:56', NULL, 10, NULL),
(24, 'балванка смд калон', NULL, '2026-02-01 14:37:57', NULL, 10, NULL),
(25, 'балванка смд майда', NULL, '2026-02-01 14:37:57', NULL, 10, NULL),
(26, 'биндекс', NULL, '2026-02-01 14:37:58', NULL, 10, NULL),
(27, 'биндекс дехен', NULL, '2026-02-01 14:37:58', NULL, 10, NULL),
(28, 'биндекс нав', NULL, '2026-02-01 14:37:59', NULL, 10, NULL),
(29, 'бич смд', NULL, '2026-02-01 14:37:59', NULL, 10, NULL),
(30, 'болт 75', NULL, '2026-02-01 14:38:00', NULL, 10, NULL),
(31, 'болт балон задни сиё', NULL, '2026-02-01 14:38:00', NULL, 10, NULL),
(32, 'болт башмак калон', NULL, '2026-02-01 14:38:01', NULL, 10, NULL),
(33, 'болт башмак майда', NULL, '2026-02-01 14:38:01', NULL, 10, NULL),
(34, 'болт бич', NULL, '2026-02-01 14:38:02', NULL, 10, NULL),
(35, 'болт галофка дароз', NULL, '2026-02-01 14:38:02', NULL, 10, NULL),
(36, 'болт галофка кута', NULL, '2026-02-01 14:38:03', NULL, 10, NULL),
(37, 'болт каленвал нугаш', NULL, '2026-02-01 14:38:03', NULL, 10, NULL),
(38, 'болт касагон сафед', NULL, '2026-02-01 14:38:04', NULL, 10, NULL),
(39, 'болт касагон смд', NULL, '2026-02-01 14:38:04', NULL, 10, NULL),
(40, 'болт корд пресс 3', NULL, '2026-02-01 14:38:05', NULL, 10, NULL),
(41, 'болт корд пресс 5', NULL, '2026-02-01 14:38:05', NULL, 10, NULL),
(42, 'болт култиватор калон', NULL, '2026-02-01 14:38:06', NULL, 10, NULL),
(43, 'болт култиватор майда', NULL, '2026-02-01 14:38:06', NULL, 10, NULL),
(44, 'болт лапка т-28', NULL, '2026-02-01 14:38:07', NULL, 10, NULL),
(45, 'болт лапка т-40', NULL, '2026-02-01 14:38:07', NULL, 10, NULL),
(46, 'болт лемех зард', NULL, '2026-02-01 14:38:07', NULL, 10, NULL),
(47, 'болт лемех сиё', NULL, '2026-02-01 14:38:08', NULL, 10, NULL),
(48, 'болт маслени т-28', NULL, '2026-02-01 14:38:08', NULL, 10, NULL),
(49, 'болт махавик т-28', NULL, '2026-02-01 14:38:09', NULL, 10, NULL),
(50, 'болт плуг', NULL, '2026-02-01 14:38:09', NULL, 10, NULL),
(51, 'болт сих немка ', NULL, '2026-02-01 14:38:10', NULL, 10, NULL),
(52, 'болт сих пресс', NULL, '2026-02-01 14:38:10', NULL, 10, NULL),
(53, 'болт слиндир калон ', NULL, '2026-02-01 14:38:11', NULL, 10, NULL),
(54, 'болт слиндир майда', NULL, '2026-02-01 14:38:11', NULL, 10, NULL),
(55, 'болт ступиса задни бе гайка', NULL, '2026-02-01 14:38:12', NULL, 10, NULL),
(56, 'болт ступиса перед', NULL, '2026-02-01 14:38:12', NULL, 10, NULL),
(57, 'болт шатун мтз', NULL, '2026-02-01 14:38:13', NULL, 10, NULL),
(58, 'браслет 43з', NULL, '2026-02-01 14:38:13', NULL, 10, NULL),
(59, 'браслет смд', NULL, '2026-02-01 14:38:14', NULL, 10, NULL),
(60, 'бризгавик', NULL, '2026-02-01 14:38:14', NULL, 10, NULL),
(61, 'вал 6*9', NULL, '2026-02-01 14:38:15', NULL, 10, NULL),
(62, 'вал вариатор немка', NULL, '2026-02-01 14:38:15', NULL, 10, NULL),
(63, 'вал вилка мтз', NULL, '2026-02-01 14:38:16', NULL, 10, NULL),
(64, 'вал вилка немка', NULL, '2026-02-01 14:38:16', NULL, 10, NULL),
(65, 'вал вом збор', NULL, '2026-02-01 14:38:17', NULL, 10, NULL),
(66, 'вал вом карона ', NULL, '2026-02-01 14:38:17', NULL, 10, NULL),
(67, 'вал вом резва ', NULL, '2026-02-01 14:38:18', NULL, 10, NULL),
(68, 'вал вом сиё ', NULL, '2026-02-01 14:38:18', NULL, 10, NULL),
(69, 'вал заднимост', NULL, '2026-02-01 14:38:19', NULL, 10, NULL),
(70, 'вал кпп т-25', NULL, '2026-02-01 14:38:19', NULL, 10, NULL),
(71, 'вал лаганд немка ', NULL, '2026-02-01 14:38:20', NULL, 10, NULL),
(72, 'вал муфтучка преес ', NULL, '2026-02-01 14:38:20', NULL, 10, NULL),
(73, 'вал немка 24*6 нугчадор', NULL, '2026-02-01 14:38:20', NULL, 10, NULL),
(74, 'вал немка 50см', NULL, '2026-02-01 14:38:21', NULL, 10, NULL),
(75, 'вал немка жатка дароз', NULL, '2026-02-01 14:38:21', NULL, 10, NULL),
(76, 'вал немка калон 2 ', NULL, '2026-02-01 14:38:22', NULL, 10, NULL),
(77, 'вал немка шкиф вариатор', NULL, '2026-02-01 14:38:22', NULL, 10, NULL),
(78, 'ос хит ', NULL, '2026-02-01 14:38:23', NULL, 10, NULL),
(79, 'вал пд', NULL, '2026-02-01 14:38:23', NULL, 10, NULL),
(80, 'вал разатка', NULL, '2026-02-01 14:38:24', NULL, 10, NULL),
(81, 'вал усилител мтз', NULL, '2026-02-01 14:38:24', NULL, 10, NULL),
(82, 'валча 15 зуба бартавой', NULL, '2026-02-01 14:38:25', NULL, 10, NULL),
(83, 'валча вом 6*24', NULL, '2026-02-01 14:38:25', NULL, 10, NULL),
(84, 'валча вом 8*24', NULL, '2026-02-01 14:38:26', NULL, 10, NULL),
(85, 'валча вом парус', NULL, '2026-02-01 14:38:26', NULL, 10, NULL),
(86, 'валча вом тара сумак', NULL, '2026-02-01 14:38:27', NULL, 10, NULL),
(87, 'валча мтз тормуз', NULL, '2026-02-01 14:38:27', NULL, 10, NULL),
(88, 'валча немка 14з', NULL, '2026-02-01 14:38:28', NULL, 10, NULL),
(89, 'валча немка 20*26', NULL, '2026-02-01 14:38:28', NULL, 10, NULL),
(90, 'валча немка 20*6', NULL, '2026-02-01 14:38:29', NULL, 10, NULL),
(91, 'валча немка дехен 20*20', NULL, '2026-02-01 14:38:29', NULL, 10, NULL),
(92, 'валча передог агро дароз', NULL, '2026-02-01 14:38:30', NULL, 10, NULL),
(93, 'валча передог агро кута', NULL, '2026-02-01 14:38:30', NULL, 10, NULL),
(94, 'валча передог дароз', NULL, '2026-02-01 14:38:31', NULL, 10, NULL),
(95, 'валча передог кута', NULL, '2026-02-01 14:38:31', NULL, 10, NULL),
(96, 'валча передог тара дароз', NULL, '2026-02-01 14:38:31', NULL, 10, NULL),
(97, 'валча передог тара кута', NULL, '2026-02-01 14:38:32', NULL, 10, NULL),
(98, 'валча пресс 8*8', NULL, '2026-02-01 14:38:32', NULL, 10, NULL),
(99, 'валча пресс гушак', NULL, '2026-02-01 14:38:33', NULL, 10, NULL),
(100, 'валча т-40', NULL, '2026-02-01 14:38:33', NULL, 10, NULL),
(101, 'валча хваставик', NULL, '2026-02-01 14:38:34', NULL, 10, NULL),
(102, 'виж 213', NULL, '2026-02-01 14:38:34', NULL, 10, NULL),
(103, 'виж 217', NULL, '2026-02-01 14:38:35', NULL, 10, NULL),
(104, 'виж 714', NULL, '2026-02-01 14:38:35', NULL, 10, NULL),
(105, 'виж немка', NULL, '2026-02-01 14:38:36', NULL, 10, NULL),
(106, 'вилка вижимной', NULL, '2026-02-01 14:38:36', NULL, 10, NULL),
(107, 'вилка немка ', NULL, '2026-02-01 14:38:37', NULL, 10, NULL),
(108, 'вилка разатка', NULL, '2026-02-01 14:38:37', NULL, 10, NULL),
(109, 'вилка ричак пп', NULL, '2026-02-01 14:38:38', NULL, 10, NULL),
(110, 'винес калон', NULL, '2026-02-01 14:38:38', NULL, 10, NULL),
(111, 'винес майда', NULL, '2026-02-01 14:38:39', NULL, 10, NULL),
(112, 'вкл мтз н1 кар ', NULL, '2026-02-01 14:38:39', NULL, 10, NULL),
(113, 'вкл мтз н1 шат ', NULL, '2026-02-01 14:38:39', NULL, 10, NULL),
(114, 'вкл мтз н2 кар ', NULL, '2026-02-01 14:38:40', NULL, 10, NULL),
(115, 'вкл мтз н2 шат', NULL, '2026-02-01 14:38:40', NULL, 10, NULL),
(116, 'вкл мтз р1 кар', NULL, '2026-02-01 14:38:41', NULL, 10, NULL),
(117, 'вкл мтз р1 шат ', NULL, '2026-02-01 14:38:41', NULL, 10, NULL),
(118, 'вкл мтз р2 кар', NULL, '2026-02-01 14:38:42', NULL, 10, NULL),
(119, 'вкл мтз р2 шат', NULL, '2026-02-01 14:38:42', NULL, 10, NULL),
(120, 'вкл мтз р3 кар ', NULL, '2026-02-01 14:38:43', NULL, 10, NULL),
(121, 'вкл мтз р3 шат ', NULL, '2026-02-01 14:38:43', NULL, 10, NULL),
(122, 'вкл мтз р4 кар ', NULL, '2026-02-01 14:38:44', NULL, 10, NULL),
(123, 'вкл смд20 н1 кар', NULL, '2026-02-01 14:38:44', NULL, 10, NULL),
(124, 'вкл смд20 н1 шат', NULL, '2026-02-01 14:38:45', NULL, 10, NULL),
(125, 'вкл смд20 н2 кар', NULL, '2026-02-01 14:38:45', NULL, 10, NULL),
(126, 'вкл смд20 н2 шат ', NULL, '2026-02-01 14:38:46', NULL, 10, NULL),
(127, 'вкл т-28 н1 кар', NULL, '2026-02-01 14:38:46', NULL, 10, NULL),
(128, 'вкл т-28 н1 шат', NULL, '2026-02-01 14:38:47', NULL, 10, NULL),
(129, 'вкл т-28 н2 кар', NULL, '2026-02-01 14:38:47', NULL, 10, NULL),
(130, 'вкл т-28 н2 шат', NULL, '2026-02-01 14:38:48', NULL, 10, NULL),
(131, 'вкл т-28 р1 кар', NULL, '2026-02-01 14:38:48', NULL, 10, NULL),
(132, 'вкл т-28 р1 шат', NULL, '2026-02-01 14:38:49', NULL, 10, NULL),
(133, 'вкл т-28 р2 кар', NULL, '2026-02-01 14:38:50', NULL, 10, NULL),
(134, 'вкл т-28 р2 шат', NULL, '2026-02-01 14:38:51', NULL, 10, NULL),
(135, 'вкл т-28 р3 кар', NULL, '2026-02-01 14:38:52', NULL, 10, NULL),
(136, 'вкл т-28 р3 шат ', NULL, '2026-02-01 14:38:53', NULL, 10, NULL),
(137, 'вкл юмз н1 кар ', NULL, '2026-02-01 14:38:54', NULL, 10, NULL),
(138, 'вкл юмз н1 шат ', NULL, '2026-02-01 14:38:54', NULL, 10, NULL),
(139, 'вкл юмз р1 кар ', NULL, '2026-02-01 14:38:55', NULL, 10, NULL),
(140, 'вкл юмз р1 шат', NULL, '2026-02-01 14:38:55', NULL, 10, NULL),
(141, 'вкл юмз р3 кар ', NULL, '2026-02-01 14:38:56', NULL, 10, NULL),
(142, 'вкл юмз р3 шат', NULL, '2026-02-01 14:38:57', NULL, 10, NULL),
(143, 'включатель 1', NULL, '2026-02-01 14:38:57', NULL, 10, 'J632'),
(144, 'включатель 2', NULL, '2026-02-01 14:38:58', NULL, 10, 'J633'),
(145, 'включатель 3', NULL, '2026-02-01 14:38:58', NULL, 10, 'J634'),
(146, 'включатель 4', NULL, '2026-02-01 14:38:59', NULL, 10, 'J635'),
(147, 'включатель 6', NULL, '2026-02-01 14:38:59', NULL, 10, 'J640'),
(148, 'воздух мтз 80 куна', NULL, '2026-02-01 14:38:59', NULL, 10, NULL),
(149, 'вом мтз куна', NULL, '2026-02-01 14:39:00', NULL, 10, NULL),
(150, 'вом мтз нав', NULL, '2026-02-01 14:39:01', NULL, 10, NULL),
(151, 'восмёрка немка', NULL, '2026-02-01 14:39:02', NULL, 10, NULL),
(152, 'втаришни вал 18*25', NULL, '2026-02-01 14:39:02', NULL, 10, NULL),
(153, 'гайка 45з', NULL, '2026-02-01 14:39:03', NULL, 10, NULL),
(154, 'гайка башмак калон', NULL, '2026-02-01 14:39:03', NULL, 10, NULL),
(155, 'гайка валча передог', NULL, '2026-02-01 14:39:04', NULL, 10, NULL),
(156, 'гайка вариатор немка', NULL, '2026-02-01 14:39:04', NULL, 10, NULL),
(157, 'гайка култиватор ', NULL, '2026-02-01 14:39:04', NULL, 10, NULL),
(158, 'гайка ос ', NULL, '2026-02-01 14:39:05', NULL, 10, NULL),
(159, 'гайка ос-1', NULL, '2026-02-01 14:39:06', NULL, 10, NULL),
(160, 'гайка пресс спес', NULL, '2026-02-01 14:39:06', NULL, 10, NULL),
(161, 'гайка пресс Т', NULL, '2026-02-01 14:39:07', NULL, 10, NULL),
(162, 'гайка пресс Т2х', NULL, '2026-02-01 14:39:08', NULL, 10, NULL),
(163, 'гайка ступиса задни', NULL, '2026-02-01 14:39:09', NULL, 10, NULL),
(164, 'гайка т-28 мёртви вал', NULL, '2026-02-01 14:39:10', NULL, 10, NULL),
(165, 'гайка телешка 27', NULL, '2026-02-01 14:39:10', NULL, 10, NULL),
(166, 'гайка турбавал', NULL, '2026-02-01 14:39:11', NULL, 10, NULL),
(167, 'гайка шпилка галофка', NULL, '2026-02-01 14:39:11', NULL, 10, NULL),
(168, 'галофка 1221', NULL, '2026-02-01 14:39:12', NULL, 10, NULL),
(169, 'галофка мтз', NULL, '2026-02-01 14:39:12', NULL, 10, NULL),
(170, 'галофка смд', NULL, '2026-02-01 14:39:13', NULL, 10, NULL),
(171, 'герметик', NULL, '2026-02-01 14:39:14', NULL, 10, NULL),
(172, 'гидрабачок', NULL, '2026-02-01 14:39:15', NULL, 10, NULL),
(173, 'гидранасос', NULL, '2026-02-01 14:39:15', NULL, 10, NULL),
(174, 'гилза мтз', NULL, '2026-02-01 14:39:16', NULL, 10, NULL),
(175, 'гилза пд', NULL, '2026-02-01 14:39:16', NULL, 10, NULL),
(176, 'гилза передог', NULL, '2026-02-01 14:39:17', NULL, 10, NULL),
(177, 'гилза поршен 260 экспорт', NULL, '2026-02-01 14:39:17', NULL, 10, NULL),
(178, 'гилза поршен А-01', NULL, '2026-02-01 14:39:18', NULL, 10, NULL),
(179, 'гилза поршен кастрама', NULL, '2026-02-01 14:39:18', NULL, 10, NULL),
(180, 'гилза поршен мтз дехен', NULL, '2026-02-01 14:39:19', NULL, 10, NULL),
(181, 'гилза поршен мтз экспорт', NULL, '2026-02-01 14:39:20', NULL, 10, NULL),
(182, 'гилза поршен т-28 дехен', NULL, '2026-02-01 14:39:20', NULL, 10, NULL),
(183, 'гилза т-28', NULL, '2026-02-01 14:39:21', NULL, 10, NULL),
(184, 'гилза поршен мтз китат', NULL, '2026-02-01 14:39:21', NULL, 10, NULL),
(185, 'гитара мтз', NULL, '2026-02-01 14:39:21', NULL, 10, NULL),
(186, 'глазок смд', NULL, '2026-02-01 14:39:23', NULL, 10, NULL),
(187, 'глушител мтз дароз', NULL, '2026-02-01 14:39:23', NULL, 10, NULL),
(188, 'глушител мтз кута', NULL, '2026-02-01 14:39:23', NULL, 10, NULL),
(189, 'глушител т-28', NULL, '2026-02-01 14:39:24', NULL, 10, NULL),
(190, 'гофра т-28', NULL, '2026-02-01 14:39:25', NULL, 10, NULL),
(191, 'грабил 4*60', NULL, '2026-02-01 14:39:25', NULL, 10, NULL),
(192, 'грабил 4*80', NULL, '2026-02-01 14:39:26', NULL, 10, NULL),
(193, 'грабил 8', NULL, '2026-02-01 14:39:27', NULL, 10, NULL),
(194, 'граната пресс', NULL, '2026-02-01 14:39:28', NULL, 10, NULL),
(195, 'дабавка', NULL, '2026-02-01 14:39:29', NULL, 10, NULL),
(196, 'дабавка калон ', NULL, '2026-02-01 14:39:29', NULL, 10, NULL),
(197, 'дазатор арзон', NULL, '2026-02-01 14:39:29', NULL, 10, NULL),
(198, 'дазатор гидраматур', NULL, '2026-02-01 14:39:30', NULL, 10, NULL),
(199, 'дазатор дехен 100', NULL, '2026-02-01 14:39:30', NULL, 10, NULL),
(200, 'дазатор дехен 160', NULL, '2026-02-01 14:39:31', NULL, 10, NULL),
(201, 'дазатор зард', NULL, '2026-02-01 14:39:32', NULL, 10, NULL),
(202, 'дазатор мтз 1221 кавут', NULL, '2026-02-01 14:39:33', NULL, 10, NULL),
(203, 'дазатор мтз кирпич', NULL, '2026-02-01 14:39:33', NULL, 10, NULL),
(204, 'дазатор мтз кирпич рус', NULL, '2026-02-01 14:39:34', NULL, 10, NULL),
(205, 'дазатор сиё 200', NULL, '2026-02-01 14:39:35', NULL, 10, NULL),
(206, 'дазатор ттз арзон', NULL, '2026-02-01 14:39:35', NULL, 10, NULL),
(207, 'даста дар мтз дарун ', NULL, '2026-02-01 14:39:36', NULL, 10, NULL),
(208, 'дачик ампер ', NULL, '2026-02-01 14:39:36', NULL, 10, NULL),
(209, 'дачик бак 1штекер', NULL, '2026-02-01 14:39:37', NULL, 10, NULL),
(210, 'дачик бак 2штекер дароз', NULL, '2026-02-01 14:39:38', NULL, 10, NULL),
(211, 'дачик бак 2штекер кута', NULL, '2026-02-01 14:39:39', NULL, 10, NULL),
(212, 'дачик бак 3штекер', NULL, '2026-02-01 14:39:40', NULL, 10, NULL),
(213, 'дачик масло ', NULL, '2026-02-01 14:39:41', NULL, 10, NULL),
(214, 'дачик масло 10', NULL, '2026-02-01 14:39:41', NULL, 10, NULL),
(215, 'дачик масло арзон', NULL, '2026-02-01 14:39:42', NULL, 10, NULL),
(216, 'дачик масло бучка', NULL, '2026-02-01 14:39:42', NULL, 10, NULL),
(217, 'дачик масло сафед калон', NULL, '2026-02-01 14:39:43', NULL, 10, 'T734'),
(218, 'дачик масло сафед майда', NULL, '2026-02-01 14:39:43', NULL, 10, 'J919'),
(219, 'дачик нав калон збор', NULL, '2026-02-01 14:39:44', NULL, 10, NULL),
(220, 'дачик об ', NULL, '2026-02-01 14:39:44', NULL, 10, NULL),
(221, 'дачик об зард болт', NULL, '2026-02-01 14:39:45', NULL, 10, 'D297'),
(222, 'дачик об зард майда', NULL, '2026-02-01 14:39:46', NULL, 10, 'J934'),
(223, 'дачик об зард штекер', NULL, '2026-02-01 14:39:48', NULL, 10, 'B556'),
(224, 'дачик об зард штекер сафед', NULL, '2026-02-01 14:39:48', NULL, 10, 'H007'),
(225, 'дачик об зард штекер сиё', NULL, '2026-02-01 14:39:49', NULL, 10, 'J936'),
(226, 'дачик об электрони круг', NULL, '2026-02-01 14:39:49', NULL, 10, NULL),
(227, 'дачик об электрони куна', NULL, '2026-02-01 14:39:50', NULL, 10, NULL),
(228, 'дачик об электрони рост', NULL, '2026-02-01 14:39:50', NULL, 10, NULL),
(229, 'дачик пласмас', NULL, '2026-02-01 14:39:51', NULL, 10, 'T633'),
(230, 'дачик сако штекер сафед', NULL, '2026-02-01 14:39:52', NULL, 10, 'T634'),
(231, 'дачик тормуз сако лягушка', NULL, '2026-02-01 14:39:52', NULL, 10, 'J917'),
(232, 'динам 1000', NULL, '2026-02-01 14:39:53', NULL, 10, NULL),
(233, 'динам 1150 дехен', NULL, '2026-02-01 14:39:54', NULL, 10, NULL),
(234, 'динам 24в', NULL, '2026-02-01 14:39:54', NULL, 10, NULL),
(235, 'динам 700', NULL, '2026-02-01 14:39:55', NULL, 10, NULL),
(236, 'динам чубан ', NULL, '2026-02-01 14:39:56', NULL, 10, NULL),
(237, 'дипламат зард ', NULL, '2026-02-01 14:39:56', NULL, 10, NULL),
(238, 'дипламат кавут', NULL, '2026-02-01 14:39:57', NULL, 10, NULL),
(239, 'дипламат сурх', NULL, '2026-02-01 14:39:58', NULL, 10, NULL),
(240, 'диск доручошак узб', NULL, '2026-02-01 14:39:59', NULL, 10, NULL),
(241, 'дифизор', NULL, '2026-02-01 14:40:00', NULL, 10, NULL),
(242, 'дифиренсиал мтз пеш ступиса куна', NULL, '2026-02-01 14:40:01', NULL, 10, NULL),
(243, 'дост без пянка', NULL, '2026-02-01 14:40:01', NULL, 10, NULL),
(244, 'дост немка ', NULL, '2026-02-01 14:40:02', NULL, 10, NULL),
(245, 'дост прастой ', NULL, '2026-02-01 14:40:02', NULL, 10, NULL),
(246, 'дост шумахер болт', NULL, '2026-02-01 14:40:03', NULL, 10, NULL),
(247, 'дост шумахер заклёбка', NULL, '2026-02-01 14:40:03', NULL, 10, NULL),
(248, 'дуга пресс', NULL, '2026-02-01 14:40:04', NULL, 10, NULL),
(249, 'душча', NULL, '2026-02-01 14:40:04', NULL, 10, NULL),
(250, 'забони гов', NULL, '2026-02-01 14:40:05', NULL, 10, NULL),
(251, 'заднивид', NULL, '2026-02-01 14:40:05', NULL, 10, NULL),
(252, 'заднивид кабина', NULL, '2026-02-01 14:40:06', NULL, 10, NULL),
(253, 'зажим каселка калон', NULL, '2026-02-01 14:40:06', NULL, 10, NULL),
(254, 'зажим каселка майда', NULL, '2026-02-01 14:40:07', NULL, 10, NULL),
(255, 'зажим каселка чугун ачки', NULL, '2026-02-01 14:40:07', NULL, 10, NULL),
(256, 'зажим каселка шайбо', NULL, '2026-02-01 14:40:08', NULL, 10, NULL),
(257, 'зажим пресс', NULL, '2026-02-01 14:40:08', NULL, 10, NULL),
(258, 'зажим смд', NULL, '2026-02-01 14:40:09', NULL, 10, NULL),
(259, 'заклёбка борик дароз ', NULL, '2026-02-01 14:40:10', NULL, 10, NULL),
(260, 'заклёбка борик кута', NULL, '2026-02-01 14:40:10', NULL, 10, NULL),
(261, 'заклёбка гафс кута ', NULL, '2026-02-01 14:40:11', NULL, 10, NULL),
(262, 'замок 15,5', NULL, '2026-02-01 14:40:11', NULL, 10, NULL),
(263, 'замок 19', NULL, '2026-02-01 14:40:12', NULL, 10, NULL),
(264, 'замок дар збор', NULL, '2026-02-01 14:40:12', NULL, 10, NULL),
(265, 'замок зажигани 3', NULL, '2026-02-01 14:40:13', NULL, 10, NULL),
(266, 'замок зажигани 4', NULL, '2026-02-01 14:40:13', NULL, 10, NULL),
(267, 'замок куна куна', NULL, '2026-02-01 14:40:14', NULL, 10, NULL),
(268, 'замок куна майда', NULL, '2026-02-01 14:40:15', NULL, 10, NULL),
(269, 'замок транспартиёр', NULL, '2026-02-01 14:40:15', NULL, 10, NULL),
(270, 'звёздочка 10з', NULL, '2026-02-01 14:40:16', NULL, 10, NULL),
(271, 'звёздочка 25 кавут', NULL, '2026-02-01 14:40:16', NULL, 10, NULL),
(272, 'звёздочка 25 сурх', NULL, '2026-02-01 14:40:17', NULL, 10, NULL),
(273, 'звёздочка 7з калон', NULL, '2026-02-01 14:40:18', NULL, 10, NULL),
(274, 'звёздочка 7з майда', NULL, '2026-02-01 14:40:18', NULL, 10, NULL),
(275, 'звёздочка 7з средни', NULL, '2026-02-01 14:40:19', NULL, 10, NULL),
(276, 'звёздочка немка 12', NULL, '2026-02-01 14:40:20', NULL, 10, NULL),
(277, 'звёздочка немка калон', NULL, '2026-02-01 14:40:20', NULL, 10, NULL),
(278, 'звёздочка пресс 22з размер', NULL, '2026-02-01 14:40:21', NULL, 10, NULL),
(279, 'звёздочка пресс зард 16з', NULL, '2026-02-01 14:40:21', NULL, 10, NULL),
(280, 'звёздочка смд 20з', NULL, '2026-02-01 14:40:21', NULL, 10, NULL),
(281, 'зуббарана', NULL, '2026-02-01 14:40:22', NULL, 10, NULL),
(282, 'игла немка ', NULL, '2026-02-01 14:40:22', NULL, 10, NULL),
(283, 'игла пресс', NULL, '2026-02-01 14:40:23', NULL, 10, NULL),
(284, 'искрагасител', NULL, '2026-02-01 14:40:23', NULL, 10, NULL),
(285, 'кавлезак куна', NULL, '2026-02-01 14:40:24', NULL, 10, NULL),
(286, 'кавлезак нав', NULL, '2026-02-01 14:40:24', NULL, 10, NULL),
(287, 'кавлезак нав дароз', NULL, '2026-02-01 14:40:25', NULL, 10, NULL),
(288, 'кайчи пресс', NULL, '2026-02-01 14:40:25', NULL, 10, NULL),
(289, 'калектор 1221 дароз', NULL, '2026-02-01 14:40:26', NULL, 10, NULL),
(290, 'калектор 1221 кута', NULL, '2026-02-01 14:40:26', NULL, 10, NULL),
(291, 'калектор куна', NULL, '2026-02-01 14:40:27', NULL, 10, NULL),
(292, 'калектор нав', NULL, '2026-02-01 14:40:27', NULL, 10, NULL),
(293, 'калена мтз', NULL, '2026-02-01 14:40:28', NULL, 10, NULL),
(294, 'калена нав', NULL, '2026-02-01 14:40:28', NULL, 10, NULL),
(295, 'калена нш 32 агро', NULL, '2026-02-01 14:40:29', NULL, 10, NULL),
(296, 'калена т-28', NULL, '2026-02-01 14:40:29', NULL, 10, NULL),
(297, 'калена турба турбо', NULL, '2026-02-01 14:40:30', NULL, 10, NULL),
(298, 'калена турбо 27', NULL, '2026-02-01 14:40:31', NULL, 10, NULL),
(299, 'каленвал 1221', NULL, '2026-02-01 14:40:31', NULL, 10, NULL),
(300, 'каленвал мтз', NULL, '2026-02-01 14:40:32', NULL, 10, NULL),
(301, 'каленвал мтз завод', NULL, '2026-02-01 14:40:32', NULL, 10, NULL),
(302, 'каленвал т-25', NULL, '2026-02-01 14:40:32', NULL, 10, NULL),
(303, 'каленвал т-28', NULL, '2026-02-01 14:40:33', NULL, 10, NULL),
(304, 'каленвал юмз', NULL, '2026-02-01 14:40:33', NULL, 10, NULL),
(305, 'кампрессор ', NULL, '2026-02-01 14:40:34', NULL, 10, NULL),
(306, 'канот акушник калон тч', NULL, '2026-02-01 14:40:34', NULL, 10, NULL),
(307, 'канот акушник майда тч', NULL, '2026-02-01 14:40:35', NULL, 10, NULL),
(308, 'карамисло т-28', NULL, '2026-02-01 14:40:35', NULL, 10, NULL),
(309, 'карбратор пд', NULL, '2026-02-01 14:40:36', NULL, 10, NULL),
(310, 'кардан дароз 6*6', NULL, '2026-02-01 14:40:37', NULL, 10, NULL),
(311, 'кардан дароз 6*6 турк', NULL, '2026-02-01 14:40:38', NULL, 10, NULL),
(312, 'кардан дароз 6*8', NULL, '2026-02-01 14:40:39', NULL, 10, NULL),
(313, 'кардан дароз 6*8 турк', NULL, '2026-02-01 14:40:39', NULL, 10, NULL),
(314, 'кардан дароз 8*8  ', NULL, '2026-02-01 14:40:40', NULL, 10, NULL),
(315, 'кардан калон  6*6', NULL, '2026-02-01 14:40:40', NULL, 10, NULL),
(316, 'кардан калон  6*8', NULL, '2026-02-01 14:40:41', NULL, 10, NULL),
(317, 'кардан калон  8*8', NULL, '2026-02-01 14:40:41', NULL, 10, NULL),
(318, 'кардан майда 6*6', NULL, '2026-02-01 14:40:41', NULL, 10, NULL),
(319, 'кардан майда 6*8', NULL, '2026-02-01 14:40:43', NULL, 10, NULL),
(320, 'кардан майда 8*8', NULL, '2026-02-01 14:40:44', NULL, 10, NULL),
(321, 'кардан мтз ', NULL, '2026-02-01 14:40:44', NULL, 10, NULL),
(322, 'кардан мтз збор', NULL, '2026-02-01 14:40:45', NULL, 10, NULL),
(323, 'кардон', NULL, '2026-02-01 14:40:45', NULL, 10, NULL),
(324, 'кардон 0,6', NULL, '2026-02-01 14:40:46', NULL, 10, NULL),
(325, 'кардон 1', NULL, '2026-02-01 14:40:46', NULL, 10, NULL),
(326, 'кардон 1,25', NULL, '2026-02-01 14:40:47', NULL, 10, NULL),
(327, 'кардон 1,5', NULL, '2026-02-01 14:40:48', NULL, 10, NULL),
(328, 'карзина 75', NULL, '2026-02-01 14:40:48', NULL, 10, NULL),
(329, 'карзина мтз', NULL, '2026-02-01 14:40:49', NULL, 10, NULL),
(330, 'карзина мтз нав', NULL, '2026-02-01 14:40:49', NULL, 10, NULL),
(331, 'карзина немка', NULL, '2026-02-01 14:40:50', NULL, 10, NULL),
(332, 'карзина пресс', NULL, '2026-02-01 14:40:50', NULL, 10, NULL),
(333, 'карзина т-16', NULL, '2026-02-01 14:40:51', NULL, 10, NULL),
(334, 'карзина т-25', NULL, '2026-02-01 14:40:51', NULL, 10, NULL),
(335, 'карзина юмз', NULL, '2026-02-01 14:40:52', NULL, 10, NULL),
(336, 'качвал немка', NULL, '2026-02-01 14:40:52', NULL, 10, NULL),
(337, 'клапан мтз дехен калон ', NULL, '2026-02-01 14:40:53', NULL, 10, NULL),
(338, 'клапан мтз дехен майда', NULL, '2026-02-01 14:40:53', NULL, 10, NULL),
(339, 'клапан мтз калон', NULL, '2026-02-01 14:40:54', NULL, 10, NULL),
(340, 'клапан мтз майда', NULL, '2026-02-01 14:40:55', NULL, 10, NULL),
(341, 'клапан т-28 дехен калон', NULL, '2026-02-01 14:40:56', NULL, 10, NULL),
(342, 'клапан т-28 дехен майда', NULL, '2026-02-01 14:40:56', NULL, 10, NULL),
(343, 'клапан т-28 супер калон', NULL, '2026-02-01 14:40:57', NULL, 10, NULL),
(344, 'клапан т-28 супер майда', NULL, '2026-02-01 14:40:59', NULL, 10, NULL),
(345, 'клапн смд сафед калон', NULL, '2026-02-01 14:40:59', NULL, 10, NULL),
(346, 'клапн смд сафед майда', NULL, '2026-02-01 14:41:00', NULL, 10, NULL),
(347, 'кобра куна', NULL, '2026-02-01 14:41:00', NULL, 10, NULL),
(348, 'колса А-01', NULL, '2026-02-01 14:41:02', NULL, 10, NULL),
(349, 'колса А-01 кастрама рем', NULL, '2026-02-01 14:41:03', NULL, 10, NULL),
(350, 'колса А-01 кмз', NULL, '2026-02-01 14:41:03', NULL, 10, NULL),
(351, 'колса компрессор', NULL, '2026-02-01 14:41:04', NULL, 10, NULL),
(352, 'колса мтз 260 кастрам ', NULL, '2026-02-01 14:41:04', NULL, 10, NULL),
(353, 'колса мтз 260 прима', NULL, '2026-02-01 14:41:05', NULL, 10, NULL),
(354, 'колса мтз 260 стр ', NULL, '2026-02-01 14:41:05', NULL, 10, NULL),
(355, 'колса мтз кастрама', NULL, '2026-02-01 14:41:07', NULL, 10, NULL),
(356, 'колса мтз кмз зангор', NULL, '2026-02-01 14:41:08', NULL, 10, NULL),
(357, 'колса мтз кмз кавут', NULL, '2026-02-01 14:41:09', NULL, 10, NULL),
(358, 'колса мтз мармот  ', NULL, '2026-02-01 14:41:10', NULL, 10, NULL),
(359, 'колса мтз прима', NULL, '2026-02-01 14:41:11', NULL, 10, NULL),
(360, 'колса мтз прима рем', NULL, '2026-02-01 14:41:11', NULL, 10, NULL),
(361, 'колса мтз рус', NULL, '2026-02-01 14:41:12', NULL, 10, NULL),
(362, 'колса мтз стр арзон', NULL, '2026-02-01 14:41:13', NULL, 10, NULL),
(363, 'колса мтз стр кимат', NULL, '2026-02-01 14:41:13', NULL, 10, NULL),
(364, 'колса пд р2', NULL, '2026-02-01 14:41:16', NULL, 10, NULL),
(365, 'колса смд рус адесса', NULL, '2026-02-01 14:41:17', NULL, 10, NULL),
(366, 'колса т-28 рус 105.7', NULL, '2026-02-01 14:41:18', NULL, 10, NULL),
(367, 'колса т-28 кас 105  ', NULL, '2026-02-01 14:41:19', NULL, 10, NULL),
(368, 'колса т-28 кас 105,7', NULL, '2026-02-01 14:41:19', NULL, 10, NULL),
(369, 'колса т-28 кмз 105,7', NULL, '2026-02-01 14:41:20', NULL, 10, NULL),
(370, 'колса т-28 мармот 105', NULL, '2026-02-01 14:41:21', NULL, 10, NULL),
(371, 'колса т-28 мармот 105,7', NULL, '2026-02-01 14:41:25', NULL, 10, NULL),
(372, 'колса т-28 мармот 105,7 рус', NULL, '2026-02-01 14:41:25', NULL, 10, NULL),
(373, 'колса т-28 стр 105', NULL, '2026-02-01 14:41:26', NULL, 10, NULL),
(374, 'колса т-28 стр105,7', NULL, '2026-02-01 14:41:26', NULL, 10, NULL),
(375, 'колса хром 105  ', NULL, '2026-02-01 14:41:27', NULL, 10, NULL),
(376, 'колса хром 105,7', NULL, '2026-02-01 14:41:27', NULL, 10, NULL),
(377, 'колса хром 260', NULL, '2026-02-01 14:41:28', NULL, 10, NULL),
(378, 'колса хром А-01', NULL, '2026-02-01 14:41:28', NULL, 10, NULL),
(379, 'колса хром мтз', NULL, '2026-02-01 14:41:29', NULL, 10, NULL),
(380, 'колса хром смд', NULL, '2026-02-01 14:41:29', NULL, 10, NULL),
(381, 'корд пресс 3', NULL, '2026-02-01 14:41:30', NULL, 10, NULL),
(382, 'корд пресс 5', NULL, '2026-02-01 14:41:30', NULL, 10, NULL),
(383, 'корд ротер турк 01', NULL, '2026-02-01 14:41:31', NULL, 10, NULL),
(384, 'корд ротер турк 02', NULL, '2026-02-01 14:41:32', NULL, 10, NULL),
(385, 'кордча пресс', NULL, '2026-02-01 14:41:32', NULL, 10, NULL),
(386, 'корпус F210  немка', NULL, '2026-02-01 14:41:33', NULL, 10, NULL),
(387, 'корпус вом лента', NULL, '2026-02-01 14:41:33', NULL, 10, NULL),
(388, 'корпус вом лента шес', NULL, '2026-02-01 14:41:34', NULL, 10, NULL),
(389, 'корпус збор 208', NULL, '2026-02-01 14:41:34', NULL, 10, NULL),
(390, 'корпус передог', NULL, '2026-02-01 14:41:35', NULL, 10, NULL),
(391, 'корпус передог л', NULL, '2026-02-01 14:41:35', NULL, 10, NULL),
(392, 'корпус передог п', NULL, '2026-02-01 14:41:37', NULL, 10, NULL),
(393, 'корпус саталит', NULL, '2026-02-01 14:41:38', NULL, 10, NULL),
(394, 'корпус термостат 1221', NULL, '2026-02-01 14:41:39', NULL, 10, NULL),
(395, 'коса пресс збор', NULL, '2026-02-01 14:41:39', NULL, 10, NULL),
(396, 'кошукча смд', NULL, '2026-02-01 14:41:41', NULL, 10, NULL),
(397, 'крайник бак', NULL, '2026-02-01 14:41:41', NULL, 10, NULL),
(398, 'крайник блок', NULL, '2026-02-01 14:41:42', NULL, 10, NULL),
(399, 'крайник кран 24*24', NULL, '2026-02-01 14:41:47', NULL, 10, NULL),
(400, 'крайник кран 24*24*24', NULL, '2026-02-01 14:41:50', NULL, 10, NULL),
(401, 'крайник кран 32*32', NULL, '2026-02-01 14:41:52', NULL, 10, NULL),
(402, 'крайник кран 32*32*32', NULL, '2026-02-01 14:41:53', NULL, 10, NULL),
(403, 'крайник радиатор', NULL, '2026-02-01 14:41:54', NULL, 10, NULL),
(404, 'крило мтз пласмас', NULL, '2026-02-01 14:41:55', NULL, 10, NULL),
(405, 'криставина 53 ', NULL, '2026-02-01 14:41:55', NULL, 10, NULL),
(406, 'криставина кардан мтз', NULL, '2026-02-01 14:41:56', NULL, 10, NULL),
(407, 'криставина кардан прастой', NULL, '2026-02-01 14:41:56', NULL, 10, NULL),
(408, 'криставина рул', NULL, '2026-02-01 14:41:58', NULL, 10, NULL),
(409, 'криставина рул мтз збор', NULL, '2026-02-01 14:42:01', NULL, 10, NULL),
(410, 'криставина рул ттз', NULL, '2026-02-01 14:42:02', NULL, 10, NULL),
(411, 'криставина т-28 збор', NULL, '2026-02-01 14:42:04', NULL, 10, NULL),
(412, 'криставина шарнир L38', NULL, '2026-02-01 14:42:05', NULL, 10, NULL),
(413, 'криставина шарнир L45', NULL, '2026-02-01 14:42:05', NULL, 10, NULL),
(414, 'кричатка юмз', NULL, '2026-02-01 14:42:06', NULL, 10, NULL),
(415, 'кришка алюмен 1221', NULL, '2026-02-01 14:42:07', NULL, 10, NULL),
(416, 'кришка алюмен мтз 80', NULL, '2026-02-01 14:42:09', NULL, 10, NULL),
(417, 'кришка бак алюмен', NULL, '2026-02-01 14:42:12', NULL, 10, NULL),
(418, 'кришка бак мтз куна', NULL, '2026-02-01 14:42:14', NULL, 10, NULL),
(419, 'кришка бак пласмас', NULL, '2026-02-01 14:42:15', NULL, 10, NULL),
(420, 'кришка вом ', NULL, '2026-02-01 14:42:17', NULL, 10, NULL),
(421, 'кришка галофка', NULL, '2026-02-01 14:42:19', NULL, 10, NULL),
(422, 'кришка гарлавина', NULL, '2026-02-01 14:42:21', NULL, 10, NULL),
(423, 'кришка дозатор алюмен 4 гушак', NULL, '2026-02-01 14:42:22', NULL, 10, NULL),
(424, 'кришка рад пласмас верх', NULL, '2026-02-01 14:42:23', NULL, 10, NULL),
(425, 'кришка рад пласмас таг', NULL, '2026-02-01 14:42:24', NULL, 10, NULL),
(426, 'кришка радиатор', NULL, '2026-02-01 14:42:25', NULL, 10, NULL),
(427, 'кришка радиатор верх', NULL, '2026-02-01 14:42:26', NULL, 10, NULL),
(428, 'кришка радиатор вниз', NULL, '2026-02-01 14:42:27', NULL, 10, NULL),
(429, 'кришка разатка зард', NULL, '2026-02-01 14:42:27', NULL, 10, NULL),
(430, 'кришка редуктор ', NULL, '2026-02-01 14:42:28', NULL, 10, NULL),
(431, 'кришка редуктор зуб', NULL, '2026-02-01 14:42:29', NULL, 10, NULL),
(432, 'кришка ступитса тунука', NULL, '2026-02-01 14:42:29', NULL, 10, NULL),
(433, 'кручок пресс арзон', NULL, '2026-02-01 14:42:30', NULL, 10, NULL),
(434, 'кручок пресс нагз', NULL, '2026-02-01 14:42:30', NULL, 10, NULL),
(435, 'лаганд карзина немка', NULL, '2026-02-01 14:42:31', NULL, 10, NULL),
(436, 'лаганд мтз куна', NULL, '2026-02-01 14:42:31', NULL, 10, NULL),
(437, 'лаганд мтз нав ', NULL, '2026-02-01 14:42:32', NULL, 10, NULL),
(438, 'ланжирон л', NULL, '2026-02-01 14:42:32', NULL, 10, NULL),
(439, 'ланжирон п', NULL, '2026-02-01 14:42:33', NULL, 10, NULL),
(440, 'лапка 75', NULL, '2026-02-01 14:42:34', NULL, 10, NULL),
(441, 'лапка мтз куна', NULL, '2026-02-01 14:42:35', NULL, 10, NULL),
(442, 'лапка мтз нав', NULL, '2026-02-01 14:42:35', NULL, 10, NULL),
(443, 'лапка смд боло', NULL, '2026-02-01 14:42:36', NULL, 10, NULL),
(444, 'лапка смд таг', NULL, '2026-02-01 14:42:36', NULL, 10, NULL),
(445, 'лапка т-28', NULL, '2026-02-01 14:42:37', NULL, 10, NULL),
(446, 'лапка т-40', NULL, '2026-02-01 14:42:38', NULL, 10, NULL),
(447, 'лапка чизел 60 хит', NULL, '2026-02-01 14:42:38', NULL, 10, NULL),
(448, 'лапка чизел 90', NULL, '2026-02-01 14:42:39', NULL, 10, NULL),
(449, 'лапка чизел  60 тч', NULL, '2026-02-01 14:42:40', NULL, 10, NULL),
(450, 'лапка чизел  90 тч', NULL, '2026-02-01 14:42:40', NULL, 10, NULL),
(451, 'лапка чизел тч майдача', NULL, '2026-02-01 14:42:41', NULL, 10, NULL),
(452, 'лапка юмз', NULL, '2026-02-01 14:42:41', NULL, 10, NULL),
(453, 'лапка юмз голи ', NULL, '2026-02-01 14:42:42', NULL, 10, NULL),
(454, 'лемех 3,5  ', NULL, '2026-02-01 14:42:42', NULL, 10, NULL),
(455, 'лемех 3,5 чаппа', NULL, '2026-02-01 14:42:43', NULL, 10, NULL),
(456, 'лемех 4 ', NULL, '2026-02-01 14:42:44', NULL, 10, NULL),
(457, 'лемех 4,5', NULL, '2026-02-01 14:42:45', NULL, 10, NULL),
(458, 'лемех точирон ', NULL, '2026-02-01 14:42:45', NULL, 10, NULL),
(459, 'лента вам уски нав', NULL, '2026-02-01 14:42:46', NULL, 10, NULL),
(460, 'лента вом ', NULL, '2026-02-01 14:42:46', NULL, 10, NULL),
(461, 'лента вом нав гавс', NULL, '2026-02-01 14:42:47', NULL, 10, NULL),
(462, 'лента т-28 агро ', NULL, '2026-02-01 14:42:47', NULL, 10, NULL),
(463, 'лента т-28 дехен', NULL, '2026-02-01 14:42:48', NULL, 10, NULL),
(464, 'лижа каселка калон', NULL, '2026-02-01 14:42:48', NULL, 10, NULL),
(465, 'лижа каселка майда', NULL, '2026-02-01 14:42:49', NULL, 10, NULL),
(466, 'лижа каселка охан ', NULL, '2026-02-01 14:42:51', NULL, 10, NULL),
(467, 'лопс динам', NULL, '2026-02-01 14:42:52', NULL, 10, NULL),
(468, 'лопс охан ', NULL, '2026-02-01 14:42:53', NULL, 10, NULL),
(469, 'лопс пласмас', NULL, '2026-02-01 14:42:54', NULL, 10, NULL),
(470, 'манжет 120*140', NULL, '2026-02-01 14:42:56', NULL, 10, NULL),
(471, 'манжет 55*80', NULL, '2026-02-01 14:42:56', NULL, 10, NULL),
(472, 'манжет 55*80 сиё', NULL, '2026-02-01 14:42:57', NULL, 10, NULL),
(473, 'манжет 60*80', NULL, '2026-02-01 14:42:57', NULL, 10, NULL),
(474, 'манжет 75*100 сиё', NULL, '2026-02-01 14:42:58', NULL, 10, NULL),
(475, 'манжет 80*100', NULL, '2026-02-01 14:42:58', NULL, 10, NULL),
(476, 'манжет 90*110', NULL, '2026-02-01 14:42:59', NULL, 10, NULL),
(477, 'манжет 90*120', NULL, '2026-02-01 14:42:59', NULL, 10, NULL),
(478, 'манжнт 140*170', NULL, '2026-02-01 14:43:01', NULL, 10, NULL),
(479, 'масленний насос 28', NULL, '2026-02-01 14:43:01', NULL, 10, NULL),
(480, 'масленний насос 32', NULL, '2026-02-01 14:43:02', NULL, 10, NULL),
(481, 'масленний насос 36', NULL, '2026-02-01 14:43:02', NULL, 10, NULL),
(482, 'масленний насос т-28', NULL, '2026-02-01 14:43:03', NULL, 10, NULL),
(483, 'масленний радиатор мтз', NULL, '2026-02-01 14:43:04', NULL, 10, NULL),
(484, 'масленний радиатор т-28', NULL, '2026-02-01 14:43:04', NULL, 10, NULL),
(485, 'массавклучател ', NULL, '2026-02-01 14:43:06', NULL, 10, NULL),
(486, 'массавклучател камаз зард', NULL, '2026-02-01 14:43:06', NULL, 10, NULL),
(487, 'массавклучател камаз шиша', NULL, '2026-02-01 14:43:07', NULL, 10, NULL),
(488, 'массавклучател нав дехен 01', NULL, '2026-02-01 14:43:08', NULL, 10, NULL),
(489, 'массавклучател нав дехен 02', NULL, '2026-02-01 14:43:08', NULL, 10, NULL),
(490, 'массавклучател нав дехен 03', NULL, '2026-02-01 14:43:10', NULL, 10, NULL),
(491, 'массавклучател нагз пр пачка', NULL, '2026-02-01 14:43:10', NULL, 10, NULL),
(492, 'матурча ойна', NULL, '2026-02-01 14:43:11', NULL, 10, NULL),
(493, 'матурча ойна збор', NULL, '2026-02-01 14:43:11', NULL, 10, NULL),
(494, 'махтобак ', NULL, '2026-02-01 14:43:12', NULL, 10, NULL),
(495, 'махтобка юмз вал ', NULL, '2026-02-01 14:43:13', NULL, 10, NULL),
(496, 'мачалка мтз', NULL, '2026-02-01 14:43:13', NULL, 10, NULL),
(497, 'мачалка т-28', NULL, '2026-02-01 14:43:15', NULL, 10, NULL),
(498, 'моку пресс', NULL, '2026-02-01 14:43:15', NULL, 10, NULL),
(499, 'муфта кардан мтз', NULL, '2026-02-01 14:43:16', NULL, 10, NULL),
(500, 'муфта кардан турк 6*2', NULL, '2026-02-01 14:43:16', NULL, 10, NULL),
(501, 'муфта кардан турк 6*6', NULL, '2026-02-01 14:43:17', NULL, 10, NULL),
(502, 'муфта кардан турк 6*8 ', NULL, '2026-02-01 14:43:18', NULL, 10, NULL),
(503, 'муфта кардан турк 8*8', NULL, '2026-02-01 14:43:19', NULL, 10, NULL),
(504, 'муфтучка 24*24 дехен нагз', NULL, '2026-02-01 14:43:19', NULL, 10, NULL),
(505, 'муфтучка 24*24 реза', NULL, '2026-02-01 14:43:20', NULL, 10, NULL),
(506, 'муфтучка 24*24 эвра', NULL, '2026-02-01 14:43:20', NULL, 10, NULL),
(507, 'муфтучка 32*32 дехен нагз', NULL, '2026-02-01 14:43:20', NULL, 10, NULL),
(508, 'муфтучка пресс', NULL, '2026-02-01 14:43:21', NULL, 10, NULL),
(509, 'набор дазатор', NULL, '2026-02-01 14:43:22', NULL, 10, NULL),
(510, 'набор калектор 1221', NULL, '2026-02-01 14:43:22', NULL, 10, 'Y0097'),
(511, 'набор калектор мтз', NULL, '2026-02-01 14:43:23', NULL, 10, 'Y0095'),
(512, 'набор калектор рус', NULL, '2026-02-01 14:43:23', NULL, 10, NULL),
(513, 'набор мтз  ', NULL, '2026-02-01 14:43:24', NULL, 10, NULL),
(514, 'набор мтз майда', NULL, '2026-02-01 14:43:25', NULL, 10, NULL),
(515, 'набор мтз нав', NULL, '2026-02-01 14:43:26', NULL, 10, NULL),
(516, 'набор мтз парус', NULL, '2026-02-01 14:43:27', NULL, 10, NULL),
(517, 'набор салник ', NULL, '2026-02-01 14:43:28', NULL, 10, NULL),
(518, 'набор смд ', NULL, '2026-02-01 14:43:29', NULL, 10, NULL),
(519, 'набор стопор калон', NULL, '2026-02-01 14:43:30', NULL, 10, NULL),
(520, 'набор стопор майда', NULL, '2026-02-01 14:43:32', NULL, 10, NULL),
(521, 'набор т-28', NULL, '2026-02-01 14:43:32', NULL, 10, NULL),
(522, 'набор т-28 майда', NULL, '2026-02-01 14:43:33', NULL, 10, NULL),
(523, 'набор шайбо мед', NULL, '2026-02-01 14:43:33', NULL, 10, NULL),
(524, 'набор шайбо мед зангор', NULL, '2026-02-01 14:43:34', NULL, 10, NULL),
(525, 'набор шайбо резинка', NULL, '2026-02-01 14:43:34', NULL, 10, NULL),
(526, 'набор шпилинт', NULL, '2026-02-01 14:43:35', NULL, 10, NULL),
(527, 'нагнитател дароз', NULL, '2026-02-01 14:43:36', NULL, 10, NULL),
(528, 'нагнитател кута', NULL, '2026-02-01 14:43:36', NULL, 10, NULL),
(529, 'наканешник тяга 1221 л', NULL, '2026-02-01 14:43:37', NULL, 10, NULL),
(530, 'наканешник тяга 1221 п', NULL, '2026-02-01 14:43:37', NULL, 10, NULL),
(531, 'наканешник тяга мтз', NULL, '2026-02-01 14:43:38', NULL, 10, NULL),
(532, 'наканешник шатун каселка', NULL, '2026-02-01 14:43:38', NULL, 10, NULL),
(533, 'наканешник шланг 19', NULL, '2026-02-01 14:43:40', NULL, 10, NULL),
(534, 'наканешник шланг 19 сиё', NULL, '2026-02-01 14:43:41', NULL, 10, NULL),
(535, 'накладка немка калон', NULL, '2026-02-01 14:43:42', NULL, 10, NULL),
(536, 'накладка преес майда', NULL, '2026-02-01 14:43:42', NULL, 10, NULL),
(537, 'накладка фередо мтз', NULL, '2026-02-01 14:43:43', NULL, 10, NULL),
(538, 'накладка фередо т-28', NULL, '2026-02-01 14:43:44', NULL, 10, NULL),
(539, 'накладка фередо юмз ', NULL, '2026-02-01 14:43:44', NULL, 10, NULL),
(540, 'направител смд кавут', NULL, '2026-02-01 14:43:45', NULL, 10, NULL),
(541, 'направляши мтз', NULL, '2026-02-01 14:43:45', NULL, 10, NULL),
(542, 'направляши смд', NULL, '2026-02-01 14:43:46', NULL, 10, NULL),
(543, 'направляши т-28', NULL, '2026-02-01 14:43:46', NULL, 10, NULL),
(544, 'наралник чизел тч калон', NULL, '2026-02-01 14:43:47', NULL, 10, NULL),
(545, 'наралник чизел тч майда', NULL, '2026-02-01 14:43:48', NULL, 10, NULL),
(546, 'насос 245 Е2', NULL, '2026-02-01 14:43:48', NULL, 10, NULL),
(547, 'насос мтз 243 ', NULL, '2026-02-01 14:43:49', NULL, 10, 'E360'),
(548, 'насос мтз 245 ', NULL, '2026-02-01 14:43:50', NULL, 10, NULL),
(549, 'насос т-25', NULL, '2026-02-01 14:43:50', NULL, 10, NULL),
(550, 'насос т-28', NULL, '2026-02-01 14:43:51', NULL, 10, NULL),
(551, 'натиаж голи', NULL, '2026-02-01 14:43:51', NULL, 10, NULL),
(552, 'натиаж голи 1221', NULL, '2026-02-01 14:43:53', NULL, 10, NULL),
(553, 'натиаж зард', NULL, '2026-02-01 14:43:56', NULL, 10, NULL),
(554, 'натиаж збор', NULL, '2026-02-01 14:43:56', NULL, 10, NULL),
(555, 'натиаж цеп 19', NULL, '2026-02-01 14:43:57', NULL, 10, NULL),
(556, 'натиаж цеп 24', NULL, '2026-02-01 14:43:58', NULL, 10, NULL),
(557, 'норбон мтз', NULL, '2026-02-01 14:43:59', NULL, 10, NULL),
(558, 'нуги гидрабачок кавут', NULL, '2026-02-01 14:43:59', NULL, 10, NULL),
(559, 'нш 10*32 ', NULL, '2026-02-01 14:44:00', NULL, 10, NULL),
(560, 'нш 10Л 4к', NULL, '2026-02-01 14:44:00', NULL, 10, NULL),
(561, 'нш 10Л 6к  ', NULL, '2026-02-01 14:44:01', NULL, 10, NULL),
(562, 'нш 10Л 6к мастер', NULL, '2026-02-01 14:44:01', NULL, 10, NULL),
(563, 'нш 10Л 6к хит', NULL, '2026-02-01 14:44:02', NULL, 10, NULL),
(564, 'нш 10П 4к', NULL, '2026-02-01 14:44:02', NULL, 10, NULL),
(565, 'нш 10П 4к мастер', NULL, '2026-02-01 14:44:03', NULL, 10, NULL),
(566, 'нш 10П 6к хит ', NULL, '2026-02-01 14:44:04', NULL, 10, NULL),
(567, 'нш 32Л', NULL, '2026-02-01 14:44:04', NULL, 10, '17'),
(568, 'нш 32П ', NULL, '2026-02-01 14:44:05', NULL, 10, NULL),
(569, 'нш 32П мастер', NULL, '2026-02-01 14:44:05', NULL, 10, NULL),
(570, 'нш 50П сафед', NULL, '2026-02-01 14:44:06', NULL, 10, NULL),
(571, 'ойна 1221 пеш', NULL, '2026-02-01 14:44:07', NULL, 10, NULL),
(572, 'ойна 3тешика ', NULL, '2026-02-01 14:44:08', NULL, 10, NULL),
(573, 'ойна дар калон', NULL, '2026-02-01 14:44:08', NULL, 10, NULL),
(574, 'ойна дар майда', NULL, '2026-02-01 14:44:10', NULL, 10, NULL),
(575, 'ойна лабавой куна', NULL, '2026-02-01 14:44:11', NULL, 10, NULL),
(576, 'ос агро', NULL, '2026-02-01 14:44:12', NULL, 10, NULL),
(577, 'ос тара ', NULL, '2026-02-01 14:44:12', NULL, 10, NULL),
(578, 'ос тошкент ', NULL, '2026-02-01 14:44:13', NULL, 10, NULL),
(579, 'ос хит', NULL, '2026-02-01 14:44:13', NULL, 10, NULL),
(580, 'охан тормуз 1221', NULL, '2026-02-01 14:44:14', NULL, 10, NULL),
(581, 'охан юмз така', NULL, '2026-02-01 14:44:14', NULL, 10, NULL),
(582, 'падвесной', NULL, '2026-02-01 14:44:15', NULL, 10, NULL),
(583, 'падгилза мтз', NULL, '2026-02-01 14:44:17', NULL, 10, NULL),
(584, 'падкачка 1221', NULL, '2026-02-01 14:44:17', NULL, 10, NULL),
(585, 'падкачка 1221 майда', NULL, '2026-02-01 14:44:18', NULL, 10, NULL),
(586, 'падкачка дехен', NULL, '2026-02-01 14:44:18', NULL, 10, NULL),
(587, 'падкачка мтз', NULL, '2026-02-01 14:44:19', NULL, 10, NULL),
(588, 'падкачка смд', NULL, '2026-02-01 14:44:20', NULL, 10, NULL),
(589, 'падушка кабина калон', NULL, '2026-02-01 14:44:20', NULL, 10, NULL),
(590, 'падушка кабина майда ', NULL, '2026-02-01 14:44:20', NULL, 10, NULL),
(591, 'падушка матур ', NULL, '2026-02-01 14:44:22', NULL, 10, NULL),
(592, 'падфар куна задни ', NULL, '2026-02-01 14:44:22', NULL, 10, NULL),
(593, 'падфар куна пеш', NULL, '2026-02-01 14:44:23', NULL, 10, NULL),
(594, 'падфар лед задни ', NULL, '2026-02-01 14:44:25', NULL, 10, NULL),
(595, 'падфар лед перед', NULL, '2026-02-01 14:44:25', NULL, 10, NULL),
(596, 'падфар нав задни', NULL, '2026-02-01 14:44:26', NULL, 10, NULL),
(597, 'падфар нав пеш', NULL, '2026-02-01 14:44:27', NULL, 10, NULL),
(598, 'палес а-01', NULL, '2026-02-01 14:44:28', NULL, 10, NULL),
(599, 'палес бурус  ', NULL, '2026-02-01 14:44:28', NULL, 10, NULL),
(600, 'палес бурус куна', NULL, '2026-02-01 14:44:29', NULL, 10, NULL),
(601, 'палес каселка ', NULL, '2026-02-01 14:44:30', NULL, 10, NULL),
(602, 'палес мтз ', NULL, '2026-02-01 14:44:31', NULL, 10, NULL),
(603, 'палес мтз 1221', NULL, '2026-02-01 14:44:32', NULL, 10, NULL),
(604, 'палес мтз агро маш ', NULL, '2026-02-01 14:44:32', NULL, 10, NULL),
(605, 'палес мтз китат', NULL, '2026-02-01 14:44:33', NULL, 10, NULL),
(606, 'палес натиаж', NULL, '2026-02-01 14:44:33', NULL, 10, NULL),
(607, 'палес натиаж 1221', NULL, '2026-02-01 14:44:34', NULL, 10, NULL),
(608, 'палес натиаж зард ', NULL, '2026-02-01 14:44:35', NULL, 10, NULL),
(609, 'палес натиаж сиё', NULL, '2026-02-01 14:44:36', NULL, 10, NULL),
(610, 'палес натиаж т-28', NULL, '2026-02-01 14:44:38', NULL, 10, NULL),
(611, 'палес немка ', NULL, '2026-02-01 14:44:40', NULL, 10, NULL),
(612, 'палес падвесной шес 22з', NULL, '2026-02-01 14:44:41', NULL, 10, NULL),
(613, 'палес поршен пресс ', NULL, '2026-02-01 14:44:42', NULL, 10, NULL),
(614, 'палес пресс сафед 10см', NULL, '2026-02-01 14:44:42', NULL, 10, NULL),
(615, 'палес раскос', NULL, '2026-02-01 14:44:43', NULL, 10, NULL),
(616, 'палес сентр тяга', NULL, '2026-02-01 14:44:43', NULL, 10, NULL),
(617, 'палес сентр тяга фтулка', NULL, '2026-02-01 14:44:44', NULL, 10, NULL),
(618, 'палес слиндир 100', NULL, '2026-02-01 14:44:45', NULL, 10, NULL),
(619, 'палес смд', NULL, '2026-02-01 14:44:45', NULL, 10, NULL),
(620, 'палес смд жатка', NULL, '2026-02-01 14:44:46', NULL, 10, NULL),
(621, 'палес смд класс сурх', NULL, '2026-02-01 14:44:46', NULL, 10, NULL),
(622, 'палес т-28', NULL, '2026-02-01 14:44:47', NULL, 10, NULL),
(623, 'палес т-28 китат', NULL, '2026-02-01 14:44:47', NULL, 10, NULL),
(624, 'палес тяга', NULL, '2026-02-01 14:44:48', NULL, 10, NULL),
(625, 'палес шумахер 2', NULL, '2026-02-01 14:44:49', NULL, 10, NULL),
(626, 'палес шумахер 2 откр', NULL, '2026-02-01 14:44:49', NULL, 10, NULL),
(627, 'палес шумахер 3', NULL, '2026-02-01 14:44:50', NULL, 10, NULL),
(628, 'парак каропка', NULL, '2026-02-01 14:44:50', NULL, 10, NULL),
(629, 'парасёнка ', NULL, '2026-02-01 14:44:51', NULL, 10, NULL),
(630, 'парда мтз узб', NULL, '2026-02-01 14:44:51', NULL, 10, NULL),
(631, 'пасес сентр тяга фтулкадор', NULL, '2026-02-01 14:44:52', NULL, 10, NULL),
(632, 'патрубка рад + помпа', NULL, '2026-02-01 14:44:52', NULL, 10, NULL),
(633, 'патрубка рад кавут ', NULL, '2026-02-01 14:44:53', NULL, 10, NULL),
(634, 'патрубка рад сурх хамуд', NULL, '2026-02-01 14:44:53', NULL, 10, NULL),
(635, 'пилник полос 217', NULL, '2026-02-01 14:44:54', NULL, 10, NULL),
(636, 'писталет ', NULL, '2026-02-01 14:44:55', NULL, 10, NULL),
(637, 'питачок смд', NULL, '2026-02-01 14:44:55', NULL, 10, NULL),
(638, 'планка немка', NULL, '2026-02-01 14:44:56', NULL, 10, NULL),
(639, 'пласмас матавила', NULL, '2026-02-01 14:44:57', NULL, 10, NULL),
(640, 'плунжер  75 агро', NULL, '2026-02-01 14:44:57', NULL, 10, NULL),
(641, 'плунжер 1221', NULL, '2026-02-01 14:44:58', NULL, 10, NULL),
(642, 'плунжер 75', NULL, '2026-02-01 14:44:59', NULL, 10, NULL),
(643, 'плунжер мтз рус', NULL, '2026-02-01 14:45:00', NULL, 10, NULL),
(644, 'плунжер утн хит', NULL, '2026-02-01 14:45:00', NULL, 10, NULL),
(645, 'под 11206', NULL, '2026-02-01 14:45:01', NULL, 10, NULL),
(646, 'под 11207', NULL, '2026-02-01 14:45:01', NULL, 10, NULL),
(647, 'под 11208', NULL, '2026-02-01 14:45:02', NULL, 10, NULL),
(648, 'под 11209', NULL, '2026-02-01 14:45:02', NULL, 10, NULL),
(649, 'под 11210', NULL, '2026-02-01 14:45:03', NULL, 10, NULL),
(650, 'под 11212', NULL, '2026-02-01 14:45:03', NULL, 10, NULL),
(651, 'под 11213', NULL, '2026-02-01 14:45:04', NULL, 10, NULL),
(652, 'под 11214', NULL, '2026-02-01 14:45:04', NULL, 10, NULL),
(653, 'под 11308', NULL, '2026-02-01 14:45:05', NULL, 10, NULL),
(654, 'под 11309', NULL, '2026-02-01 14:45:05', NULL, 10, NULL),
(655, 'под 11312', NULL, '2026-02-01 14:45:06', NULL, 10, NULL),
(656, 'под 11312 рус', NULL, '2026-02-01 14:45:06', NULL, 10, NULL),
(657, 'под 11314', NULL, '2026-02-01 14:45:07', NULL, 10, NULL),
(658, 'под 1206', NULL, '2026-02-01 14:45:08', NULL, 10, NULL),
(659, 'под 1312', NULL, '2026-02-01 14:45:09', NULL, 10, NULL),
(660, 'под 150212', NULL, '2026-02-01 14:45:09', NULL, 10, NULL),
(661, 'под 1680204', NULL, '2026-02-01 14:45:10', NULL, 10, NULL),
(662, 'под 1680204 нагз', NULL, '2026-02-01 14:45:10', NULL, 10, NULL),
(663, 'под 1680205', NULL, '2026-02-01 14:45:11', NULL, 10, NULL),
(664, 'под 1680205 нагз', NULL, '2026-02-01 14:45:11', NULL, 10, NULL),
(665, 'под 1680206', NULL, '2026-02-01 14:45:11', NULL, 10, NULL),
(666, 'под 1680206 нагз', NULL, '2026-02-01 14:45:12', NULL, 10, NULL),
(667, 'под 1680207', NULL, '2026-02-01 14:45:13', NULL, 10, NULL),
(668, 'под 1680207 нагз', NULL, '2026-02-01 14:45:13', NULL, 10, NULL),
(669, 'под 1680209', NULL, '2026-02-01 14:45:14', NULL, 10, NULL),
(670, 'под 202', NULL, '2026-02-01 14:45:15', NULL, 10, NULL),
(671, 'под 203', NULL, '2026-02-01 14:45:15', NULL, 10, NULL),
(672, 'под 204', NULL, '2026-02-01 14:45:16', NULL, 10, NULL),
(673, 'под 205', NULL, '2026-02-01 14:45:16', NULL, 10, NULL),
(674, 'под 206 ', NULL, '2026-02-01 14:45:17', NULL, 10, NULL),
(675, 'под 207', NULL, '2026-02-01 14:45:18', NULL, 10, NULL),
(676, 'под 208  ', NULL, '2026-02-01 14:45:18', NULL, 10, NULL),
(677, 'под 208 эрон', NULL, '2026-02-01 14:45:19', NULL, 10, NULL),
(678, 'под 209', NULL, '2026-02-01 14:45:20', NULL, 10, NULL),
(679, 'под 210', NULL, '2026-02-01 14:45:20', NULL, 10, NULL),
(680, 'под 211', NULL, '2026-02-01 14:45:21', NULL, 10, NULL),
(681, 'под 212', NULL, '2026-02-01 14:45:22', NULL, 10, NULL),
(682, 'под 213', NULL, '2026-02-01 14:45:24', NULL, 10, NULL),
(683, 'под 216', NULL, '2026-02-01 14:45:25', NULL, 10, NULL),
(684, 'под 217', NULL, '2026-02-01 14:45:28', NULL, 10, NULL),
(685, 'под 2310', NULL, '2026-02-01 14:45:29', NULL, 10, NULL),
(686, 'под 300', NULL, '2026-02-01 14:45:29', NULL, 10, NULL),
(687, 'под 301', NULL, '2026-02-01 14:45:31', NULL, 10, NULL),
(688, 'под 302', NULL, '2026-02-01 14:45:31', NULL, 10, NULL),
(689, 'под 303', NULL, '2026-02-01 14:45:32', NULL, 10, NULL),
(690, 'под 30311', NULL, '2026-02-01 14:45:32', NULL, 10, NULL),
(691, 'под 304', NULL, '2026-02-01 14:45:33', NULL, 10, NULL),
(692, 'под 305', NULL, '2026-02-01 14:45:33', NULL, 10, NULL),
(693, 'под 306', NULL, '2026-02-01 14:45:34', NULL, 10, NULL),
(694, 'под 307', NULL, '2026-02-01 14:45:34', NULL, 10, NULL),
(695, 'под 308', NULL, '2026-02-01 14:45:35', NULL, 10, NULL),
(696, 'под 309', NULL, '2026-02-01 14:45:35', NULL, 10, NULL),
(697, 'под 310', NULL, '2026-02-01 14:45:36', NULL, 10, NULL),
(698, 'под 311', NULL, '2026-02-01 14:45:37', NULL, 10, NULL),
(699, 'под 312', NULL, '2026-02-01 14:45:37', NULL, 10, NULL),
(700, 'под 313', NULL, '2026-02-01 14:45:38', NULL, 10, NULL),
(701, 'под 314', NULL, '2026-02-01 14:45:38', NULL, 10, NULL),
(702, 'под 315', NULL, '2026-02-01 14:45:39', NULL, 10, NULL),
(703, 'под 316', NULL, '2026-02-01 14:45:39', NULL, 10, NULL),
(704, 'под 317', NULL, '2026-02-01 14:45:40', NULL, 10, NULL),
(705, 'под 318', NULL, '2026-02-01 14:45:40', NULL, 10, NULL),
(706, 'под 405', NULL, '2026-02-01 14:45:41', NULL, 10, NULL),
(707, 'под 406', NULL, '2026-02-01 14:45:42', NULL, 10, NULL),
(708, 'под 407', NULL, '2026-02-01 14:45:42', NULL, 10, NULL),
(709, 'под 409', NULL, '2026-02-01 14:45:43', NULL, 10, NULL),
(710, 'под 412', NULL, '2026-02-01 14:45:45', NULL, 10, NULL),
(711, 'под 42212', NULL, '2026-02-01 14:45:47', NULL, 10, NULL),
(712, 'под 42315', NULL, '2026-02-01 14:45:48', NULL, 10, NULL),
(713, 'под 42412', NULL, '2026-02-01 14:45:49', NULL, 10, NULL),
(714, 'под 50306', NULL, '2026-02-01 14:45:49', NULL, 10, NULL),
(715, 'под 50308', NULL, '2026-02-01 14:45:50', NULL, 10, NULL),
(716, 'под 6004', NULL, '2026-02-01 14:45:50', NULL, 10, NULL),
(717, 'под 6012', NULL, '2026-02-01 14:45:51', NULL, 10, NULL),
(718, 'под 6015', NULL, '2026-02-01 14:45:51', NULL, 10, NULL),
(719, 'под 62203', NULL, '2026-02-01 14:45:52', NULL, 10, NULL),
(720, 'под 62204', NULL, '2026-02-01 14:45:52', NULL, 10, NULL),
(721, 'под 62303', NULL, '2026-02-01 14:45:53', NULL, 10, NULL),
(722, 'под 6317', NULL, '2026-02-01 14:45:53', NULL, 10, NULL),
(723, 'под 67512', NULL, '2026-02-01 14:45:54', NULL, 10, NULL),
(724, 'под 7205', NULL, '2026-02-01 14:45:54', NULL, 10, NULL);
INSERT INTO `products` (`id`, `name`, `manufacturer`, `created_at`, `image`, `notification_threshold`, `product_code`) VALUES
(725, 'под 7210', NULL, '2026-02-01 14:45:55', NULL, 10, NULL),
(726, 'под 7211', NULL, '2026-02-01 14:45:55', NULL, 10, NULL),
(727, 'под 7212 01', NULL, '2026-02-01 14:45:56', NULL, 10, NULL),
(728, 'под 7212 02', NULL, '2026-02-01 14:45:57', NULL, 10, NULL),
(729, 'под 7214', NULL, '2026-02-01 14:45:57', NULL, 10, NULL),
(730, 'под 7215', NULL, '2026-02-01 14:45:58', NULL, 10, NULL),
(731, 'под 7306', NULL, '2026-02-01 14:45:58', NULL, 10, NULL),
(732, 'под 7310', NULL, '2026-02-01 14:45:58', NULL, 10, NULL),
(733, 'под 7311', NULL, '2026-02-01 14:45:59', NULL, 10, NULL),
(734, 'под 7313', NULL, '2026-02-01 14:46:00', NULL, 10, NULL),
(735, 'под 7315', NULL, '2026-02-01 14:46:00', NULL, 10, NULL),
(736, 'под 7507', NULL, '2026-02-01 14:46:01', NULL, 10, NULL),
(737, 'под 7508', NULL, '2026-02-01 14:46:01', NULL, 10, NULL),
(738, 'под 7509', NULL, '2026-02-01 14:46:02', NULL, 10, NULL),
(739, 'под 7510', NULL, '2026-02-01 14:46:02', NULL, 10, NULL),
(740, 'под 7511', NULL, '2026-02-01 14:46:03', NULL, 10, NULL),
(741, 'под 7512', NULL, '2026-02-01 14:46:03', NULL, 10, NULL),
(742, 'под 7513', NULL, '2026-02-01 14:46:04', NULL, 10, NULL),
(743, 'под 7606', NULL, '2026-02-01 14:46:04', NULL, 10, NULL),
(744, 'под 7608', NULL, '2026-02-01 14:46:05', NULL, 10, NULL),
(745, 'под 7609', NULL, '2026-02-01 14:46:05', NULL, 10, NULL),
(746, 'под 7610', NULL, '2026-02-01 14:46:06', NULL, 10, NULL),
(747, 'под 7909', NULL, '2026-02-01 14:46:06', NULL, 10, NULL),
(748, 'под 804581', NULL, '2026-02-01 14:46:07', NULL, 10, NULL),
(749, 'под uc208', NULL, '2026-02-01 14:46:07', NULL, 10, NULL),
(750, 'под uс20  ', NULL, '2026-02-01 14:46:08', NULL, 10, NULL),
(751, 'под uс209', NULL, '2026-02-01 14:46:08', NULL, 10, NULL),
(752, 'под в211', NULL, '2026-02-01 14:46:09', NULL, 10, NULL),
(753, 'под клавуш 380706', NULL, '2026-02-01 14:46:09', NULL, 10, NULL),
(754, 'ползамок 15', NULL, '2026-02-01 14:46:10', NULL, 10, NULL),
(755, 'ползамок 19', NULL, '2026-02-01 14:46:10', NULL, 10, NULL),
(756, 'ползамок 24', NULL, '2026-02-01 14:46:11', NULL, 10, NULL),
(757, 'ползамок транспартиёр', NULL, '2026-02-01 14:46:11', NULL, 10, NULL),
(758, 'полиг глемча ', NULL, '2026-02-01 14:46:12', NULL, 10, NULL),
(759, 'полиг дехен', NULL, '2026-02-01 14:46:12', NULL, 10, NULL),
(760, 'полиг пласмас', NULL, '2026-02-01 14:46:13', NULL, 10, NULL),
(761, 'полиг рус', NULL, '2026-02-01 14:46:14', NULL, 10, NULL),
(762, 'полос 5', NULL, '2026-02-01 14:46:14', NULL, 10, NULL),
(763, 'полос 8', NULL, '2026-02-01 14:46:15', NULL, 10, NULL),
(764, 'полос мтз', NULL, '2026-02-01 14:46:15', NULL, 10, NULL),
(765, 'полос сегилдрака', NULL, '2026-02-01 14:46:15', NULL, 10, NULL),
(766, 'помпа 1221', NULL, '2026-02-01 14:46:16', NULL, 10, NULL),
(767, 'помпа мтз ', NULL, '2026-02-01 14:46:17', NULL, 10, NULL),
(768, 'помпа смд', NULL, '2026-02-01 14:46:17', NULL, 10, NULL),
(769, 'помпа юмз', NULL, '2026-02-01 14:46:18', NULL, 10, NULL),
(770, 'поршен мтз  ', NULL, '2026-02-01 14:46:18', NULL, 10, NULL),
(771, 'поршен мтз 260 рус', NULL, '2026-02-01 14:46:19', NULL, 10, NULL),
(772, 'поршен мтз дехен', NULL, '2026-02-01 14:46:19', NULL, 10, NULL),
(773, 'поршен пд р1', NULL, '2026-02-01 14:46:20', NULL, 10, NULL),
(774, 'поршен пд рус ', NULL, '2026-02-01 14:46:20', NULL, 10, NULL),
(775, 'поршен передог борик', NULL, '2026-02-01 14:46:21', NULL, 10, NULL),
(776, 'поршен передог гавс', NULL, '2026-02-01 14:46:21', NULL, 10, NULL),
(777, 'поршен передог сурх', NULL, '2026-02-01 14:46:22', NULL, 10, NULL),
(778, 'поршен пресс', NULL, '2026-02-01 14:46:22', NULL, 10, NULL),
(779, 'поршен смд17 р1 рус', NULL, '2026-02-01 14:46:23', NULL, 10, NULL),
(780, 'поршен смд20 н1 рус', NULL, '2026-02-01 14:46:24', NULL, 10, NULL),
(781, 'поршен т-28 н1', NULL, '2026-02-01 14:46:24', NULL, 10, NULL),
(782, 'поршен т-28 р1', NULL, '2026-02-01 14:46:25', NULL, 10, NULL),
(783, 'поршен т-28 р2 рус', NULL, '2026-02-01 14:46:26', NULL, 10, NULL),
(784, 'поршенок мтз', NULL, '2026-02-01 14:46:26', NULL, 10, NULL),
(785, 'поршенок мтз покистон', NULL, '2026-02-01 14:46:27', NULL, 10, NULL),
(786, 'поршенок нав прастой', NULL, '2026-02-01 14:46:27', NULL, 10, NULL),
(787, 'поршенок элктрони', NULL, '2026-02-01 14:46:28', NULL, 10, NULL),
(788, 'правишни вал мтз 50', NULL, '2026-02-01 14:46:28', NULL, 10, NULL),
(789, 'правишни вал мтз арзон', NULL, '2026-02-01 14:46:29', NULL, 10, NULL),
(790, 'правишни вал мтз тара', NULL, '2026-02-01 14:46:29', NULL, 10, NULL),
(791, 'правишни вал смд боло 16з', NULL, '2026-02-01 14:46:30', NULL, 10, NULL),
(792, 'правишни вал смд нав 14з', NULL, '2026-02-01 14:46:30', NULL, 10, NULL),
(793, 'правишни вал т-28', NULL, '2026-02-01 14:46:31', NULL, 10, NULL),
(794, 'правишни вал юмз', NULL, '2026-02-01 14:46:31', NULL, 10, NULL),
(795, 'правишни ват т-25', NULL, '2026-02-01 14:46:32', NULL, 10, NULL),
(796, 'правишни ват т-40', NULL, '2026-02-01 14:46:32', NULL, 10, NULL),
(797, 'прокладка 1221', NULL, '2026-02-01 14:46:33', NULL, 10, NULL),
(798, 'прокладка 1221 картер злёни', NULL, '2026-02-01 14:46:33', NULL, 10, 'Y1752'),
(799, 'прокладка 1221 кришка злёний', NULL, '2026-02-01 14:46:34', NULL, 10, 'Y1751'),
(800, 'прокладка алоб', NULL, '2026-02-01 14:46:34', NULL, 10, NULL),
(801, 'прокладка калена рус', NULL, '2026-02-01 14:46:35', NULL, 10, NULL),
(802, 'прокладка мтз картер ', NULL, '2026-02-01 14:46:35', NULL, 10, NULL),
(803, 'прокладка мтз картер злёни', NULL, '2026-02-01 14:46:35', NULL, 10, 'Y1504'),
(804, 'прокладка мтз кришка злёни ', NULL, '2026-02-01 14:46:36', NULL, 10, 'Y1506'),
(805, 'прокладка мтз кришка злёни круг', NULL, '2026-02-01 14:46:37', NULL, 10, 'Y1508'),
(806, 'прокладка мтз кришка', NULL, '2026-02-01 14:46:38', NULL, 10, NULL),
(807, 'прокладка мтз кришка круг 02', NULL, '2026-02-01 14:46:38', NULL, 10, NULL),
(808, 'прокладка мтз рус', NULL, '2026-02-01 14:46:39', NULL, 10, NULL),
(809, 'прокладка мтз хитой', NULL, '2026-02-01 14:46:40', NULL, 10, NULL),
(810, 'прокладка радиатор ', NULL, '2026-02-01 14:46:41', NULL, 10, NULL),
(811, 'прокладка радиатор злёний', NULL, '2026-02-01 14:46:41', NULL, 10, 'Y1509'),
(812, 'прокладка смд хит', NULL, '2026-02-01 14:46:42', NULL, 10, NULL),
(813, 'прокладка т-28 картер', NULL, '2026-02-01 14:46:42', NULL, 10, NULL),
(814, 'прокладка т-28 кришка ', NULL, '2026-02-01 14:46:43', NULL, 10, NULL),
(815, 'прокладка т-28 кришка рус', NULL, '2026-02-01 14:46:43', NULL, 10, NULL),
(816, 'прокладка хаво', NULL, '2026-02-01 14:46:44', NULL, 10, NULL),
(817, 'прокладка юмз рус', NULL, '2026-02-01 14:46:45', NULL, 10, NULL),
(818, 'пуржин галофка', NULL, '2026-02-01 14:46:45', NULL, 10, NULL),
(819, 'пуржин доручошак узб', NULL, '2026-02-01 14:46:46', NULL, 10, NULL),
(820, 'пуржин немка кавут', NULL, '2026-02-01 14:46:46', NULL, 10, NULL),
(821, 'пуржин пресс 10см', NULL, '2026-02-01 14:46:47', NULL, 10, NULL),
(822, 'пуржин пресс даста', NULL, '2026-02-01 14:46:47', NULL, 10, NULL),
(823, 'пянка каселка', NULL, '2026-02-01 14:46:48', NULL, 10, NULL),
(824, 'пянка немка ', NULL, '2026-02-01 14:46:48', NULL, 10, NULL),
(825, 'пянка шумахер', NULL, '2026-02-01 14:46:48', NULL, 10, NULL),
(826, 'рабочи слиндир ', NULL, '2026-02-01 14:46:49', NULL, 10, NULL),
(827, 'радиатор 1221', NULL, '2026-02-01 14:46:49', NULL, 10, NULL),
(828, 'радиатор 1221 мед', NULL, '2026-02-01 14:46:50', NULL, 10, NULL),
(829, 'радиатор мтз', NULL, '2026-02-01 14:46:51', NULL, 10, NULL),
(830, 'радиатор мтз дехен', NULL, '2026-02-01 14:46:52', NULL, 10, NULL),
(831, 'радиатор печка 1221', NULL, '2026-02-01 14:46:52', NULL, 10, NULL),
(832, 'радиатор печка мтз', NULL, '2026-02-01 14:46:54', NULL, 10, NULL),
(833, 'разатка ', NULL, '2026-02-01 14:46:55', NULL, 10, NULL),
(834, 'разём присеб', NULL, '2026-02-01 14:46:55', NULL, 10, NULL),
(835, 'размер пресс дост', NULL, '2026-02-01 14:46:55', NULL, 10, NULL),
(836, 'рас 16 агро  ', NULL, '2026-02-01 14:46:56', NULL, 10, NULL),
(837, 'рас 16 агро детал', NULL, '2026-02-01 14:46:57', NULL, 10, NULL),
(838, 'рас 16 рус', NULL, '2026-02-01 14:46:57', NULL, 10, NULL),
(839, 'рас 261', NULL, '2026-02-01 14:46:58', NULL, 10, NULL),
(840, 'рас 32 агро', NULL, '2026-02-01 14:46:58', NULL, 10, NULL),
(841, 'рас 50 агро детар', NULL, '2026-02-01 14:46:58', NULL, 10, NULL),
(842, 'рас 50 агро дизед', NULL, '2026-02-01 14:46:59', NULL, 10, NULL),
(843, 'рас 50 рус', NULL, '2026-02-01 14:46:59', NULL, 10, NULL),
(844, 'рас 70 агро дизел', NULL, '2026-02-01 14:47:00', NULL, 10, NULL),
(845, 'раскос 1221', NULL, '2026-02-01 14:47:00', NULL, 10, NULL),
(846, 'раскос мтз', NULL, '2026-02-01 14:47:01', NULL, 10, NULL),
(847, 'раскос т-28', NULL, '2026-02-01 14:47:01', NULL, 10, NULL),
(848, 'расплидител 1', NULL, '2026-02-01 14:47:02', NULL, 10, NULL),
(849, 'расплидител 2  ', NULL, '2026-02-01 14:47:03', NULL, 10, NULL),
(850, 'расплидител 2 збор', NULL, '2026-02-01 14:47:03', NULL, 10, NULL),
(851, 'расплидител 3', NULL, '2026-02-01 14:47:04', NULL, 10, NULL),
(852, 'расплидител 4', NULL, '2026-02-01 14:47:04', NULL, 10, NULL),
(853, 'расплидител 5', NULL, '2026-02-01 14:47:05', NULL, 10, NULL),
(854, 'расплидител нав р-70', NULL, '2026-02-01 14:47:06', NULL, 10, NULL),
(855, 'расплидител р-80 рус', NULL, '2026-02-01 14:47:06', NULL, 10, NULL),
(856, 'редуктор шумхер', NULL, '2026-02-01 14:47:07', NULL, 10, NULL),
(857, 'резина грох калон', NULL, '2026-02-01 14:47:07', NULL, 10, NULL),
(858, 'резина грох майда', NULL, '2026-02-01 14:47:08', NULL, 10, NULL),
(859, 'резина дар', NULL, '2026-02-01 14:47:08', NULL, 10, NULL),
(860, 'резина рул', NULL, '2026-02-01 14:47:09', NULL, 10, NULL),
(861, 'резина элеватор', NULL, '2026-02-01 14:47:09', NULL, 10, NULL),
(862, 'резина юмз', NULL, '2026-02-01 14:47:09', NULL, 10, NULL),
(863, 'рем 1250 ', NULL, '2026-02-01 14:47:10', NULL, 10, NULL),
(864, 'рем 1250 нагз', NULL, '2026-02-01 14:47:10', NULL, 10, NULL),
(865, 'рем 1250 рус', NULL, '2026-02-01 14:47:11', NULL, 10, NULL),
(866, 'рем 1280  ', NULL, '2026-02-01 14:47:12', NULL, 10, NULL),
(867, 'рем 1280 нагз', NULL, '2026-02-01 14:47:12', NULL, 10, NULL),
(868, 'рем 13*1000', NULL, '2026-02-01 14:47:13', NULL, 10, NULL),
(869, 'рем 13*1045', NULL, '2026-02-01 14:47:14', NULL, 10, NULL),
(870, 'рем 13*1050', NULL, '2026-02-01 14:47:14', NULL, 10, NULL),
(871, 'рем 13*1100', NULL, '2026-02-01 14:47:15', NULL, 10, NULL),
(872, 'рем 13*1120', NULL, '2026-02-01 14:47:15', NULL, 10, NULL),
(873, 'рем 13*1150', NULL, '2026-02-01 14:47:16', NULL, 10, NULL),
(874, 'рем 13*1180', NULL, '2026-02-01 14:47:17', NULL, 10, NULL),
(875, 'рем 13*1200', NULL, '2026-02-01 14:47:17', NULL, 10, NULL),
(876, 'рем 13*1280 нагз', NULL, '2026-02-01 14:47:18', NULL, 10, NULL),
(877, 'рем 13*1300', NULL, '2026-02-01 14:47:18', NULL, 10, NULL),
(878, 'рем 13*1320', NULL, '2026-02-01 14:47:19', NULL, 10, NULL),
(879, 'рем 13*1350', NULL, '2026-02-01 14:47:19', NULL, 10, NULL),
(880, 'рем 13*1400', NULL, '2026-02-01 14:47:20', NULL, 10, NULL),
(881, 'рем 13*1450', NULL, '2026-02-01 14:47:20', NULL, 10, NULL),
(882, 'рем 13*1500', NULL, '2026-02-01 14:47:21', NULL, 10, NULL),
(883, 'рем 13*700', NULL, '2026-02-01 14:47:21', NULL, 10, NULL),
(884, 'рем 13*800', NULL, '2026-02-01 14:47:22', NULL, 10, NULL),
(885, 'рем 13*900', NULL, '2026-02-01 14:47:22', NULL, 10, NULL),
(886, 'рем 13*950', NULL, '2026-02-01 14:47:23', NULL, 10, NULL),
(887, 'рем 17*1000', NULL, '2026-02-01 14:47:23', NULL, 10, NULL),
(888, 'рем 17*1050', NULL, '2026-02-01 14:47:24', NULL, 10, NULL),
(889, 'рем 17*1100', NULL, '2026-02-01 14:47:24', NULL, 10, NULL),
(890, 'рем 17*1150', NULL, '2026-02-01 14:47:25', NULL, 10, NULL),
(891, 'рем 17*1200', NULL, '2026-02-01 14:47:25', NULL, 10, NULL),
(892, 'рем 17*1220', NULL, '2026-02-01 14:47:26', NULL, 10, NULL),
(893, 'рем 17*1250', NULL, '2026-02-01 14:47:26', NULL, 10, NULL),
(894, 'рем 17*1300', NULL, '2026-02-01 14:47:27', NULL, 10, NULL),
(895, 'рем 17*1350', NULL, '2026-02-01 14:47:27', NULL, 10, NULL),
(896, 'рем 17*1400', NULL, '2026-02-01 14:47:28', NULL, 10, NULL),
(897, 'рем 17*1450', NULL, '2026-02-01 14:47:28', NULL, 10, NULL),
(898, 'рем 17*1450 зуб', NULL, '2026-02-01 14:47:29', NULL, 10, NULL),
(899, 'рем 17*1500', NULL, '2026-02-01 14:47:29', NULL, 10, NULL),
(900, 'рем 17*1550', NULL, '2026-02-01 14:47:29', NULL, 10, NULL),
(901, 'рем 17*1600 ', NULL, '2026-02-01 14:47:30', NULL, 10, NULL),
(902, 'рем 17*1600 нагз', NULL, '2026-02-01 14:47:30', NULL, 10, NULL),
(903, 'рем 17*1650', NULL, '2026-02-01 14:47:31', NULL, 10, NULL),
(904, 'рем 17*1700', NULL, '2026-02-01 14:47:32', NULL, 10, NULL),
(905, 'рем 17*1750', NULL, '2026-02-01 14:47:32', NULL, 10, NULL),
(906, 'рем 17*1800', NULL, '2026-02-01 14:47:33', NULL, 10, NULL),
(907, 'рем 17*1850', NULL, '2026-02-01 14:47:33', NULL, 10, NULL),
(908, 'рем 17*1900', NULL, '2026-02-01 14:47:34', NULL, 10, NULL),
(909, 'рем 17*1950', NULL, '2026-02-01 14:47:34', NULL, 10, NULL),
(910, 'рем 17*2000', NULL, '2026-02-01 14:47:35', NULL, 10, NULL),
(911, 'рем 17*2100', NULL, '2026-02-01 14:47:35', NULL, 10, NULL),
(912, 'рем 17*2150', NULL, '2026-02-01 14:47:36', NULL, 10, NULL),
(913, 'рем 17*2200', NULL, '2026-02-01 14:47:36', NULL, 10, NULL),
(914, 'рем 17*2240', NULL, '2026-02-01 14:47:37', NULL, 10, NULL),
(915, 'рем 17*2300', NULL, '2026-02-01 14:47:37', NULL, 10, NULL),
(916, 'рем 17*2350', NULL, '2026-02-01 14:47:38', NULL, 10, NULL),
(917, 'рем 17*2400', NULL, '2026-02-01 14:47:38', NULL, 10, NULL),
(918, 'рем 17*2450', NULL, '2026-02-01 14:47:39', NULL, 10, NULL),
(919, 'рем 17*2500', NULL, '2026-02-01 14:47:39', NULL, 10, NULL),
(920, 'рем 17*2550', NULL, '2026-02-01 14:47:39', NULL, 10, NULL),
(921, 'рем 17*2600', NULL, '2026-02-01 14:47:40', NULL, 10, NULL),
(922, 'рем 17*2650', NULL, '2026-02-01 14:47:40', NULL, 10, NULL),
(923, 'рем 17*2700', NULL, '2026-02-01 14:47:41', NULL, 10, NULL),
(924, 'рем 17*2750', NULL, '2026-02-01 14:47:41', NULL, 10, NULL),
(925, 'рем 17*2800', NULL, '2026-02-01 14:47:42', NULL, 10, NULL),
(926, 'рем 17*2850', NULL, '2026-02-01 14:47:43', NULL, 10, NULL),
(927, 'рем 17*2950', NULL, '2026-02-01 14:47:43', NULL, 10, NULL),
(928, 'рем 17*3150', NULL, '2026-02-01 14:47:44', NULL, 10, NULL),
(929, 'рем 17*884', NULL, '2026-02-01 14:47:44', NULL, 10, NULL),
(930, 'рем 17*890', NULL, '2026-02-01 14:47:45', NULL, 10, NULL),
(931, 'рем 17*900', NULL, '2026-02-01 14:47:45', NULL, 10, NULL),
(932, 'рем 17*937', NULL, '2026-02-01 14:47:46', NULL, 10, NULL),
(933, 'рем 17*950', NULL, '2026-02-01 14:47:46', NULL, 10, NULL),
(934, 'рем 2150 немка', NULL, '2026-02-01 14:47:47', NULL, 10, NULL),
(935, 'рем 22*1220  ', NULL, '2026-02-01 14:47:47', NULL, 10, NULL),
(936, 'рем 22*1220 нагз', NULL, '2026-02-01 14:47:48', NULL, 10, NULL),
(937, 'рем 22*1600', NULL, '2026-02-01 14:47:49', NULL, 10, NULL),
(938, 'рем 22*1650', NULL, '2026-02-01 14:47:49', NULL, 10, NULL),
(939, 'рем 22*1700', NULL, '2026-02-01 14:47:49', NULL, 10, NULL),
(940, 'рем 22*1750', NULL, '2026-02-01 14:47:50', NULL, 10, NULL),
(941, 'рем 22*1800', NULL, '2026-02-01 14:47:51', NULL, 10, NULL),
(942, 'рем 22*1850', NULL, '2026-02-01 14:47:51', NULL, 10, NULL),
(943, 'рем 22*1900', NULL, '2026-02-01 14:47:52', NULL, 10, NULL),
(944, 'рем 22*1950', NULL, '2026-02-01 14:47:52', NULL, 10, NULL),
(945, 'рем 22*2000  ', NULL, '2026-02-01 14:47:53', NULL, 10, NULL),
(946, 'рем 22*2000 нагз', NULL, '2026-02-01 14:47:53', NULL, 10, NULL),
(947, 'рем 22*2150', NULL, '2026-02-01 14:47:54', NULL, 10, NULL),
(948, 'рем 22*2240  ', NULL, '2026-02-01 14:47:55', NULL, 10, NULL),
(949, 'рем 22*2240 нагз', NULL, '2026-02-01 14:47:56', NULL, 10, NULL),
(950, 'рем 22*2360  ', NULL, '2026-02-01 14:47:56', NULL, 10, NULL),
(951, 'рем 22*2360 нагз', NULL, '2026-02-01 14:47:58', NULL, 10, NULL),
(952, 'рем 22*2500 нагз', NULL, '2026-02-01 14:47:58', NULL, 10, NULL),
(953, 'рем 22*2550 нагз', NULL, '2026-02-01 14:47:59', NULL, 10, NULL),
(954, 'рем 22*2600', NULL, '2026-02-01 14:48:00', NULL, 10, NULL),
(955, 'рем 22*2650  ', NULL, '2026-02-01 14:48:01', NULL, 10, NULL),
(956, 'рем 22*2650 нагз', NULL, '2026-02-01 14:48:02', NULL, 10, NULL),
(957, 'рем 22*2700  ', NULL, '2026-02-01 14:48:03', NULL, 10, NULL),
(958, 'рем 22*2700 нагз', NULL, '2026-02-01 14:48:04', NULL, 10, NULL),
(959, 'рем 22*2750 нагз', NULL, '2026-02-01 14:48:04', NULL, 10, NULL),
(960, 'рем 22*2800', NULL, '2026-02-01 14:48:05', NULL, 10, NULL),
(961, 'рем 22*3585 нагз', NULL, '2026-02-01 14:48:06', NULL, 10, NULL),
(962, 'рем 22*4000', NULL, '2026-02-01 14:48:07', NULL, 10, NULL),
(963, 'рем 22*4250  ', NULL, '2026-02-01 14:48:07', NULL, 10, NULL),
(964, 'рем 22*4250 нагз', NULL, '2026-02-01 14:48:08', NULL, 10, NULL),
(965, 'рем 22*4350', NULL, '2026-02-01 14:48:08', NULL, 10, NULL),
(966, 'рем 22*4350 нагз', NULL, '2026-02-01 14:48:09', NULL, 10, NULL),
(967, 'рем 22*4750 нагз', NULL, '2026-02-01 14:48:09', NULL, 10, NULL),
(968, 'рем 2600 смд', NULL, '2026-02-01 14:48:10', NULL, 10, NULL),
(969, 'рем 32*1450 зуб', NULL, '2026-02-01 14:48:10', NULL, 10, NULL),
(970, 'рем 32*3475 нагз', NULL, '2026-02-01 14:48:11', NULL, 10, NULL),
(971, 'рем 32*5300 нагз', NULL, '2026-02-01 14:48:11', NULL, 10, NULL),
(972, 'рем 3556 смд нав', NULL, '2026-02-01 14:48:11', NULL, 10, NULL),
(973, 'рем 4000', NULL, '2026-02-01 14:48:12', NULL, 10, NULL),
(974, 'рем 4000 рус', NULL, '2026-02-01 14:48:13', NULL, 10, NULL),
(975, 'ричак вом узб', NULL, '2026-02-01 14:48:13', NULL, 10, NULL),
(976, 'ричак пп', NULL, '2026-02-01 14:48:14', NULL, 10, NULL),
(977, 'ричак пп нав', NULL, '2026-02-01 14:48:14', NULL, 10, NULL),
(978, 'ричак скорс збор', NULL, '2026-02-01 14:48:15', NULL, 10, NULL),
(979, 'ришотка фар ачки', NULL, '2026-02-01 14:48:15', NULL, 10, NULL),
(980, 'ришотка фар пласмас', NULL, '2026-02-01 14:48:16', NULL, 10, NULL),
(981, 'ролик збонак граната калон', NULL, '2026-02-01 14:48:16', NULL, 10, NULL),
(982, 'ролик збонак майда пресс', NULL, '2026-02-01 14:48:17', NULL, 10, NULL),
(983, 'ролик игла ', NULL, '2026-02-01 14:48:17', NULL, 10, NULL),
(984, 'ролик немка', NULL, '2026-02-01 14:48:18', NULL, 10, NULL),
(985, 'ролик пресс  канаб', NULL, '2026-02-01 14:48:19', NULL, 10, NULL),
(986, 'ролик пресс гитара', NULL, '2026-02-01 14:48:19', NULL, 10, NULL),
(987, 'ролик пресс парак', NULL, '2026-02-01 14:48:20', NULL, 10, NULL),
(988, 'ролик пресс Т ', NULL, '2026-02-01 14:48:21', NULL, 10, NULL),
(989, 'ромбик акушник тч', NULL, '2026-02-01 14:48:22', NULL, 10, NULL),
(990, 'рул ', NULL, '2026-02-01 14:48:23', NULL, 10, NULL),
(991, 'ручка дар', NULL, '2026-02-01 14:48:23', NULL, 10, NULL),
(992, 'ручка дар охан зард', NULL, '2026-02-01 14:48:24', NULL, 10, NULL),
(993, 'сако пресс', NULL, '2026-02-01 14:48:24', NULL, 10, NULL),
(994, 'сал 100*120 охан', NULL, '2026-02-01 14:48:25', NULL, 10, NULL),
(995, 'сал 100*125', NULL, '2026-02-01 14:48:25', NULL, 10, NULL),
(996, 'сал 105*130', NULL, '2026-02-01 14:48:26', NULL, 10, NULL),
(997, 'сал 110*135', NULL, '2026-02-01 14:48:27', NULL, 10, NULL),
(998, 'сал 110*140', NULL, '2026-02-01 14:48:27', NULL, 10, NULL),
(999, 'сал 120*150', NULL, '2026-02-01 14:48:28', NULL, 10, NULL),
(1000, 'сал 140*170', NULL, '2026-02-01 14:48:28', NULL, 10, NULL),
(1001, 'сал 20*40', NULL, '2026-02-01 14:48:29', NULL, 10, NULL),
(1002, 'сал 22*32', NULL, '2026-02-01 14:48:29', NULL, 10, NULL),
(1003, 'сал 22*42', NULL, '2026-02-01 14:48:30', NULL, 10, NULL),
(1004, 'сал 25*42', NULL, '2026-02-01 14:48:30', NULL, 10, NULL),
(1005, 'сал 28*47', NULL, '2026-02-01 14:48:31', NULL, 10, NULL),
(1006, 'сал 30*52', NULL, '2026-02-01 14:48:32', NULL, 10, NULL),
(1007, 'сал 35*58', NULL, '2026-02-01 14:48:32', NULL, 10, NULL),
(1008, 'сал 38*52', NULL, '2026-02-01 14:48:33', NULL, 10, NULL),
(1009, 'сал 38*56', NULL, '2026-02-01 14:48:33', NULL, 10, NULL),
(1010, 'сал 38*58', NULL, '2026-02-01 14:48:34', NULL, 10, NULL),
(1011, 'сал 38*62', NULL, '2026-02-01 14:48:34', NULL, 10, NULL),
(1012, 'сал 38*65', NULL, '2026-02-01 14:48:35', NULL, 10, NULL),
(1013, 'сал 40*60', NULL, '2026-02-01 14:48:35', NULL, 10, NULL),
(1014, 'сал 40*62', NULL, '2026-02-01 14:48:36', NULL, 10, NULL),
(1015, 'сал 42*62', NULL, '2026-02-01 14:48:37', NULL, 10, NULL),
(1016, 'сал 42*72', NULL, '2026-02-01 14:48:38', NULL, 10, NULL),
(1017, 'сал 45*65', NULL, '2026-02-01 14:48:38', NULL, 10, NULL),
(1018, 'сал 48*72', NULL, '2026-02-01 14:48:40', NULL, 10, NULL),
(1019, 'сал 50*70', NULL, '2026-02-01 14:48:41', NULL, 10, NULL),
(1020, 'сал 50*70 охан', NULL, '2026-02-01 14:48:41', NULL, 10, NULL),
(1021, 'сал 50*72', NULL, '2026-02-01 14:48:42', NULL, 10, NULL),
(1022, 'сал 52*72', NULL, '2026-02-01 14:48:42', NULL, 10, NULL),
(1023, 'сал 55*72', NULL, '2026-02-01 14:48:43', NULL, 10, NULL),
(1024, 'сал 55*80', NULL, '2026-02-01 14:48:45', NULL, 10, NULL),
(1025, 'сал 60*85', NULL, '2026-02-01 14:48:45', NULL, 10, NULL),
(1026, 'сал 65*100', NULL, '2026-02-01 14:48:46', NULL, 10, NULL),
(1027, 'сал 65*90', NULL, '2026-02-01 14:48:48', NULL, 10, NULL),
(1028, 'сал 70*92', NULL, '2026-02-01 14:48:49', NULL, 10, NULL),
(1029, 'сал 75*100', NULL, '2026-02-01 14:48:49', NULL, 10, NULL),
(1030, 'сал 80*105', NULL, '2026-02-01 14:48:50', NULL, 10, NULL),
(1031, 'сал 85*110', NULL, '2026-02-01 14:48:50', NULL, 10, NULL),
(1032, 'сал 90*120', NULL, '2026-02-01 14:48:51', NULL, 10, NULL),
(1033, 'сал 92*120', NULL, '2026-02-01 14:48:52', NULL, 10, NULL),
(1034, 'сал 95*120', NULL, '2026-02-01 14:48:53', NULL, 10, NULL),
(1035, 'сал апарат ', NULL, '2026-02-01 14:48:53', NULL, 10, NULL),
(1036, 'сал вариатор немка', NULL, '2026-02-01 14:48:54', NULL, 10, NULL),
(1037, 'сал гилзо смд', NULL, '2026-02-01 14:48:55', NULL, 10, NULL),
(1038, 'сал гур мтз', NULL, '2026-02-01 14:48:57', NULL, 10, NULL),
(1039, 'сал гур т-28', NULL, '2026-02-01 14:48:57', NULL, 10, NULL),
(1040, 'сал гур т-40', NULL, '2026-02-01 14:48:58', NULL, 10, NULL),
(1041, 'сал жатка смд', NULL, '2026-02-01 14:48:58', NULL, 10, NULL),
(1042, 'сал капнител смд рус ', NULL, '2026-02-01 14:48:59', NULL, 10, NULL),
(1043, 'сал картер байракча  рус', NULL, '2026-02-01 14:48:59', NULL, 10, NULL),
(1044, 'сал картер байракча мтз ', NULL, '2026-02-01 14:49:00', NULL, 10, NULL),
(1045, 'сал картер байракча юмз ', NULL, '2026-02-01 14:49:00', NULL, 10, NULL),
(1046, 'сал клапан камаз', NULL, '2026-02-01 14:49:00', NULL, 10, NULL),
(1047, 'сал клапан охан', NULL, '2026-02-01 14:49:01', NULL, 10, NULL),
(1048, 'сал клапан рус', NULL, '2026-02-01 14:49:01', NULL, 10, NULL),
(1049, 'сал насос 1221', NULL, '2026-02-01 14:49:03', NULL, 10, NULL),
(1050, 'сал нш 100 пахта', NULL, '2026-02-01 14:49:03', NULL, 10, NULL),
(1051, 'сал паварот юмз', NULL, '2026-02-01 14:49:04', NULL, 10, NULL),
(1052, 'сал передог  ', NULL, '2026-02-01 14:49:05', NULL, 10, NULL),
(1053, 'сал передог нав', NULL, '2026-02-01 14:49:06', NULL, 10, NULL),
(1054, 'сал р-80', NULL, '2026-02-01 14:49:06', NULL, 10, NULL),
(1055, 'сал р-80 рус', NULL, '2026-02-01 14:49:07', NULL, 10, NULL),
(1056, 'сал расплидител смд рус', NULL, '2026-02-01 14:49:08', NULL, 10, NULL),
(1057, 'сал слиндр рул', NULL, '2026-02-01 14:49:09', NULL, 10, NULL),
(1058, 'сал смд майда', NULL, '2026-02-01 14:49:09', NULL, 10, NULL),
(1059, 'сал телешка ', NULL, '2026-02-01 14:49:10', NULL, 10, NULL),
(1060, 'сал тяга ', NULL, '2026-02-01 14:49:11', NULL, 10, NULL),
(1061, 'сал фарсунка ', NULL, '2026-02-01 14:49:12', NULL, 10, NULL),
(1062, 'сал цс100', NULL, '2026-02-01 14:49:12', NULL, 10, NULL),
(1063, 'сал цс100 нав рус', NULL, '2026-02-01 14:49:13', NULL, 10, NULL),
(1064, 'сал цс125', NULL, '2026-02-01 14:49:13', NULL, 10, NULL),
(1065, 'сал цс55', NULL, '2026-02-01 14:49:13', NULL, 10, NULL),
(1066, 'сал цс75', NULL, '2026-02-01 14:49:14', NULL, 10, NULL),
(1067, 'сал цс90', NULL, '2026-02-01 14:49:14', NULL, 10, NULL),
(1068, 'сал штангел дехен', NULL, '2026-02-01 14:49:15', NULL, 10, NULL),
(1069, 'сал штангел рус', NULL, '2026-02-01 14:49:16', NULL, 10, NULL),
(1070, 'санг куна', NULL, '2026-02-01 14:49:17', NULL, 10, NULL),
(1071, 'санг нав', NULL, '2026-02-01 14:49:17', NULL, 10, NULL),
(1072, 'сасок ', NULL, '2026-02-01 14:49:18', NULL, 10, NULL),
(1073, 'сафа мтз 50', NULL, '2026-02-01 14:49:19', NULL, 10, NULL),
(1074, 'сафа мтз 80', NULL, '2026-02-01 14:49:20', NULL, 10, NULL),
(1075, 'сафа мтз хит ', NULL, '2026-02-01 14:49:21', NULL, 10, NULL),
(1076, 'сафа немка ', NULL, '2026-02-01 14:49:23', NULL, 10, NULL),
(1077, 'сафедак ', NULL, '2026-02-01 14:49:24', NULL, 10, NULL),
(1078, 'сегмент класс сурх', NULL, '2026-02-01 14:49:24', NULL, 10, NULL),
(1079, 'сегмент прастой', NULL, '2026-02-01 14:49:25', NULL, 10, NULL),
(1080, 'сегмент рус', NULL, '2026-02-01 14:49:25', NULL, 10, NULL),
(1081, 'сегмент сафед ', NULL, '2026-02-01 14:49:26', NULL, 10, NULL),
(1082, 'сегмент шумахер 0,5', NULL, '2026-02-01 14:49:27', NULL, 10, NULL),
(1083, 'сегментча кас ', NULL, '2026-02-01 14:49:27', NULL, 10, NULL),
(1084, 'сегментча немка', NULL, '2026-02-01 14:49:28', NULL, 10, NULL),
(1085, 'сегментча смд', NULL, '2026-02-01 14:49:29', NULL, 10, NULL),
(1086, 'секунча плуг', NULL, '2026-02-01 14:49:30', NULL, 10, NULL),
(1087, 'сентр тяга 1221', NULL, '2026-02-01 14:49:31', NULL, 10, NULL),
(1088, 'сентр тяга сиё', NULL, '2026-02-01 14:49:31', NULL, 10, NULL),
(1089, 'сентр тяга сурх', NULL, '2026-02-01 14:49:33', NULL, 10, NULL),
(1090, 'сентрафуга нав', NULL, '2026-02-01 14:49:33', NULL, 10, NULL),
(1091, 'сенхром калон', NULL, '2026-02-01 14:49:34', NULL, 10, NULL),
(1092, 'сенхром майда', NULL, '2026-02-01 14:49:34', NULL, 10, NULL),
(1093, 'сетка бак мтз', NULL, '2026-02-01 14:49:35', NULL, 10, NULL),
(1094, 'сетка динам зардак', NULL, '2026-02-01 14:49:35', NULL, 10, NULL),
(1095, 'сетка сентрафуга', NULL, '2026-02-01 14:49:36', NULL, 10, NULL),
(1096, 'сигнал ', NULL, '2026-02-01 14:49:36', NULL, 10, NULL),
(1097, 'сидени', NULL, '2026-02-01 14:49:37', NULL, 10, NULL),
(1098, 'сих грабил', NULL, '2026-02-01 14:49:40', NULL, 10, NULL),
(1099, 'сих класс', NULL, '2026-02-01 14:49:42', NULL, 10, NULL),
(1100, 'сих немка', NULL, '2026-02-01 14:49:43', NULL, 10, NULL),
(1101, 'сих преес сиё', NULL, '2026-02-01 14:49:48', NULL, 10, NULL),
(1102, 'сих пресс 0,5', NULL, '2026-02-01 14:49:48', NULL, 10, NULL),
(1103, 'сих пресс л', NULL, '2026-02-01 14:49:48', NULL, 10, NULL),
(1104, 'сих пресс сурх', NULL, '2026-02-01 14:49:49', NULL, 10, NULL),
(1105, 'сих пресс сурх 6', NULL, '2026-02-01 14:49:49', NULL, 10, NULL),
(1106, 'слиндир 100 куна', NULL, '2026-02-01 14:49:50', NULL, 10, NULL),
(1107, 'слиндир 55', NULL, '2026-02-01 14:49:51', NULL, 10, NULL),
(1108, 'слиндир 75', NULL, '2026-02-01 14:49:52', NULL, 10, NULL),
(1109, 'слиндир барабан смд кавут ', NULL, '2026-02-01 14:49:53', NULL, 10, NULL),
(1110, 'слиндир кавут ', NULL, '2026-02-01 14:49:53', NULL, 10, NULL),
(1111, 'слиндир калон кавут', NULL, '2026-02-01 14:49:55', NULL, 10, NULL),
(1112, 'слиндир кас сурх', NULL, '2026-02-01 14:49:55', NULL, 10, NULL),
(1113, 'слиндир нав круг', NULL, '2026-02-01 14:49:55', NULL, 10, NULL),
(1114, 'слиндир оайна майда завод', NULL, '2026-02-01 14:49:56', NULL, 10, NULL),
(1115, 'слиндир ойна дароз', NULL, '2026-02-01 14:49:56', NULL, 10, NULL),
(1116, 'слиндир ойна майда', NULL, '2026-02-01 14:49:57', NULL, 10, NULL),
(1117, 'слиндир рул ', NULL, '2026-02-01 14:49:57', NULL, 10, NULL),
(1118, 'слиндир рул без под', NULL, '2026-02-01 14:49:58', NULL, 10, NULL),
(1119, 'слиндир рул збор ', NULL, '2026-02-01 14:49:58', NULL, 10, NULL),
(1120, 'слиндир сиё калон', NULL, '2026-02-01 14:49:59', NULL, 10, NULL),
(1121, 'слиндир сиё майда', NULL, '2026-02-01 14:50:00', NULL, 10, NULL),
(1122, 'слиндри рул немка', NULL, '2026-02-01 14:50:00', NULL, 10, NULL),
(1123, 'сочка бугушак', NULL, '2026-02-01 14:50:01', NULL, 10, NULL),
(1124, 'сочка гушак', NULL, '2026-02-01 14:50:01', NULL, 10, NULL),
(1125, 'сочка нав 4 гуша', NULL, '2026-02-01 14:50:02', NULL, 10, NULL),
(1126, 'стакан 115', NULL, '2026-02-01 14:50:02', NULL, 10, NULL),
(1127, 'стакан 210 6гуша', NULL, '2026-02-01 14:50:03', NULL, 10, NULL),
(1128, 'стакан 307 безстопор узб', NULL, '2026-02-01 14:50:04', NULL, 10, NULL),
(1129, 'стакан 307 сегкша узб', NULL, '2026-02-01 14:50:04', NULL, 10, NULL),
(1130, 'стакан 38*56', NULL, '2026-02-01 14:50:04', NULL, 10, NULL),
(1131, 'стакан 407 узб', NULL, '2026-02-01 14:50:05', NULL, 10, NULL),
(1132, 'стакан 7610', NULL, '2026-02-01 14:50:06', NULL, 10, NULL),
(1133, 'стакан виж голи', NULL, '2026-02-01 14:50:07', NULL, 10, NULL),
(1134, 'стакан виж збор', NULL, '2026-02-01 14:50:07', NULL, 10, NULL),
(1135, 'стакан гилза передог сафед', NULL, '2026-02-01 14:50:07', NULL, 10, NULL),
(1136, 'стакан гилза передог сиё', NULL, '2026-02-01 14:50:08', NULL, 10, NULL),
(1137, 'стакан кожух калон', NULL, '2026-02-01 14:50:10', NULL, 10, NULL),
(1138, 'стакан кожух майда', NULL, '2026-02-01 14:50:10', NULL, 10, NULL),
(1139, 'стакан кришка редуктор 5', NULL, '2026-02-01 14:50:11', NULL, 10, NULL),
(1140, 'стакан мтз 210 сегкша узб', NULL, '2026-02-01 14:50:12', NULL, 10, NULL),
(1141, 'стакан немка 4 гуша зангор', NULL, '2026-02-01 14:50:13', NULL, 10, NULL),
(1142, 'стакан немка 4 гуша сиё', NULL, '2026-02-01 14:50:13', NULL, 10, NULL),
(1143, 'стакан немка вижимной', NULL, '2026-02-01 14:50:14', NULL, 10, NULL),
(1144, 'стакан падвесной', NULL, '2026-02-01 14:50:14', NULL, 10, NULL),
(1145, 'стакан падвесной калон', NULL, '2026-02-01 14:50:16', NULL, 10, NULL),
(1146, 'стакан рул мтз рус', NULL, '2026-02-01 14:50:16', NULL, 10, NULL),
(1147, 'стакан рул мтз+т-28 рус', NULL, '2026-02-01 14:50:17', NULL, 10, NULL),
(1148, 'стакан рул т-28 рус', NULL, '2026-02-01 14:50:19', NULL, 10, NULL),
(1149, 'стакан сегуша', NULL, '2026-02-01 14:50:20', NULL, 10, NULL),
(1150, 'стакан степлений калон', NULL, '2026-02-01 14:50:20', NULL, 10, NULL),
(1151, 'стакан юмз никил птак', NULL, '2026-02-01 14:50:21', NULL, 10, NULL),
(1152, 'статир 24в', NULL, '2026-02-01 14:50:21', NULL, 10, NULL),
(1153, 'статир агро', NULL, '2026-02-01 14:50:22', NULL, 10, NULL),
(1154, 'статир беларус', NULL, '2026-02-01 14:50:23', NULL, 10, NULL),
(1155, 'статир дехен', NULL, '2026-02-01 14:50:25', NULL, 10, NULL),
(1156, 'статир магнетон 275ю', NULL, '2026-02-01 14:50:25', NULL, 10, NULL),
(1157, 'статир магнитон ', NULL, '2026-02-01 14:50:26', NULL, 10, NULL),
(1158, 'статир нав 12в дехен', NULL, '2026-02-01 14:50:26', NULL, 10, NULL),
(1159, 'статир нав 12в чубан', NULL, '2026-02-01 14:50:27', NULL, 10, NULL),
(1160, 'статир нав 24 чубан', NULL, '2026-02-01 14:50:27', NULL, 10, NULL),
(1161, 'статир нав 24в дехен', NULL, '2026-02-01 14:50:28', NULL, 10, NULL),
(1162, 'статир чубан', NULL, '2026-02-01 14:50:28', NULL, 10, NULL),
(1163, 'стойка заднивид', NULL, '2026-02-01 14:50:29', NULL, 10, NULL),
(1164, 'стойка матур ', NULL, '2026-02-01 14:50:29', NULL, 10, NULL),
(1165, 'стойка падфар задни', NULL, '2026-02-01 14:50:30', NULL, 10, NULL),
(1166, 'стойка падфар пеш', NULL, '2026-02-01 14:50:31', NULL, 10, NULL),
(1167, 'стойка падфар рост турба', NULL, '2026-02-01 14:50:32', NULL, 10, NULL),
(1168, 'стойка падфар чап турба', NULL, '2026-02-01 14:50:32', NULL, 10, NULL),
(1169, 'стойка сако пресс калон', NULL, '2026-02-01 14:50:33', NULL, 10, NULL),
(1170, 'стойка сафа немка зангор', NULL, '2026-02-01 14:50:33', NULL, 10, NULL),
(1171, 'стойка слиндир калон', NULL, '2026-02-01 14:50:34', NULL, 10, NULL),
(1172, 'стойка слиндир майда', NULL, '2026-02-01 14:50:34', NULL, 10, NULL),
(1173, 'стойка слиндир рул', NULL, '2026-02-01 14:50:35', NULL, 10, NULL),
(1174, 'стойка слиндир рул куна', NULL, '2026-02-01 14:50:36', NULL, 10, NULL),
(1175, 'стойка слиндир рул майда', NULL, '2026-02-01 14:50:37', NULL, 10, NULL),
(1176, 'стойка слиндр 100 4 гуша замок', NULL, '2026-02-01 14:50:38', NULL, 10, NULL),
(1177, 'стойка статир ', NULL, '2026-02-01 14:50:39', NULL, 10, NULL),
(1178, 'стойка чизел калон тч', NULL, '2026-02-01 14:50:40', NULL, 10, NULL),
(1179, 'стойка чизел майда тч', NULL, '2026-02-01 14:50:40', NULL, 10, NULL),
(1180, 'стопор майда ', NULL, '2026-02-01 14:50:41', NULL, 10, NULL),
(1181, 'стопор полос ', NULL, '2026-02-01 14:50:41', NULL, 10, NULL),
(1182, 'ступиса задни замок', NULL, '2026-02-01 14:50:43', NULL, 10, NULL),
(1183, 'ступиса передни', NULL, '2026-02-01 14:50:43', NULL, 10, NULL),
(1184, 'ступиса передни збор', NULL, '2026-02-01 14:50:44', NULL, 10, NULL),
(1185, 'Т пресс', NULL, '2026-02-01 14:50:44', NULL, 10, NULL),
(1186, 'тарноб пресс', NULL, '2026-02-01 14:50:45', NULL, 10, NULL),
(1187, 'термостат 80', NULL, '2026-02-01 14:50:45', NULL, 10, NULL),
(1188, 'термостат 87', NULL, '2026-02-01 14:50:46', NULL, 10, NULL),
(1189, 'термостат збор', NULL, '2026-02-01 14:50:46', NULL, 10, NULL),
(1190, 'тилвизор пресс', NULL, '2026-02-01 14:50:47', NULL, 10, NULL),
(1191, 'транспартиёр смд', NULL, '2026-02-01 14:50:47', NULL, 10, NULL),
(1192, 'трос газ 1540', NULL, '2026-02-01 14:50:48', NULL, 10, NULL),
(1193, 'трос газ 1660', NULL, '2026-02-01 14:50:49', NULL, 10, NULL),
(1194, 'трос откл 1662', NULL, '2026-02-01 14:50:50', NULL, 10, NULL),
(1195, 'трубка абратка алюмен', NULL, '2026-02-01 14:50:50', NULL, 10, NULL),
(1196, 'трубка абратка камаз', NULL, '2026-02-01 14:50:51', NULL, 10, NULL),
(1197, 'трубка абратка мед', NULL, '2026-02-01 14:50:51', NULL, 10, NULL),
(1198, 'трубка високи 0,5', NULL, '2026-02-01 14:50:52', NULL, 10, NULL),
(1199, 'трубка високи 0,8', NULL, '2026-02-01 14:50:52', NULL, 10, NULL),
(1200, 'трубка високи 1', NULL, '2026-02-01 14:50:52', NULL, 10, NULL),
(1201, 'трубка високи 1,2', NULL, '2026-02-01 14:50:54', NULL, 10, NULL),
(1202, 'трубка високи 1,5', NULL, '2026-02-01 14:50:54', NULL, 10, NULL),
(1203, 'трубка високи 75', NULL, '2026-02-01 14:50:55', NULL, 10, NULL),
(1204, 'трубка мед 0,3', NULL, '2026-02-01 14:50:56', NULL, 10, NULL),
(1205, 'трубка мед 0,5', NULL, '2026-02-01 14:50:57', NULL, 10, NULL),
(1206, 'трубка мед 0,8', NULL, '2026-02-01 14:50:58', NULL, 10, NULL),
(1207, 'трубка мед 17 масло', NULL, '2026-02-01 14:50:58', NULL, 10, NULL),
(1208, 'трубка мтз високи збор', NULL, '2026-02-01 14:50:59', NULL, 10, NULL),
(1209, 'трубка нш турба', NULL, '2026-02-01 14:50:59', NULL, 10, NULL),
(1210, 'тукапаварот ', NULL, '2026-02-01 14:51:00', NULL, 10, NULL),
(1211, 'тунука вал калон', NULL, '2026-02-01 14:51:00', NULL, 10, NULL),
(1212, 'тунука вал майда', NULL, '2026-02-01 14:51:01', NULL, 10, NULL),
(1213, 'турба сафа куна', NULL, '2026-02-01 14:51:01', NULL, 10, NULL),
(1214, 'турбавал дехен', NULL, '2026-02-01 14:51:02', NULL, 10, NULL),
(1215, 'турбавал юмз', NULL, '2026-02-01 14:51:02', NULL, 10, NULL),
(1216, 'турбавал тара', NULL, '2026-02-01 14:51:03', NULL, 10, NULL),
(1217, 'турбо 27', NULL, '2026-02-01 14:51:03', NULL, 10, NULL),
(1218, 'турбо 6', NULL, '2026-02-01 14:51:04', NULL, 10, NULL),
(1219, 'турбо 6 рус', NULL, '2026-02-01 14:51:04', NULL, 10, NULL),
(1220, 'турбо 6,5', NULL, '2026-02-01 14:51:05', NULL, 10, NULL),
(1221, 'турбо 7', NULL, '2026-02-01 14:51:05', NULL, 10, NULL),
(1222, 'турбо 8,5 рус', NULL, '2026-02-01 14:51:06', NULL, 10, NULL),
(1223, 'турбтарошак пресс', NULL, '2026-02-01 14:51:07', NULL, 10, NULL),
(1224, 'тяга мтз', NULL, '2026-02-01 14:51:07', NULL, 10, NULL),
(1225, 'тяга нав', NULL, '2026-02-01 14:51:08', NULL, 10, NULL),
(1226, 'учок ', NULL, '2026-02-01 14:51:08', NULL, 10, NULL),
(1227, 'ушка нш 10', NULL, '2026-02-01 14:51:09', NULL, 10, NULL),
(1228, 'ушка нш 32', NULL, '2026-02-01 14:51:09', NULL, 10, NULL),
(1229, 'ушка нш 32 2х', NULL, '2026-02-01 14:51:10', NULL, 10, NULL),
(1230, 'ушка нш 32 камаз', NULL, '2026-02-01 14:51:11', NULL, 10, NULL),
(1231, 'ушка нш 32 турба ', NULL, '2026-02-01 14:51:12', NULL, 10, NULL),
(1232, 'ушка нш 50', NULL, '2026-02-01 14:51:13', NULL, 10, NULL),
(1233, 'ушка нш 50 камаз', NULL, '2026-02-01 14:51:14', NULL, 10, NULL),
(1234, 'ушка нш 50 турбо ', NULL, '2026-02-01 14:51:15', NULL, 10, NULL),
(1235, 'фалагмон смд', NULL, '2026-02-01 14:51:15', NULL, 10, NULL),
(1236, 'Фар  LED 18 диод.', NULL, '2026-02-01 14:51:18', NULL, 10, 'T985'),
(1237, 'фар 10ю 3', NULL, '2026-02-01 14:51:18', NULL, 10, NULL),
(1238, 'фар 10ю 3г', NULL, '2026-02-01 14:51:19', NULL, 10, NULL),
(1239, 'фар 15ю 16 лампочка', NULL, '2026-02-01 14:51:20', NULL, 10, 'Y0334'),
(1240, 'фар 16ю 4б', NULL, '2026-02-01 14:51:22', NULL, 10, NULL),
(1241, 'фар 16ю 4г', NULL, '2026-02-01 14:51:23', NULL, 10, NULL),
(1242, 'фар 18ю сафед', NULL, '2026-02-01 14:51:23', NULL, 10, NULL),
(1243, 'фар 21ю', NULL, '2026-02-01 14:51:24', NULL, 10, 'Y0940'),
(1244, 'фар 22ю 28 Лампочка', NULL, '2026-02-01 14:51:25', NULL, 10, 'Y0379'),
(1245, 'фар 22ю 5', NULL, '2026-02-01 14:51:25', NULL, 10, NULL),
(1246, 'фар 22ю блур ', NULL, '2026-02-01 14:51:27', NULL, 10, NULL),
(1247, 'фар 23ю 36 Лампочка', NULL, '2026-02-01 14:51:27', NULL, 10, 'Y0333'),
(1248, 'фар 24ю мигалка', NULL, '2026-02-01 14:51:28', NULL, 10, NULL),
(1249, 'фар 28ю блур ', NULL, '2026-02-01 14:51:28', NULL, 10, NULL),
(1250, 'фар 27ю 7', NULL, '2026-02-01 14:51:29', NULL, 10, NULL),
(1251, 'фар 30ю 7', NULL, '2026-02-01 14:51:30', NULL, 10, NULL),
(1252, 'фар 31ю 48 Лампочка', NULL, '2026-02-01 14:51:30', NULL, 10, 'Y0146'),
(1253, 'фар 38ю безлампочка', NULL, '2026-02-01 14:51:31', NULL, 10, NULL),
(1254, 'фар 68ю круг лед', NULL, '2026-02-01 14:51:31', NULL, 10, NULL),
(1255, 'фар круг дехен', NULL, '2026-02-01 14:51:32', NULL, 10, NULL),
(1256, 'фар круг лед', NULL, '2026-02-01 14:51:32', NULL, 10, 'L0070'),
(1257, 'фар нав', NULL, '2026-02-01 14:51:33', NULL, 10, NULL),
(1258, 'фар нав лед', NULL, '2026-02-01 14:51:33', NULL, 10, 'Y1172'),
(1259, 'фар плоски ', NULL, '2026-02-01 14:51:34', NULL, 10, NULL),
(1260, 'фар чоркунча куна', NULL, '2026-02-01 14:51:35', NULL, 10, NULL),
(1261, 'фарсунка 1221', NULL, '2026-02-01 14:51:35', NULL, 10, NULL),
(1262, 'фарсунка дехен', NULL, '2026-02-01 14:51:36', NULL, 10, NULL),
(1263, 'фарсунка мтз прастой', NULL, '2026-02-01 14:51:36', NULL, 10, NULL),
(1264, 'фередо 75 парус', NULL, '2026-02-01 14:51:37', NULL, 10, NULL),
(1265, 'фередо 75 прастой  ', NULL, '2026-02-01 14:51:38', NULL, 10, NULL),
(1266, 'фередо 75 прастой сурх', NULL, '2026-02-01 14:51:39', NULL, 10, NULL),
(1267, 'фередо мтз агро пур', NULL, '2026-02-01 14:51:39', NULL, 10, NULL),
(1268, 'фередо мтз агро рез', NULL, '2026-02-01 14:51:39', NULL, 10, NULL),
(1269, 'фередо мтз беларус пур ', NULL, '2026-02-01 14:51:40', NULL, 10, NULL),
(1270, 'фередо мтз беларус рез', NULL, '2026-02-01 14:51:41', NULL, 10, NULL),
(1271, 'фередо мтз дехен пуржин', NULL, '2026-02-01 14:51:41', NULL, 10, NULL),
(1272, 'фередо мтз дехен резина', NULL, '2026-02-01 14:51:42', NULL, 10, NULL),
(1273, 'фередо мтз парус пуржин', NULL, '2026-02-01 14:51:43', NULL, 10, NULL),
(1274, 'фередо мтз прастой пуржин', NULL, '2026-02-01 14:51:43', NULL, 10, NULL),
(1275, 'фередо мтз прастой резина', NULL, '2026-02-01 14:51:44', NULL, 10, NULL),
(1276, 'фередо мтз рус резина', NULL, '2026-02-01 14:51:44', NULL, 10, NULL),
(1277, 'фередо мтз сурх пуржин', NULL, '2026-02-01 14:51:45', NULL, 10, NULL),
(1278, 'фередо мтз сурх резина', NULL, '2026-02-01 14:51:45', NULL, 10, NULL),
(1279, 'фередо мтз тара пуржин', NULL, '2026-02-01 14:51:46', NULL, 10, NULL),
(1280, 'фередо мтз тара резина', NULL, '2026-02-01 14:51:46', NULL, 10, NULL),
(1281, 'фередо смд ', NULL, '2026-02-01 14:51:47', NULL, 10, NULL),
(1282, 'фередо смд парус', NULL, '2026-02-01 14:51:47', NULL, 10, NULL),
(1283, 'фередо т-25', NULL, '2026-02-01 14:51:48', NULL, 10, NULL),
(1284, 'фередо т-28 дехен', NULL, '2026-02-01 14:51:48', NULL, 10, NULL),
(1285, 'фередо т-28 тара', NULL, '2026-02-01 14:51:49', NULL, 10, NULL),
(1286, 'фередо т-40', NULL, '2026-02-01 14:51:50', NULL, 10, NULL),
(1287, 'фередо юмз вом', NULL, '2026-02-01 14:51:50', NULL, 10, NULL),
(1288, 'фередо юмз китат', NULL, '2026-02-01 14:51:51', NULL, 10, NULL),
(1289, 'фередо юмз прастой', NULL, '2026-02-01 14:51:51', NULL, 10, NULL),
(1290, 'фередо юмз тара', NULL, '2026-02-01 14:51:52', NULL, 10, NULL),
(1291, 'фередоча 1221   ', NULL, '2026-02-01 14:51:52', NULL, 10, NULL),
(1292, 'фередоча 1221 тара', NULL, '2026-02-01 14:51:53', NULL, 10, NULL),
(1293, 'фередоча мтз  ', NULL, '2026-02-01 14:51:53', NULL, 10, NULL),
(1294, 'фередоча мтз тара', NULL, '2026-02-01 14:51:54', NULL, 10, NULL),
(1295, 'филтир воздух мтз майда 80-90л', NULL, '2026-02-01 14:51:54', NULL, 10, NULL),
(1296, 'филтир воздух нав калон 450', NULL, '2026-02-01 14:51:55', NULL, 10, NULL),
(1297, 'филтир воздух смд 320', NULL, '2026-02-01 14:51:55', NULL, 10, NULL),
(1298, 'филтир воздух средни зилбичок 130', NULL, '2026-02-01 14:51:56', NULL, 10, NULL),
(1299, 'филтир гидрабачок куна', NULL, '2026-02-01 14:51:56', NULL, 10, NULL),
(1300, 'филтир масло   ', NULL, '2026-02-01 14:51:57', NULL, 10, NULL),
(1301, 'филтир масло 1221 дехен', NULL, '2026-02-01 14:51:57', NULL, 10, NULL),
(1302, 'филтир масло рус', NULL, '2026-02-01 14:51:58', NULL, 10, NULL),
(1303, 'филтир масло смд', NULL, '2026-02-01 14:51:58', NULL, 10, NULL),
(1304, 'филтир печка ', NULL, '2026-02-01 14:51:58', NULL, 10, NULL),
(1305, 'филтир радиатор', NULL, '2026-02-01 14:51:59', NULL, 10, NULL),
(1306, 'филтир рус ', NULL, '2026-02-01 14:51:59', NULL, 10, NULL),
(1307, 'филтир смд рус', NULL, '2026-02-01 14:52:00', NULL, 10, NULL),
(1308, 'филтир соларка ', NULL, '2026-02-01 14:52:00', NULL, 10, NULL),
(1309, 'филтир соларка 1221', NULL, '2026-02-01 14:52:01', NULL, 10, NULL),
(1310, 'филтир соларка рус', NULL, '2026-02-01 14:52:01', NULL, 10, NULL),
(1311, 'фкисатор ', NULL, '2026-02-01 14:52:02', NULL, 10, NULL),
(1312, 'фланес немка виж', NULL, '2026-02-01 14:52:02', NULL, 10, NULL),
(1313, 'фланес смд боло', NULL, '2026-02-01 14:52:03', NULL, 10, NULL),
(1314, 'фланес смд таг', NULL, '2026-02-01 14:52:04', NULL, 10, NULL),
(1315, 'фланес юмз', NULL, '2026-02-01 14:52:04', NULL, 10, NULL),
(1316, 'фтулка 43з', NULL, '2026-02-01 14:52:05', NULL, 10, NULL),
(1317, 'фтулка 8 немка', NULL, '2026-02-01 14:52:06', NULL, 10, NULL),
(1318, 'фтулка а-01', NULL, '2026-02-01 14:52:06', NULL, 10, NULL),
(1319, 'фтулка браслет смд', NULL, '2026-02-01 14:52:07', NULL, 10, NULL),
(1320, 'фтулка брус', NULL, '2026-02-01 14:52:07', NULL, 10, NULL),
(1321, 'фтулка зажигани', NULL, '2026-02-01 14:52:08', NULL, 10, NULL),
(1322, 'фтулка култиватор', NULL, '2026-02-01 14:52:08', NULL, 10, NULL),
(1323, 'фтулка мтз', NULL, '2026-02-01 14:52:09', NULL, 10, NULL),
(1324, 'фтулка ос', NULL, '2026-02-01 14:52:10', NULL, 10, NULL),
(1325, 'фтулка паразит т-28', NULL, '2026-02-01 14:52:10', NULL, 10, NULL),
(1326, 'фтулка поршен пресс', NULL, '2026-02-01 14:52:11', NULL, 10, NULL),
(1327, 'фтулка правишни вал мтз', NULL, '2026-02-01 14:52:11', NULL, 10, NULL),
(1328, 'фтулка пресс вал гушак', NULL, '2026-02-01 14:52:12', NULL, 10, NULL),
(1329, 'фтулка пресс сако ', NULL, '2026-02-01 14:52:12', NULL, 10, NULL),
(1330, 'фтулка саталит бронза', NULL, '2026-02-01 14:52:13', NULL, 10, NULL),
(1331, 'фтулка сафа калон', NULL, '2026-02-01 14:52:13', NULL, 10, NULL),
(1332, 'фтулка сафа майда', NULL, '2026-02-01 14:52:14', NULL, 10, NULL),
(1333, 'фтулка сафа пласмас', NULL, '2026-02-01 14:52:14', NULL, 10, NULL),
(1334, 'фтулка сафа юмз', NULL, '2026-02-01 14:52:15', NULL, 10, NULL),
(1335, 'фтулка Т преес', NULL, '2026-02-01 14:52:15', NULL, 10, NULL),
(1336, 'фтулка т-28', NULL, '2026-02-01 14:52:16', NULL, 10, NULL),
(1337, 'фтулка турбавал', NULL, '2026-02-01 14:52:16', NULL, 10, NULL),
(1338, 'фтулка юмз', NULL, '2026-02-01 14:52:17', NULL, 10, NULL),
(1339, 'фтулка юмз 20*40', NULL, '2026-02-01 14:52:17', NULL, 10, NULL),
(1340, 'фтягиши ', NULL, '2026-02-01 14:52:18', NULL, 10, NULL),
(1341, 'фтягиши куна калон', NULL, '2026-02-01 14:52:18', NULL, 10, NULL),
(1342, 'халка натиаж 1221', NULL, '2026-02-01 14:52:19', NULL, 10, NULL),
(1343, 'халка сафед', NULL, '2026-02-01 14:52:19', NULL, 10, NULL),
(1344, 'халка сиё ', NULL, '2026-02-01 14:52:19', NULL, 10, NULL),
(1345, 'хамуд глазок', NULL, '2026-02-01 14:52:20', NULL, 10, NULL),
(1346, 'хамуд немка сиё', NULL, '2026-02-01 14:52:20', NULL, 10, NULL),
(1347, 'хамуд пресс', NULL, '2026-02-01 14:52:21', NULL, 10, NULL),
(1348, 'хамуд пресс калон', NULL, '2026-02-01 14:52:21', NULL, 10, NULL),
(1349, 'хваставик', NULL, '2026-02-01 14:52:22', NULL, 10, NULL),
(1350, 'цеп 15,5 ', NULL, '2026-02-01 14:52:22', NULL, 10, NULL),
(1351, 'цеп 19 1,5 ', NULL, '2026-02-01 14:52:23', NULL, 10, NULL),
(1352, 'цеп 19 1,5 нагз', NULL, '2026-02-01 14:52:23', NULL, 10, NULL),
(1353, 'цеп 19 5м', NULL, '2026-02-01 14:52:24', NULL, 10, NULL),
(1354, 'цеп 24 1 рада', NULL, '2026-02-01 14:52:24', NULL, 10, NULL),
(1355, 'цеп 24 2 рада', NULL, '2026-02-01 14:52:25', NULL, 10, NULL),
(1356, 'цеп транпартиёр мобайн', NULL, '2026-02-01 14:52:25', NULL, 10, NULL),
(1357, 'цеп транпартиёр чед', NULL, '2026-02-01 14:52:26', NULL, 10, NULL),
(1358, 'цеп элеватор 34', NULL, '2026-02-01 14:52:26', NULL, 10, NULL),
(1359, 'цеп элеватор 41', NULL, '2026-02-01 14:52:27', NULL, 10, NULL),
(1360, 'червяк рул ', NULL, '2026-02-01 14:52:28', NULL, 10, NULL),
(1361, 'чехол газ', NULL, '2026-02-01 14:52:28', NULL, 10, NULL),
(1362, 'чехол скорс нав', NULL, '2026-02-01 14:52:29', NULL, 10, NULL),
(1363, 'чехол тормуз', NULL, '2026-02-01 14:52:31', NULL, 10, NULL),
(1364, 'чилик мтз куна', NULL, '2026-02-01 14:52:31', NULL, 10, NULL),
(1365, 'чилик мтз нав 1221', NULL, '2026-02-01 14:52:32', NULL, 10, NULL),
(1366, 'чушкача смд', NULL, '2026-02-01 14:52:32', NULL, 10, NULL),
(1367, 'шайбо 12 рез ', NULL, '2026-02-01 14:52:33', NULL, 10, NULL),
(1368, 'шайбо 14 алюмен', NULL, '2026-02-01 14:52:33', NULL, 10, NULL),
(1369, 'шайбо 14 мед', NULL, '2026-02-01 14:52:34', NULL, 10, NULL),
(1370, 'шайбо 14 мед арзон', NULL, '2026-02-01 14:52:35', NULL, 10, NULL),
(1371, 'шайбо 14 нагз', NULL, '2026-02-01 14:52:36', NULL, 10, NULL),
(1372, 'шайбо 14 рез ', NULL, '2026-02-01 14:52:37', NULL, 10, NULL),
(1373, 'шайбо 17рез', NULL, '2026-02-01 14:52:37', NULL, 10, NULL),
(1374, 'шайбо 19 мед', NULL, '2026-02-01 14:52:38', NULL, 10, NULL),
(1375, 'шайбо 19 мед арзон', NULL, '2026-02-01 14:52:38', NULL, 10, NULL),
(1376, 'шайбо 19 нагз', NULL, '2026-02-01 14:52:39', NULL, 10, NULL),
(1377, 'шайбо 19 рез ', NULL, '2026-02-01 14:52:39', NULL, 10, NULL),
(1378, 'шайбо 30 резина', NULL, '2026-02-01 14:52:40', NULL, 10, NULL),
(1379, 'шайбо 8 немка', NULL, '2026-02-01 14:52:40', NULL, 10, NULL),
(1380, 'шайбо гилза т-28', NULL, '2026-02-01 14:52:41', NULL, 10, NULL),
(1381, 'шайбо поршен пресс', NULL, '2026-02-01 14:52:41', NULL, 10, NULL),
(1382, 'шайбо саталит круг', NULL, '2026-02-01 14:52:42', NULL, 10, NULL),
(1383, 'шайбо саталит чоркунча', NULL, '2026-02-01 14:52:42', NULL, 10, NULL),
(1384, 'шайбо турбавал', NULL, '2026-02-01 14:52:42', NULL, 10, NULL),
(1385, 'шайбо фарсунка', NULL, '2026-02-01 14:52:43', NULL, 10, NULL),
(1386, 'шакладка 75', NULL, '2026-02-01 14:52:43', NULL, 10, NULL),
(1387, 'шакладка динам', NULL, '2026-02-01 14:52:44', NULL, 10, NULL),
(1388, 'шатун каселка', NULL, '2026-02-01 14:52:44', NULL, 10, NULL),
(1389, 'шатун мтз ', NULL, '2026-02-01 14:52:45', NULL, 10, NULL),
(1390, 'шатун нав мтз 260', NULL, '2026-02-01 14:52:45', NULL, 10, NULL),
(1391, 'шем мтз 21з покистон', NULL, '2026-02-01 14:52:46', NULL, 10, NULL),
(1392, 'шес 75 34з', NULL, '2026-02-01 14:52:46', NULL, 10, NULL),
(1393, 'шес 75 48з', NULL, '2026-02-01 14:52:47', NULL, 10, NULL),
(1394, 'шес 75 галтак', NULL, '2026-02-01 14:52:47', NULL, 10, NULL),
(1395, 'шес бартавой дароз', NULL, '2026-02-01 14:52:48', NULL, 10, NULL),
(1396, 'шес бартавой дехен дароз', NULL, '2026-02-01 14:52:48', NULL, 10, NULL),
(1397, 'шес бартавой кута ', NULL, '2026-02-01 14:52:49', NULL, 10, NULL),
(1398, 'шес бартавой парус дароз', NULL, '2026-02-01 14:52:50', NULL, 10, NULL),
(1399, 'шес бартавой тара дароз ', NULL, '2026-02-01 14:52:50', NULL, 10, NULL),
(1400, 'шес бартавой тара кута', NULL, '2026-02-01 14:52:51', NULL, 10, NULL),
(1401, 'шес вом мтз ', NULL, '2026-02-01 14:52:51', NULL, 10, NULL),
(1402, 'шес гидранасас', NULL, '2026-02-01 14:52:52', NULL, 10, NULL),
(1403, 'шес дег мтз', NULL, '2026-02-01 14:52:52', NULL, 10, NULL),
(1404, 'шес мтз 12', NULL, '2026-02-01 14:52:52', NULL, 10, NULL),
(1405, 'шес мтз 15з бартавой', NULL, '2026-02-01 14:52:53', NULL, 10, NULL),
(1406, 'шес мтз 17', NULL, '2026-02-01 14:52:54', NULL, 10, NULL),
(1407, 'шес мтз 19*38 ', NULL, '2026-02-01 14:52:54', NULL, 10, NULL),
(1408, 'шес мтз 19*38 рус', NULL, '2026-02-01 14:52:55', NULL, 10, NULL),
(1409, 'шес мтз 20*20  ', NULL, '2026-02-01 14:52:55', NULL, 10, NULL),
(1410, 'шес мтз 21', NULL, '2026-02-01 14:52:55', NULL, 10, NULL),
(1411, 'шес мтз 22з', NULL, '2026-02-01 14:52:56', NULL, 10, NULL),
(1412, 'шес мтз 24*27', NULL, '2026-02-01 14:52:56', NULL, 10, NULL),
(1413, 'шес мтз 27з гидрабачок', NULL, '2026-02-01 14:52:57', NULL, 10, NULL),
(1414, 'шес мтз 28з', NULL, '2026-02-01 14:52:57', NULL, 10, NULL),
(1415, 'шес мтз 30*20 ', NULL, '2026-02-01 14:52:58', NULL, 10, NULL),
(1416, 'шес мтз 30*35з', NULL, '2026-02-01 14:52:59', NULL, 10, NULL),
(1417, 'шес мтз 31', NULL, '2026-02-01 14:52:59', NULL, 10, NULL),
(1418, 'шес мтз 34*20', NULL, '2026-02-01 14:53:00', NULL, 10, NULL),
(1419, 'шес мтз 40з', NULL, '2026-02-01 14:53:00', NULL, 10, NULL),
(1420, 'шес мтз 43', NULL, '2026-02-01 14:53:01', NULL, 10, NULL),
(1421, 'шес мтз 43*26', NULL, '2026-02-01 14:53:02', NULL, 10, NULL),
(1422, 'шес мтз 45з дехен', NULL, '2026-02-01 14:53:03', NULL, 10, NULL),
(1423, 'шес мтз 45з парус', NULL, '2026-02-01 14:53:03', NULL, 10, NULL),
(1424, 'шес мтз вом калон  ', NULL, '2026-02-01 14:53:04', NULL, 10, NULL),
(1425, 'шес мтз вом карона', NULL, '2026-02-01 14:53:04', NULL, 10, NULL),
(1426, 'шес мтз нав калон 1701052', NULL, '2026-02-01 14:53:05', NULL, 10, NULL),
(1427, 'шес мтз нав майда 1701054 31*20', NULL, '2026-02-01 14:53:05', NULL, 10, NULL),
(1428, 'шес мтз турбавал 28з', NULL, '2026-02-01 14:53:06', NULL, 10, NULL),
(1429, 'шес мтз халка парус', NULL, '2026-02-01 14:53:07', NULL, 10, NULL),
(1430, 'шес немка 17з', NULL, '2026-02-01 14:53:07', NULL, 10, NULL),
(1431, 'шес немка 20*33', NULL, '2026-02-01 14:53:08', NULL, 10, NULL),
(1432, 'шес немка 25з', NULL, '2026-02-01 14:53:08', NULL, 10, NULL),
(1433, 'шес немка 26', NULL, '2026-02-01 14:53:09', NULL, 10, NULL),
(1434, 'шес немка 38', NULL, '2026-02-01 14:53:09', NULL, 10, NULL),
(1435, 'шес ностон ', NULL, '2026-02-01 14:53:10', NULL, 10, NULL),
(1436, 'шес плантарка саталит + 12з', NULL, '2026-02-01 14:53:10', NULL, 10, NULL),
(1437, 'шес пресс', NULL, '2026-02-01 14:53:11', NULL, 10, NULL),
(1438, 'шес разатка', NULL, '2026-02-01 14:53:11', NULL, 10, NULL),
(1439, 'шес ротер тешик калон', NULL, '2026-02-01 14:53:12', NULL, 10, NULL),
(1440, 'шес ротер тешик майда', NULL, '2026-02-01 14:53:12', NULL, 10, NULL),
(1441, 'шес саталит калон', NULL, '2026-02-01 14:53:12', NULL, 10, NULL),
(1442, 'шес саталит калон нав', NULL, '2026-02-01 14:53:13', NULL, 10, NULL),
(1443, 'шес саталит майда куна пачак', NULL, '2026-02-01 14:53:13', NULL, 10, NULL),
(1444, 'шес саталит майда нав круг', NULL, '2026-02-01 14:53:15', NULL, 10, NULL),
(1445, 'шес смд 2', NULL, '2026-02-01 14:53:15', NULL, 10, NULL),
(1446, 'шес смд болк', NULL, '2026-02-01 14:53:16', NULL, 10, NULL);
INSERT INTO `products` (`id`, `name`, `manufacturer`, `created_at`, `image`, `notification_threshold`, `product_code`) VALUES
(1447, 'шес суз калон', NULL, '2026-02-01 14:53:17', NULL, 10, NULL),
(1448, 'шес т-16 ревес', NULL, '2026-02-01 14:53:17', NULL, 10, NULL),
(1449, 'шес т-25 18*29з', NULL, '2026-02-01 14:53:18', NULL, 10, NULL),
(1450, 'шес т-25 36з', NULL, '2026-02-01 14:53:18', NULL, 10, NULL),
(1451, 'шес т-25 42з', NULL, '2026-02-01 14:53:18', NULL, 10, NULL),
(1452, 'шес т-25 ревес', NULL, '2026-02-01 14:53:19', NULL, 10, NULL),
(1453, 'шес т-28 16з', NULL, '2026-02-01 14:53:19', NULL, 10, NULL),
(1454, 'шес т-28 17з', NULL, '2026-02-01 14:53:20', NULL, 10, NULL),
(1455, 'шес т-28 21*30з', NULL, '2026-02-01 14:53:20', NULL, 10, NULL),
(1456, 'шес т-28 21з', NULL, '2026-02-01 14:53:21', NULL, 10, NULL),
(1457, 'шес т-28 24', NULL, '2026-02-01 14:53:21', NULL, 10, NULL),
(1458, 'шес т-28 27*31', NULL, '2026-02-01 14:53:22', NULL, 10, NULL),
(1459, 'шес т-28 30 вилка', NULL, '2026-02-01 14:53:23', NULL, 10, NULL),
(1460, 'шес т-28 30з ', NULL, '2026-02-01 14:53:23', NULL, 10, NULL),
(1461, 'шес т-28 34', NULL, '2026-02-01 14:53:24', NULL, 10, NULL),
(1462, 'шес т-28 38з', NULL, '2026-02-01 14:53:25', NULL, 10, NULL),
(1463, 'шес Т-28 39 ', NULL, '2026-02-01 14:53:25', NULL, 10, NULL),
(1464, 'шес т-28 зажигани', NULL, '2026-02-01 14:53:26', NULL, 10, NULL),
(1465, 'шес т-40 15з', NULL, '2026-02-01 14:53:26', NULL, 10, NULL),
(1466, 'шес т-40 35 вилка', NULL, '2026-02-01 14:53:26', NULL, 10, NULL),
(1467, 'шес т-40 ревес  ', NULL, '2026-02-01 14:53:27', NULL, 10, NULL),
(1468, 'шес т-40 ревес 22з', NULL, '2026-02-01 14:53:27', NULL, 10, NULL),
(1469, 'шес хваставик ', NULL, '2026-02-01 14:53:28', NULL, 10, NULL),
(1470, 'шес юмз 18*29', NULL, '2026-02-01 14:53:29', NULL, 10, NULL),
(1471, 'шес юмз 20*40', NULL, '2026-02-01 14:53:29', NULL, 10, NULL),
(1472, 'шес юмз 24з', NULL, '2026-02-01 14:53:30', NULL, 10, NULL),
(1473, 'шес юмз 25з', NULL, '2026-02-01 14:53:30', NULL, 10, NULL),
(1474, 'шес юмз 27', NULL, '2026-02-01 14:53:31', NULL, 10, NULL),
(1475, 'шес юмз 34з', NULL, '2026-02-01 14:53:31', NULL, 10, NULL),
(1476, 'шес юмз паразит', NULL, '2026-02-01 14:53:32', NULL, 10, NULL),
(1477, 'шёчик преес', NULL, '2026-02-01 14:53:32', NULL, 10, NULL),
(1478, 'шёчик электронни ', NULL, '2026-02-01 14:53:33', NULL, 10, NULL),
(1479, 'шил 17 0,7м анна', NULL, '2026-02-01 14:53:33', NULL, 10, NULL),
(1480, 'шил 17 1,5м анна', NULL, '2026-02-01 14:53:35', NULL, 10, NULL),
(1481, 'шил 17 1м анна', NULL, '2026-02-01 14:53:36', NULL, 10, NULL),
(1482, 'шил 17 2м анна', NULL, '2026-02-01 14:53:37', NULL, 10, NULL),
(1483, 'шил 19 0,5м анна', NULL, '2026-02-01 14:53:38', NULL, 10, NULL),
(1484, 'шил 19 0,5м дехен', NULL, '2026-02-01 14:53:39', NULL, 10, NULL),
(1485, 'шил 19 0,7 анна ', NULL, '2026-02-01 14:53:39', NULL, 10, NULL),
(1486, 'шил 19 0,7м дехен', NULL, '2026-02-01 14:53:40', NULL, 10, NULL),
(1487, 'шил 19 1,5м анна', NULL, '2026-02-01 14:53:41', NULL, 10, NULL),
(1488, 'шил 19 1,5м дехен', NULL, '2026-02-01 14:53:41', NULL, 10, NULL),
(1489, 'шил 19 1м анна', NULL, '2026-02-01 14:53:42', NULL, 10, NULL),
(1490, 'шил 19 1м дехен', NULL, '2026-02-01 14:53:42', NULL, 10, NULL),
(1491, 'шил 19 2м анна', NULL, '2026-02-01 14:53:43', NULL, 10, NULL),
(1492, 'шил 19 2м дехен', NULL, '2026-02-01 14:53:44', NULL, 10, NULL),
(1493, 'шил 22 0,5м дехен', NULL, '2026-02-01 14:53:45', NULL, 10, NULL),
(1494, 'шил 22 0,5м зард', NULL, '2026-02-01 14:53:46', NULL, 10, NULL),
(1495, 'шил 22 0,7 агро', NULL, '2026-02-01 14:53:46', NULL, 10, NULL),
(1496, 'шил 22 0,7м зард', NULL, '2026-02-01 14:53:47', NULL, 10, NULL),
(1497, 'шил 22 1,5м дехен', NULL, '2026-02-01 14:53:47', NULL, 10, NULL),
(1498, 'шил 22 1,5м зард', NULL, '2026-02-01 14:53:48', NULL, 10, NULL),
(1499, 'шил 22 1м дехен', NULL, '2026-02-01 14:53:48', NULL, 10, NULL),
(1500, 'шил 22 1м зард', NULL, '2026-02-01 14:53:49', NULL, 10, NULL),
(1501, 'шил 22 2м дехен', NULL, '2026-02-01 14:53:49', NULL, 10, NULL),
(1502, 'шил 22 2м зард', NULL, '2026-02-01 14:53:50', NULL, 10, NULL),
(1503, 'шил 24 0,5м анна', NULL, '2026-02-01 14:53:51', NULL, 10, NULL),
(1504, 'шил 24 0,5м Г анна', NULL, '2026-02-01 14:53:51', NULL, 10, NULL),
(1505, 'шил 24 0,5м Г дехен', NULL, '2026-02-01 14:53:52', NULL, 10, NULL),
(1506, 'шил 24 0,5м дехен', NULL, '2026-02-01 14:53:53', NULL, 10, NULL),
(1507, 'шил 24 0,5м зард', NULL, '2026-02-01 14:53:54', NULL, 10, NULL),
(1508, 'шил 24 0,6м зард', NULL, '2026-02-01 14:53:55', NULL, 10, NULL),
(1509, 'шил 24 0,7м Г дехен', NULL, '2026-02-01 14:53:55', NULL, 10, NULL),
(1510, 'шил 24 0,7м Г зард', NULL, '2026-02-01 14:53:56', NULL, 10, NULL),
(1511, 'шил 24 0,7м дехен', NULL, '2026-02-01 14:53:56', NULL, 10, NULL),
(1512, 'шил 24 1,2м дехен', NULL, '2026-02-01 14:53:57', NULL, 10, NULL),
(1513, 'шил 24 1,5м анна', NULL, '2026-02-01 14:53:58', NULL, 10, NULL),
(1514, 'шил 24 1,5м Г анна', NULL, '2026-02-01 14:53:58', NULL, 10, NULL),
(1515, 'шил 24 1,5м Г зард ', NULL, '2026-02-01 14:53:59', NULL, 10, NULL),
(1516, 'шил 24 1,5м дехен', NULL, '2026-02-01 14:53:59', NULL, 10, NULL),
(1517, 'шил 24 1м агро', NULL, '2026-02-01 14:54:00', NULL, 10, NULL),
(1518, 'шил 24 1м анна', NULL, '2026-02-01 14:54:00', NULL, 10, NULL),
(1519, 'шил 24 1м Г анна', NULL, '2026-02-01 14:54:01', NULL, 10, NULL),
(1520, 'шил 24 1м Г рус', NULL, '2026-02-01 14:54:01', NULL, 10, NULL),
(1521, 'шил 24 1м дехен', NULL, '2026-02-01 14:54:02', NULL, 10, NULL),
(1522, 'шил 24 2м агро', NULL, '2026-02-01 14:54:02', NULL, 10, NULL),
(1523, 'шил 24 2м анна', NULL, '2026-02-01 14:54:03', NULL, 10, NULL),
(1524, 'шил 24 2м Г анна ', NULL, '2026-02-01 14:54:03', NULL, 10, NULL),
(1525, 'шил 24 2м Г зард', NULL, '2026-02-01 14:54:04', NULL, 10, NULL),
(1526, 'шил 24 2м дехен', NULL, '2026-02-01 14:54:04', NULL, 10, NULL),
(1527, 'шил 24 2м зард', NULL, '2026-02-01 14:54:05', NULL, 10, NULL),
(1528, 'шил 27 0,5м анна', NULL, '2026-02-01 14:54:05', NULL, 10, NULL),
(1529, 'шил 27 0,5м дехен', NULL, '2026-02-01 14:54:06', NULL, 10, NULL),
(1530, 'шил 27 0,7м анна', NULL, '2026-02-01 14:54:07', NULL, 10, NULL),
(1531, 'шил 27 0,7м дехен', NULL, '2026-02-01 14:54:08', NULL, 10, NULL),
(1532, 'шил 27 1,5м анна', NULL, '2026-02-01 14:54:09', NULL, 10, NULL),
(1533, 'шил 27 1,5м дехен', NULL, '2026-02-01 14:54:09', NULL, 10, NULL),
(1534, 'шил 27 1м анна', NULL, '2026-02-01 14:54:10', NULL, 10, NULL),
(1535, 'шил 27 1м дехен', NULL, '2026-02-01 14:54:11', NULL, 10, NULL),
(1536, 'шил 27 2м дехен', NULL, '2026-02-01 14:54:11', NULL, 10, NULL),
(1537, 'шил 30 0,5м Г  ', NULL, '2026-02-01 14:54:12', NULL, 10, NULL),
(1538, 'шил 30 0,5м Г мамка', NULL, '2026-02-01 14:54:12', NULL, 10, NULL),
(1539, 'шил 30 1,5м анна', NULL, '2026-02-01 14:54:13', NULL, 10, NULL),
(1540, 'шил 30 1м анна', NULL, '2026-02-01 14:54:14', NULL, 10, NULL),
(1541, 'шил 32 0,5м анна', NULL, '2026-02-01 14:54:14', NULL, 10, NULL),
(1542, 'шил 32 0,5м Г анна', NULL, '2026-02-01 14:54:15', NULL, 10, NULL),
(1543, 'шил 32 0,5м дехен', NULL, '2026-02-01 14:54:16', NULL, 10, NULL),
(1544, 'шил 32 0,7 анна', NULL, '2026-02-01 14:54:16', NULL, 10, NULL),
(1545, 'шил 32 0,7м дехен', NULL, '2026-02-01 14:54:19', NULL, 10, NULL),
(1546, 'шил 32 1,2м дехен', NULL, '2026-02-01 14:54:20', NULL, 10, NULL),
(1547, 'шил 32 1,5м анна', NULL, '2026-02-01 14:54:21', NULL, 10, NULL),
(1548, 'шил 32 1,5м Г анна ', NULL, '2026-02-01 14:54:21', NULL, 10, NULL),
(1549, 'шил 32 1,5м дехен', NULL, '2026-02-01 14:54:22', NULL, 10, NULL),
(1550, 'шил 32 1,5м зард', NULL, '2026-02-01 14:54:22', NULL, 10, NULL),
(1551, 'шил 32 1м анна 01', NULL, '2026-02-01 14:54:23', NULL, 10, NULL),
(1552, 'шил 32 1м анна 02', NULL, '2026-02-01 14:54:24', NULL, 10, NULL),
(1553, 'шил 32 1м Г анна', NULL, '2026-02-01 14:54:25', NULL, 10, NULL),
(1554, 'шил 32 1м дехен', NULL, '2026-02-01 14:54:25', NULL, 10, NULL),
(1555, 'шил 32 2м анна', NULL, '2026-02-01 14:54:26', NULL, 10, NULL),
(1556, 'шил 32 2м Г анна ', NULL, '2026-02-01 14:54:26', NULL, 10, NULL),
(1557, 'шил 32 2м дехен', NULL, '2026-02-01 14:54:28', NULL, 10, NULL),
(1558, 'шил 41 1,2 дехен', NULL, '2026-02-01 14:54:29', NULL, 10, NULL),
(1559, 'шил 41 1,5 дехен', NULL, '2026-02-01 14:54:30', NULL, 10, NULL),
(1560, 'шил 41 1м дехен', NULL, '2026-02-01 14:54:31', NULL, 10, NULL),
(1561, 'шил бак мтз', NULL, '2026-02-01 14:54:32', NULL, 10, NULL),
(1562, 'шил компрессор ', NULL, '2026-02-01 14:54:33', NULL, 10, NULL),
(1563, 'шил масла сурх ', NULL, '2026-02-01 14:54:33', NULL, 10, NULL),
(1564, 'шил масло 1,5', NULL, '2026-02-01 14:54:34', NULL, 10, NULL),
(1565, 'шил масло 3м', NULL, '2026-02-01 14:54:34', NULL, 10, NULL),
(1566, 'шил пгс 0,25', NULL, '2026-02-01 14:54:35', NULL, 10, NULL),
(1567, 'шил пгс 0,5', NULL, '2026-02-01 14:54:38', NULL, 10, NULL),
(1568, 'шил пгс 0,6', NULL, '2026-02-01 14:54:40', NULL, 10, NULL),
(1569, 'шил пгс 0,8', NULL, '2026-02-01 14:54:42', NULL, 10, NULL),
(1570, 'шил пгс 1м', NULL, '2026-02-01 14:54:42', NULL, 10, NULL),
(1571, 'шил пгс 1м кавут', NULL, '2026-02-01 14:54:44', NULL, 10, NULL),
(1572, 'шил прастой 19 1,5м ', NULL, '2026-02-01 14:54:45', NULL, 10, NULL),
(1573, 'шил прастой 22 0,7м', NULL, '2026-02-01 14:54:46', NULL, 10, NULL),
(1574, 'шил прастой 22 1,2м ', NULL, '2026-02-01 14:54:46', NULL, 10, NULL),
(1575, 'шил прастой 22 1,5м', NULL, '2026-02-01 14:54:47', NULL, 10, NULL),
(1576, 'шил прастой 22 1м', NULL, '2026-02-01 14:54:47', NULL, 10, NULL),
(1577, 'шил прастой 22 2м', NULL, '2026-02-01 14:54:48', NULL, 10, NULL),
(1578, 'шил прастой 24 2м ', NULL, '2026-02-01 14:54:49', NULL, 10, NULL),
(1579, 'шил прастой 27 1м', NULL, '2026-02-01 14:54:50', NULL, 10, NULL),
(1580, 'шил прастой 32 0,5м', NULL, '2026-02-01 14:54:51', NULL, 10, NULL),
(1581, 'шил прастой 32 0,7м', NULL, '2026-02-01 14:54:52', NULL, 10, NULL),
(1582, 'шил прастой 32 1,5м', NULL, '2026-02-01 14:54:52', NULL, 10, NULL),
(1583, 'шил прастой 32 1м', NULL, '2026-02-01 14:54:53', NULL, 10, NULL),
(1584, 'шил прастой 32 2м', NULL, '2026-02-01 14:54:53', NULL, 10, NULL),
(1585, 'шил прастой 36 0,8м', NULL, '2026-02-01 14:54:55', NULL, 10, NULL),
(1586, 'шил прастой 36 1м', NULL, '2026-02-01 14:55:02', NULL, 10, NULL),
(1587, 'шил прастой 41 1м', NULL, '2026-02-01 14:55:04', NULL, 10, NULL),
(1588, 'шил соларка кавут калон', NULL, '2026-02-01 14:55:04', NULL, 10, NULL),
(1589, 'шил соларка кавут майда', NULL, '2026-02-01 14:55:05', NULL, 10, NULL),
(1590, 'шил соларка сафед', NULL, '2026-02-01 14:55:05', NULL, 10, NULL),
(1591, 'шил соларка сурх', NULL, '2026-02-01 14:55:06', NULL, 10, NULL),
(1592, 'шкиф каселка ротер', NULL, '2026-02-01 14:55:06', NULL, 10, NULL),
(1593, 'шкиф мтз', NULL, '2026-02-01 14:55:07', NULL, 10, NULL),
(1594, 'шкиф немка 2 рада', NULL, '2026-02-01 14:55:07', NULL, 10, NULL),
(1595, 'шкиф немка вариатор', NULL, '2026-02-01 14:55:08', NULL, 10, NULL),
(1596, 'шкиф смд зангор', NULL, '2026-02-01 14:55:08', NULL, 10, NULL),
(1597, 'шкиф смд матур', NULL, '2026-02-01 14:55:09', NULL, 10, NULL),
(1598, 'шкиф смд пружин', NULL, '2026-02-01 14:55:09', NULL, 10, NULL),
(1599, 'шкиф смд сурх', NULL, '2026-02-01 14:55:10', NULL, 10, NULL),
(1600, 'шкиф т-28', NULL, '2026-02-01 14:55:10', NULL, 10, NULL),
(1601, 'шкиф юмз', NULL, '2026-02-01 14:55:11', NULL, 10, NULL),
(1602, 'шлитса немка дароз', NULL, '2026-02-01 14:55:11', NULL, 10, NULL),
(1603, 'шлитса немка кута', NULL, '2026-02-01 14:55:12', NULL, 10, NULL),
(1604, 'шлитса пресс вал', NULL, '2026-02-01 14:55:13', NULL, 10, NULL),
(1605, 'шлитса пресс кута 8', NULL, '2026-02-01 14:55:14', NULL, 10, NULL),
(1606, 'шлитса пресс сурх', NULL, '2026-02-01 14:55:14', NULL, 10, NULL),
(1607, 'шлитса рул мтз', NULL, '2026-02-01 14:55:15', NULL, 10, NULL),
(1608, 'шотка + под статир', NULL, '2026-02-01 14:55:16', NULL, 10, NULL),
(1609, 'шотка ойнапозакунак', NULL, '2026-02-01 14:55:17', NULL, 10, NULL),
(1610, 'шотка статир ', NULL, '2026-02-01 14:55:18', NULL, 10, NULL),
(1611, 'шотка статир кавут', NULL, '2026-02-01 14:55:19', NULL, 10, NULL),
(1612, 'шотка статир прастой', NULL, '2026-02-01 14:55:19', NULL, 10, NULL),
(1613, 'шох задни ', NULL, '2026-02-01 14:55:21', NULL, 10, NULL),
(1614, 'шох задни мобайн', NULL, '2026-02-01 14:55:22', NULL, 10, NULL),
(1615, 'шпилинт ', NULL, '2026-02-01 14:55:23', NULL, 10, NULL),
(1616, 'шпилинт палес сентр тяга', NULL, '2026-02-01 14:55:23', NULL, 10, NULL),
(1617, 'шпилка галофка  рем', NULL, '2026-02-01 14:55:24', NULL, 10, NULL),
(1618, 'шпилка галофка нор', NULL, '2026-02-01 14:55:25', NULL, 10, NULL),
(1619, 'шпилка калектор нор', NULL, '2026-02-01 14:55:26', NULL, 10, NULL),
(1620, 'шпилка калектор рем', NULL, '2026-02-01 14:55:27', NULL, 10, NULL),
(1621, 'шпилка телешка 24', NULL, '2026-02-01 14:55:29', NULL, 10, NULL),
(1622, 'шпирис ', NULL, '2026-02-01 14:55:31', NULL, 10, NULL),
(1623, 'шпонка пресс 10см', NULL, '2026-02-01 14:55:33', NULL, 10, NULL),
(1624, 'шток 100', NULL, '2026-02-01 14:55:34', NULL, 10, NULL),
(1625, 'шток 55', NULL, '2026-02-01 14:55:34', NULL, 10, NULL),
(1626, 'шуб дароз', NULL, '2026-02-01 14:55:35', NULL, 10, NULL),
(1627, 'шуб мтз', NULL, '2026-02-01 14:55:36', NULL, 10, NULL),
(1628, 'шут 12 абратка', NULL, '2026-02-01 14:55:37', NULL, 10, NULL),
(1629, 'шут 14 абратка   ', NULL, '2026-02-01 14:55:38', NULL, 10, NULL),
(1630, 'шут 14 абратка дароз', NULL, '2026-02-01 14:55:39', NULL, 10, NULL),
(1631, 'шут 19 сако ', NULL, '2026-02-01 14:55:41', NULL, 10, NULL),
(1632, 'шут 19 саларка дароз', NULL, '2026-02-01 14:55:41', NULL, 10, NULL),
(1633, 'шут 19 соларка ', NULL, '2026-02-01 14:55:42', NULL, 10, NULL),
(1634, 'шут 19*19', NULL, '2026-02-01 14:55:43', NULL, 10, NULL),
(1635, 'шут 19*24', NULL, '2026-02-01 14:55:43', NULL, 10, NULL),
(1636, 'шут 19Г', NULL, '2026-02-01 14:55:44', NULL, 10, NULL),
(1637, 'шут 22*22', NULL, '2026-02-01 14:55:45', NULL, 10, NULL),
(1638, 'шут 22*24', NULL, '2026-02-01 14:55:46', NULL, 10, NULL),
(1639, 'шут 22Г', NULL, '2026-02-01 14:55:48', NULL, 10, NULL),
(1640, 'шут 24 дазатор ', NULL, '2026-02-01 14:55:49', NULL, 10, NULL),
(1641, 'шут 24*24', NULL, '2026-02-01 14:55:50', NULL, 10, NULL),
(1642, 'шут 24*24*24', NULL, '2026-02-01 14:55:51', NULL, 10, NULL),
(1643, 'шут 24*27', NULL, '2026-02-01 14:55:52', NULL, 10, NULL),
(1644, 'шут 24*32', NULL, '2026-02-01 14:55:53', NULL, 10, NULL),
(1645, 'шут 24Г ', NULL, '2026-02-01 14:55:54', NULL, 10, NULL),
(1646, 'шут 24Г нав', NULL, '2026-02-01 14:55:55', NULL, 10, NULL),
(1647, 'шут 27*27', NULL, '2026-02-01 14:55:56', NULL, 10, NULL),
(1648, 'шут 27Г', NULL, '2026-02-01 14:55:56', NULL, 10, NULL),
(1649, 'шут 30*30', NULL, '2026-02-01 14:55:56', NULL, 10, NULL),
(1650, 'шут 30Г', NULL, '2026-02-01 14:55:57', NULL, 10, NULL),
(1651, 'шут 32*32', NULL, '2026-02-01 14:55:57', NULL, 10, NULL),
(1652, 'шут 32*32*32', NULL, '2026-02-01 14:55:58', NULL, 10, NULL),
(1653, 'шут 32Г', NULL, '2026-02-01 14:55:58', NULL, 10, NULL),
(1654, 'шут 41*41', NULL, '2026-02-01 14:56:01', NULL, 10, NULL),
(1655, 'якор ', NULL, '2026-02-01 14:56:04', NULL, 10, NULL),
(1656, 'якор дехен', NULL, '2026-02-01 14:56:08', NULL, 10, NULL),
(1657, 'тестовыйТовар', NULL, '2026-02-02 04:46:05', NULL, 10, '123321'),
(1658, 'болт кардан', NULL, '2026-02-04 05:48:24', NULL, 10, '1'),
(1659, 'Рас 50 техно', NULL, '2026-02-04 10:36:55', NULL, 10, '11'),
(1660, 'лемех рус ', NULL, '2026-02-05 13:42:56', NULL, 10, '13'),
(1661, 'жилка ', NULL, '2026-02-05 13:42:58', NULL, 10, '14'),
(1662, 'сали кози ', NULL, '2026-02-05 13:43:00', NULL, 10, '15'),
(1663, 'падкачка мтз рус', NULL, '2026-02-05 13:43:02', NULL, 10, '16'),
(1664, 'лемех карчовка', NULL, '2026-02-05 14:30:33', NULL, 10, '18'),
(1665, 'нш 50Л', NULL, '2026-02-05 14:43:54', NULL, 10, '19'),
(1666, 'прокладка т-150', NULL, '2026-02-05 15:18:43', NULL, 10, 'p150'),
(1667, 'под 7206', NULL, '2026-02-05 15:18:46', NULL, 10, '7206'),
(1668, 'сал 35*52', NULL, '2026-02-05 15:18:47', NULL, 10, '35*52*10'),
(1669, 'палавой доска точирон', NULL, '2026-02-05 16:23:44', NULL, 10, '12'),
(1670, 'стопор турбавал', NULL, '2026-02-07 08:53:55', NULL, 10, ''),
(1671, 'рем 1280 рус', NULL, '2026-02-07 10:32:57', NULL, 10, '9.5*1280'),
(1672, 'палавой доска точирон дароз', NULL, '2026-02-07 10:43:30', NULL, 10, '10'),
(1673, 'лемех точирон сурх', NULL, '2026-02-07 10:43:32', NULL, 10, '2'),
(1674, 'подушка', NULL, '2026-02-07 10:43:33', NULL, 10, '3'),
(1675, 'шайбо саталит мис', NULL, '2026-02-07 10:43:35', NULL, 10, '4'),
(1676, 'крайник бак рус', NULL, '2026-02-08 04:56:03', NULL, 10, '5'),
(1677, 'новыйТовар', NULL, '2026-02-08 06:30:49', NULL, 10, 'test'),
(1678, 'передатвал точирон', NULL, '2026-02-09 05:41:39', NULL, 10, '8'),
(1679, 'болт карзина мтз', NULL, '2026-02-09 05:41:41', NULL, 10, '9'),
(1680, 'шпилка телешка 27', NULL, '2026-02-09 05:41:42', NULL, 10, '7'),
(1681, 'атвал точирон', NULL, '2026-02-09 05:41:43', NULL, 10, '6'),
(1682, 'шиша фар', NULL, '2026-02-10 08:48:29', NULL, 10, '123'),
(1683, 'бар мтз', NULL, '2026-02-10 09:18:51', NULL, 10, '21'),
(1684, 'чехол сидени', NULL, '2026-02-10 09:18:52', NULL, 10, '22'),
(1685, 'шайбо падвесной верх', NULL, '2026-02-14 05:29:48', NULL, 10, '97'),
(1686, 'втулка', NULL, '2026-02-14 05:29:51', NULL, 10, '98'),
(1687, 'карзи куна', NULL, '2026-02-14 14:20:16', NULL, 10, '001'),
(1688, 'вкл мтз н1 рус', NULL, '2026-02-15 06:16:52', NULL, 10, '99'),
(1689, 'Набор мтз рус', NULL, '2026-02-15 06:31:26', NULL, 10, '95'),
(1690, 'Колса пд н1', NULL, '2026-02-15 15:25:05', NULL, 10, '93'),
(1691, 'Колса пд р1', NULL, '2026-02-15 15:25:07', NULL, 10, '94'),
(1692, 'прокладка А-01', NULL, '2026-02-17 06:05:05', NULL, 10, '91'),
(1693, 'прокладка А-01 картер', NULL, '2026-02-17 06:05:10', NULL, 10, '92'),
(1694, 'сал 90*125', NULL, '2026-02-18 05:16:15', NULL, 10, '90*120*12'),
(1695, 'наклейка беларус', NULL, '2026-02-24 12:56:28', NULL, 10, '90'),
(1696, 'нш 10П 6к  ', NULL, '2026-02-26 04:56:22', NULL, 10, '10п6'),
(1697, 'фередо мтз рус пуржин', NULL, '2026-02-26 04:56:26', NULL, 10, '80'),
(1698, 'глушител мтз рус дароз', NULL, '2026-02-26 04:56:27', NULL, 10, '81'),
(1699, 'глушител мтз рус кута', NULL, '2026-02-26 04:56:28', NULL, 10, '82'),
(1700, 'сал апарат рус', NULL, '2026-02-26 04:56:30', NULL, 10, '83'),
(1701, 'стакан виж рус', NULL, '2026-02-26 04:56:31', NULL, 10, '84'),
(1702, 'лопс 8', NULL, '2026-02-26 05:10:41', NULL, 10, '85'),
(1703, 'лопс юмз', NULL, '2026-02-26 05:10:44', NULL, 10, '86'),
(1704, 'расплидител р-80  ', NULL, '2026-02-26 05:10:45', NULL, 10, '87'),
(1705, 'глушител т-28 рус', NULL, '2026-02-26 05:10:46', NULL, 10, '88'),
(1706, 'шайбо плунжер алюмен', NULL, '2026-02-26 05:15:10', NULL, 10, '89'),
(1707, 'филтир воздух мтз 50-70', NULL, '2026-02-26 06:24:21', NULL, 10, '79'),
(1708, 'мигалка калон', NULL, '2026-02-26 06:24:24', NULL, 10, '78'),
(1709, 'мигалка майда', NULL, '2026-02-26 06:24:26', NULL, 10, '77'),
(1710, 'рас 50 делфин', NULL, '2026-02-26 06:24:27', NULL, 10, '76'),
(1711, 'тунука муфта 75 ', NULL, '2026-02-26 06:47:02', NULL, 10, '75'),
(1712, 'тунука муфта 75 гушак', NULL, '2026-02-26 06:47:06', NULL, 10, '74'),
(1713, 'Сако присеб', NULL, '2026-03-01 11:58:13', NULL, 10, '70'),
(1714, 'Рас 32 орг', NULL, '2026-03-01 11:58:14', NULL, 10, '71'),
(1715, 'Под 6006', NULL, '2026-03-01 11:58:15', NULL, 10, '72'),
(1716, 'Салидор 0.8', NULL, '2026-03-01 11:58:16', NULL, 10, '73'),
(1717, 'Прокладка калена т-28', NULL, '2026-03-01 12:28:01', NULL, 10, '69'),
(1718, 'фтулка култиватор майда', NULL, '2026-03-05 05:41:53', NULL, 200, '68'),
(1719, 'болт лапка мтз', NULL, '2026-03-05 05:48:17', NULL, 10, '67'),
(1720, 'иголчатий правишни вал', NULL, '2026-03-05 05:48:20', NULL, 10, '66'),
(1721, 'сал 95*130', NULL, '2026-03-08 17:30:41', NULL, 10, '95*130*12'),
(1722, 'кришка немка тунука', NULL, '2026-03-08 17:30:49', NULL, 10, '65'),
(1723, 'стакан сафа калон', NULL, '2026-03-08 17:31:02', NULL, 10, '64'),
(1724, 'под 7607', NULL, '2026-03-09 10:08:01', NULL, 10, '63'),
(1725, 'под 7506', NULL, '2026-03-09 10:08:04', NULL, 10, '62'),
(1726, 'шайбо 17 мед', NULL, '2026-03-09 10:48:16', NULL, 10, '61'),
(1727, 'бар тарпеда', NULL, '2026-03-09 11:22:51', NULL, 10, '60'),
(1728, 'бар дар', NULL, '2026-03-09 11:22:53', NULL, 10, '59'),
(1729, 'паставка ланжирон', NULL, '2026-03-09 11:22:54', NULL, 10, '58'),
(1730, 'нш 32П круглий', NULL, '2026-03-09 11:26:37', NULL, 10, '57'),
(1731, 'гилза поршен мтз стр рус', NULL, '2026-03-09 11:42:56', NULL, 10, '56'),
(1732, 'гилза поршен 260 стр рус свечанакал', NULL, '2026-03-09 11:42:59', NULL, 10, '55'),
(1733, 'гилза поршен 260 экспорт рус ', NULL, '2026-03-09 11:43:01', NULL, 10, '54'),
(1734, 'колса т-28 рус 105', NULL, '2026-03-09 11:43:02', NULL, 10, '53'),
(1735, 'колса т-28 рус 105.7', NULL, '2026-03-09 11:43:04', NULL, 10, '52'),
(1736, 'динам рус', NULL, '2026-03-09 11:43:05', NULL, 10, '51'),
(1737, 'сал фарсунка зард', NULL, '2026-03-11 05:24:11', NULL, 100, '50'),
(1738, 'Наралник чизел рисол', NULL, '2026-03-11 12:42:25', NULL, 10, '49'),
(1739, 'замок 24 ', NULL, '2026-03-12 17:14:21', NULL, 10, '48'),
(1740, 'шайбо плунжер  ', NULL, '2026-03-14 08:44:35', NULL, 10, '47'),
(1741, 'new', NULL, '2026-03-18 08:40:28', NULL, 10, '1q'),
(1742, 'newP', NULL, '2026-03-18 09:06:16', NULL, 10, '112'),
(1744, 'newProduct', NULL, '2026-03-18 09:21:12', NULL, 10, NULL);

-- --------------------------------------------------------

--
-- Структура таблицы `resellers`
--
-- Создание: Мар 18 2026 г., 05:54
-- Последнее обновление: Мар 18 2026 г., 09:43
--

DROP TABLE IF EXISTS `resellers`;
CREATE TABLE `resellers` (
  `id` int NOT NULL,
  `name` varchar(255) NOT NULL,
  `phone` varchar(50) DEFAULT NULL,
  `balance` decimal(15,2) DEFAULT '0.00',
  `status` tinyint(1) DEFAULT '1' COMMENT '0 = inactive, 1 = active',
  `store_id` int NOT NULL,
  `created_at` timestamp NULL DEFAULT CURRENT_TIMESTAMP,
  `updated_at` timestamp NULL DEFAULT CURRENT_TIMESTAMP ON UPDATE CURRENT_TIMESTAMP
) ENGINE=InnoDB DEFAULT CHARSET=utf8mb3;

--
-- Дамп данных таблицы `resellers`
--

INSERT INTO `resellers` (`id`, `name`, `phone`, `balance`, `status`, `store_id`, `created_at`) VALUES
(1, 'НовыйРесселер17', '+992987654321', '30.00', 1, 1, '2026-03-18 07:33:49');

-- --------------------------------------------------------

--
-- Структура таблицы `reseller_operations`
--
-- Создание: Мар 18 2026 г., 07:00
-- Последнее обновление: Мар 18 2026 г., 09:43
--

DROP TABLE IF EXISTS `reseller_operations`;
CREATE TABLE `reseller_operations` (
  `id` int NOT NULL,
  `reseller_id` int NOT NULL,
  `store_id` int DEFAULT NULL,
  `sale_id` int DEFAULT NULL,
  `sum` decimal(10,2) NOT NULL,
  `type` enum('RECEIPT','SALE','PAYMENT_TO_RESELLER','PAYMENT_FROM_RESELLER','RETURN') NOT NULL,
  `note` text,
  `date` timestamp NULL DEFAULT CURRENT_TIMESTAMP
) ENGINE=InnoDB DEFAULT CHARSET=utf8mb3;

--
-- Дамп данных таблицы `reseller_operations`
--

INSERT INTO `reseller_operations` (`id`, `reseller_id`, `store_id`, `sale_id`, `sum`, `type`, `note`, `date`) VALUES
(1, 1, 1, NULL, '1.00', 'RECEIPT', NULL, '2026-03-18 08:40:31'),
(2, 1, 1, NULL, '10.00', 'RECEIPT', NULL, '2026-03-18 09:21:13'),
(3, 1, 1, NULL, '9.00', 'RECEIPT', NULL, '2026-03-18 09:24:07'),
(4, 1, 1, NULL, '25.00', 'SALE', NULL, '2026-03-18 09:25:33'),
(5, 1, 1, NULL, '25.00', 'SALE', NULL, '2026-03-18 09:29:09'),
(6, 1, 1, NULL, '50.00', 'RECEIPT', NULL, '2026-03-18 09:32:39'),
(7, 1, 1, NULL, '50.00', 'SALE', NULL, '2026-03-18 09:32:58'),
(8, 1, 1, NULL, '5.00', 'RECEIPT', NULL, '2026-03-18 09:34:17'),
(9, 1, 1, NULL, '10.00', 'SALE', NULL, '2026-03-18 09:34:45'),
(10, 1, 1, NULL, '5.00', 'RECEIPT', NULL, '2026-03-18 09:36:23'),
(11, 1, 1, NULL, '50.00', 'PAYMENT_TO_RESELLER', NULL, '2026-03-18 09:43:42'),
(12, 1, 1, NULL, '120.00', 'PAYMENT_TO_RESELLER', NULL, '2026-03-18 09:43:52'),
(13, 1, 1, NULL, '50.00', 'PAYMENT_FROM_RESELLER', NULL, '2026-03-18 09:43:59');

-- --------------------------------------------------------

--
-- Структура таблицы `retail_debtors`
--
-- Создание: Фев 05 2026 г., 10:43
-- Последнее обновление: Мар 19 2026 г., 07:37
--

DROP TABLE IF EXISTS `retail_debtors`;
CREATE TABLE `retail_debtors` (
  `id` int NOT NULL,
  `customer_name` varchar(255) NOT NULL,
  `phone` varchar(50) DEFAULT NULL,
  `created_at` timestamp NULL DEFAULT CURRENT_TIMESTAMP,
  `updated_at` timestamp NULL DEFAULT CURRENT_TIMESTAMP ON UPDATE CURRENT_TIMESTAMP,
  `store_id` int DEFAULT NULL
) ENGINE=InnoDB DEFAULT CHARSET=utf8mb3;

--
-- Дамп данных таблицы `retail_debtors`
--

INSERT INTO `retail_debtors` (`id`, `customer_name`, `phone`, `created_at`, `store_id`) VALUES
(3, 'писари ако улугбек чорбог', '1111', '2026-02-03 14:49:43', 5),
(4, 'Ахрор мучун', '1111', '2026-02-03 14:52:15', 5),
(5, 'Фазлиддин увок', '1111', '2026-02-03 14:53:52', 5),
(6, 'Сухроб Д боло', '1111', '2026-02-03 14:56:00', 5),
(7, 'Ако Мурод Муким Аргу', '987021130', '2026-02-03 14:58:43', 5),
(8, 'Ако Абдуманнон лакат', '1111', '2026-02-03 14:59:55', 5),
(9, 'Ако Шухрат Кайерма', '1111', '2026-02-03 15:01:49', 5),
(10, 'Камол БХ', '1111', '2026-02-03 15:05:21', 5),
(11, 'Курбонбой Увок ', '2222', '2026-02-04 09:23:14', 5),
(12, 'Акои Мирахмад Гончи ', '929532533', '2026-02-04 09:25:24', 5),
(13, 'Ако Чамол Ругунд', '927234079', '2026-02-05 13:39:15', 5),
(14, 'Ако Хасан Масчох', '1111', '2026-02-05 13:54:29', 5),
(15, 'Ако Фуркат Вогат', '1111', '2026-02-05 14:07:46', 5),
(16, 'Мухаммадали Увок ', '918110829', '2026-02-05 16:47:07', 1),
(17, 'Элдор чорбог', '927224877', '2026-02-08 09:14:52', 5),
(18, 'хабибулло нофароч', '926250143', '2026-02-08 09:20:10', 5),
(19, 'хочи музафар калачи кулибой', '935949222', '2026-02-09 13:40:16', 5),
(20, 'хочи музафар калачи кулибой', '935949222', '2026-02-09 13:43:25', 5),
(21, 'Бахром Уяс', '785337700', '2026-02-09 13:44:40', 5),
(22, 'Ако Дилшод Д Боло', '1111', '2026-02-09 13:45:38', 5),
(23, 'Содик Кали Хочи', '927190192', '2026-02-10 16:10:19', 5),
(24, 'Захриддин Кенагаз', '927237725', '2026-02-10 16:11:41', 5),
(25, 'Ако Одил Зафаробод', '920407572', '2026-02-10 16:18:42', 5),
(26, 'Одилчон Уторчи', '926136533', '2026-02-10 16:30:47', 5),
(27, 'Ако Аюбхуча Ойборик', '927591669', '2026-02-10 16:36:36', 5),
(28, 'акои толиб кунчок', '111', '2026-02-12 14:02:42', 5),
(29, 'акои шорахмон шохон', '927349467', '2026-02-12 14:26:51', 5),
(30, 'акои давлат майдонча', '927627674', '2026-02-12 14:57:51', 5),
(31, 'акои гайбулло гончи', '927301263', '2026-02-14 14:24:42', 5),
(32, 'нозим мучун', '926052717', '2026-02-14 14:27:52', 5),
(33, 'камол уяс', '927309232', '2026-02-14 14:31:23', 5),
(34, 'анор д боло', '926045553', '2026-02-14 14:41:01', 5),
(35, 'а рахмонкул ободи', '1111', '2026-02-14 14:45:02', 5),
(36, 'а толиб кунчок ', '1111', '2026-02-14 14:47:57', 5),
(37, 'Ако Кахрамон увок', '985347469', '2026-02-15 04:19:37', 5),
(38, 'Ако Даврон Увок ', '1111', '2026-02-15 09:48:53', 5),
(39, 'Акои Илёс К.Кулибой', '2222', '2026-02-15 09:51:38', 5),
(40, 'Нофароч ', '100558660', '2026-02-15 15:27:44', 5),
(41, 'Акои Дилшод Д Боло', '997006067', '2026-02-16 15:44:37', 5),
(42, 'Акои Насим Паши ', '2222', '2026-02-16 15:45:45', 5),
(43, 'Акои Рустам Кайерма ', '1111', '2026-02-16 15:48:34', 5),
(44, 'Айни ', '927032227', '2026-02-16 16:02:38', 5),
(45, 'Акои Супонали Мучун', '2222', '2026-02-16 16:05:23', 5),
(46, 'Чурабек Кайерма ', '928674535', '2026-02-16 16:08:06', 5),
(47, 'Акои Дилмурод Хучахо', '926201732     927511731', '2026-02-16 16:17:57', 5),
(48, 'Ако Шухратулло', '928891777', '2026-02-17 07:03:16', 1),
(49, 'Акои Супонали Мучун', '1111', '2026-02-17 15:09:10', 5),
(50, 'Акои Темур Уяс', '2222', '2026-02-17 16:16:30', 5),
(51, 'Акои Хидирали Мучун ', '927199645', '2026-02-17 16:25:51', 5),
(52, 'мирахмад  гончи', '929532533', '2026-02-17 16:28:09', 5),
(53, 'ориф кайерма', '1111', '2026-02-17 16:34:19', 5),
(54, 'акмал кайерма', '927920894', '2026-02-17 16:39:42', 5),
(55, 'Ако Лутфулло К мирзобой', '927072841', '2026-02-18 10:24:05', 5),
(56, 'Акои Чурабек Навобод', '1111', '2026-02-18 13:58:01', 5),
(57, 'Акои Эргаш Кургонча', '1111', '2026-02-18 14:00:53', 5),
(58, 'Акои Тухлибек Сароби ', '2222', '2026-02-18 14:13:55', 5),
(59, 'Акои Нодир Навобод', '927842908', '2026-02-18 14:26:09', 5),
(60, 'Ако ҳомидчон пролетар', '1111', '2026-02-19 07:46:25', 1),
(61, 'Озод Нофароч ', '1111', '2026-02-21 15:04:33', 5),
(62, 'Акои Зайниддин Уяс', '2222', '2026-02-21 15:33:14', 5),
(63, 'Акои Ориф Кайерма', '1111', '2026-02-21 15:36:52', 5),
(64, 'Акои Мухаммад увок', '2222', '2026-02-21 15:38:59', 5),
(65, 'акои хасан д боло', '1111', '2026-02-21 15:54:13', 5),
(66, 'Аргу ', '1111', '2026-02-21 15:55:17', 5),
(67, 'Акои Чонибек Ойборик', '2222', '2026-02-21 16:07:45', 5),
(68, 'Акои Хабибулло кулибой', '2222', '2026-02-21 16:13:30', 5),
(69, 'ако турсун овчи', '1111', '2026-02-22 03:42:43', 5),
(70, 'Ако Шерали Тутк', '991112487', '2026-02-22 05:26:56', 1),
(71, 'Акои Мусовир Ойборик', '2222', '2026-02-22 06:15:49', 5),
(72, 'Акои Абдугани Уяс', '928370989', '2026-02-22 06:23:07', 5),
(73, 'Рачабали Ойборик', '1111', '2026-02-22 06:29:01', 5),
(74, 'Ако Тучибой Зафаробод', '920401673', '2026-02-24 09:06:01', 5),
(75, 'Сухроб Д Боло', '927223244', '2026-02-26 09:23:08', 5),
(76, 'Акои Хайрулло К Кулибой', ' 2222', '2026-02-28 11:59:02', 5),
(77, 'Акои Шухрат Гончи ', '2222', '2026-03-01 05:05:23', 5),
(78, 'Акои Аюбхуча Ойборик', '1111', '2026-03-01 05:59:58', 5),
(79, 'ако абдулло бозор', '1111', '2026-03-02 08:25:53', 1),
(80, 'Малим Чорбог', '1111', '2026-03-02 16:00:34', 5),
(81, 'Акои Нурмухаммад Чуянчи', '928886126', '2026-03-02 16:07:08', 5),
(82, 'Акои Абдуманон Лакат', '1111', '2026-03-02 16:26:58', 5),
(83, 'Акмал Майдонча', '2222', '2026-03-02 16:28:01', 5),
(84, 'Акои Эркин Кемкул', '927056783', '2026-03-02 16:45:55', 5),
(85, 'Акои Ҳувайдо К. Ҳочи', '2222', '2026-03-03 11:25:20', 5),
(86, 'Акои Музаффар Суғдиён ', '2222', '2026-03-03 11:27:44', 5),
(87, 'Акои Пӯлод Увоқ', '2222', '2026-03-05 11:23:34', 5),
(88, 'камол уяс ', '927309232', '2026-03-06 16:52:55', 5),
(89, 'назир к мирзбой', '92 999 09 97', '2026-03-06 17:40:59', 5),
(90, 'Камол Уяс', '927309232', '2026-03-06 17:46:03', 5),
(91, 'Бобои Шокир Қ.Ҳочи', '2222', '2026-03-07 15:47:58', 5),
(92, 'Акои Бахтиёр Демнора ', '111180364', '2026-03-07 16:07:20', 5),
(93, 'Акои Найим Қайерма', '2222', '2026-03-08 12:35:00', 5),
(94, 'Мардон Д.Боло', '2222', '2026-03-09 06:05:14', 5),
(95, 'Камол Уяс', '927309232', '2026-03-09 06:24:06', 5),
(96, 'Акои Қадриддин Қ.Мирзобой', '2222', '2026-03-09 06:42:16', 5),
(97, 'Баҳром Уяс', '1111', '2026-03-09 06:43:15', 5),
(98, 'Акои Сунатулло Хӯчаҳо', '2222', '2026-03-09 06:44:19', 5),
(99, 'Акои Давлат Ругунд', '1111', '2026-03-09 06:46:14', 5),
(100, 'Акои Хайрулло Қ.Кӯлибой', '1111', '2026-03-09 06:48:01', 5),
(101, 'Акои Ҷӯрабек Навобод', '1111', '2026-03-09 06:50:51', 5),
(102, 'Акои Нодир Навобод ', '1111', '2026-03-09 06:51:56', 5),
(103, 'Акои Хайрулло Уяс ', '2222', '2026-03-09 06:53:05', 5),
(104, 'Мухриддин Кӯлибой', '2222', '2026-03-09 06:54:25', 5),
(105, 'Акои Барод Ругунд ', '928627100', '2026-03-09 06:55:50', 5),
(106, 'Акои Зариф Уторчи', '1111', '2026-03-09 06:56:48', 5),
(107, 'Акои Акмал Шаҳристон ', '927055541', '2026-03-09 06:57:36', 5),
(108, 'Муҳаммадҷон Басманда', '1111', '2026-03-09 06:59:16', 5),
(109, 'Аҳрор Муҷун', '2222', '2026-03-09 07:00:57', 5),
(110, 'Акои Аҳмадҷон Яхтан', '1111', '2026-03-09 07:02:53', 5),
(111, 'Зайниддин Паши', '2222', '2026-03-09 07:05:08', 5),
(112, 'Акои Абубакр Кӯлибой', '1111', '2026-03-09 07:08:14', 5),
(113, 'Акои Сулаймон Чӯянчи', '2222', '2026-03-09 07:09:23', 5),
(114, 'Бобои Карим Кӯлибой', '2222', '2026-03-09 07:10:43', 5),
(115, 'Акои Шамс 24', '1111', '2026-03-09 07:15:43', 5),
(116, 'Акои Шерали Паши', '2222', '2026-03-09 07:16:52', 5),
(117, 'Акои Ашӯр Сурхоб', '1111', '2026-03-09 07:17:46', 5),
(118, 'Акои Муслибек Увок', '2222', '2026-03-09 07:19:34', 5),
(119, 'Абдурасул Ҷавкандак', '1111', '2026-03-09 07:22:07', 5),
(120, 'Акои Акмал К.Ҳочи', '929190220', '2026-03-09 07:27:33', 5),
(121, 'Акои Шариф Утақӯрғон', '1111', '2026-03-09 07:28:50', 5),
(122, 'Акои Сӯҳроб Қ.Ҳочи', '2222', '2026-03-09 07:30:23', 5),
(123, 'Азамат Сароби', '2222', '2026-03-09 07:31:17', 5),
(124, 'Сироҷ Уяс ', '1111', '2026-03-09 07:31:57', 5),
(125, 'Равшан Лакад', '176723030', '2026-03-09 07:32:46', 5),
(126, 'Акои Шариф Ободи ', '2222', '2026-03-09 07:33:55', 5),
(127, 'Акои Акмал Қайерма', '1111', '2026-03-09 07:34:39', 5),
(128, 'Бахтиёр Уяс ', '2222', '2026-03-09 07:35:47', 5),
(129, 'Акои Ғиёс Увок', '1111', '2026-03-09 07:36:57', 5),
(130, 'Аброр Увоқ', '2222', '2026-03-09 07:38:05', 5),
(131, 'Рустам Қайерма ', '927629048', '2026-03-09 07:39:50', 5),
(132, 'Акои Сатор Муҷун', '2222', '2026-03-09 07:40:57', 5),
(133, 'Лочин Кӯлибой', '2222', '2026-03-09 07:50:47', 5),
(134, 'Акои Сулаймон Чӯянчи', '1111', '2026-03-09 07:52:53', 5),
(135, 'Акои Ҳалим Ғончи', '2222', '2026-03-09 07:54:38', 5),
(136, 'Акои Зафар Паши', '2222', '2026-03-09 07:55:25', 5),
(137, 'Фазлиддин Увоқ ', '1111', '2026-03-09 07:56:53', 5),
(138, 'Акои Аҳлиддин Каҷровуд', '2222', '2026-03-14 09:16:59', 5),
(139, 'Акои Хайрулло Уяс ', '2222', '2026-03-14 09:18:32', 5),
(140, 'Акои Мирзохолуқ Мирзобой', '921109510', '2026-03-14 09:22:36', 5),
(141, 'Акои Дилшод Қӯштоир', '927888635', '2026-03-14 16:34:11', 5),
(142, 'Ансор д б', '1111', '2026-03-16 10:33:38', 5),
(143, 'Камол уяс', '927309232', '2026-03-16 16:59:43', 5),
(144, 'камол уяс', '92730 92 32', '2026-03-16 17:11:27', 5),
(145, 'А Давлат майдонча', '2222', '2026-03-16 17:37:28', 5),
(146, 'Абдурасул чавкандак', '927569836', '2026-03-17 08:37:50', 5),
(147, 'Акои Темур Уяс ', '2222', '2026-03-17 13:33:35', 5),
(152, 'Ако Муҳаммад Увок', '918110829', '2026-03-19 07:37:51', 1);

-- --------------------------------------------------------

--
-- Структура таблицы `retail_operations`
--
-- Создание: Фев 05 2026 г., 10:43
-- Последнее обновление: Мар 19 2026 г., 07:37
--

DROP TABLE IF EXISTS `retail_operations`;
CREATE TABLE `retail_operations` (
  `id` int NOT NULL,
  `retail_debtor_id` int NOT NULL,
  `sale_id` int DEFAULT NULL,
  `amount` decimal(10,2) NOT NULL,
  `type` enum('DEBT','PAYMENT','RETURN') CHARACTER SET utf8mb3 COLLATE utf8mb3_general_ci NOT NULL,
  `description` text,
  `created_at` timestamp NULL DEFAULT CURRENT_TIMESTAMP
) ENGINE=InnoDB DEFAULT CHARSET=utf8mb3;

--
-- Дамп данных таблицы `retail_operations`
--

INSERT INTO `retail_operations` (`id`, `retail_debtor_id`, `sale_id`, `amount`, `type`, `description`, `created_at`) VALUES
(6, 3, 20, '1000.00', 'DEBT', NULL, '2026-02-03 14:49:43'),
(7, 4, 21, '320.00', 'DEBT', NULL, '2026-02-03 14:52:15'),
(8, 4, NULL, '20.00', 'PAYMENT', NULL, '2026-02-03 14:52:49'),
(9, 5, 22, '128.00', 'DEBT', NULL, '2026-02-03 14:53:52'),
(10, 6, 23, '455.00', 'DEBT', NULL, '2026-02-03 14:56:00'),
(11, 6, NULL, '95.00', 'PAYMENT', NULL, '2026-02-03 14:57:37'),
(12, 7, 24, '350.00', 'DEBT', NULL, '2026-02-03 14:58:44'),
(13, 8, 25, '130.00', 'DEBT', NULL, '2026-02-03 14:59:55'),
(14, 9, 26, '480.00', 'DEBT', NULL, '2026-02-03 15:01:49'),
(15, 9, NULL, '200.00', 'PAYMENT', NULL, '2026-02-03 15:02:19'),
(16, 10, 27, '205.00', 'DEBT', NULL, '2026-02-03 15:05:21'),
(17, 11, 35, '400.00', 'DEBT', NULL, '2026-02-04 09:23:14'),
(18, 12, 36, '750.00', 'DEBT', NULL, '2026-02-04 09:25:24'),
(19, 13, 39, '346.00', 'DEBT', NULL, '2026-02-05 13:39:16'),
(20, 14, 40, '1000.00', 'DEBT', NULL, '2026-02-05 13:54:29'),
(21, 14, NULL, '500.00', 'PAYMENT', NULL, '2026-02-05 13:55:01'),
(22, 15, 42, '600.00', 'DEBT', NULL, '2026-02-05 14:07:47'),
(23, 16, 49, '490.00', 'DEBT', NULL, '2026-02-05 16:47:07'),
(24, 14, NULL, '500.00', 'PAYMENT', NULL, '2026-02-06 13:32:48'),
(25, 16, NULL, '490.00', 'PAYMENT', NULL, '2026-02-07 07:20:29'),
(26, 17, 82, '600.00', 'DEBT', NULL, '2026-02-08 09:14:53'),
(27, 18, 83, '1500.00', 'DEBT', NULL, '2026-02-08 09:20:11'),
(28, 17, NULL, '500.00', 'PAYMENT', NULL, '2026-02-08 09:21:39'),
(29, 18, NULL, '400.00', 'PAYMENT', NULL, '2026-02-08 09:22:09'),
(30, 19, 117, '1403.00', 'DEBT', NULL, '2026-02-09 13:40:16'),
(31, 20, 118, '280.00', 'DEBT', NULL, '2026-02-09 13:43:25'),
(32, 21, 119, '60.00', 'DEBT', NULL, '2026-02-09 13:44:40'),
(33, 22, 120, '100.00', 'DEBT', NULL, '2026-02-09 13:45:38'),
(34, 22, NULL, '60.00', 'PAYMENT', NULL, '2026-02-09 13:46:06'),
(35, 3, NULL, '1000.00', 'PAYMENT', NULL, '2026-02-10 08:44:59'),
(36, 23, 127, '155.00', 'DEBT', NULL, '2026-02-10 16:10:20'),
(37, 24, 128, '80.00', 'DEBT', NULL, '2026-02-10 16:11:42'),
(38, 25, 129, '470.00', 'DEBT', NULL, '2026-02-10 16:18:42'),
(39, 26, 132, '2355.00', 'DEBT', NULL, '2026-02-10 16:30:48'),
(40, 27, 135, '255.00', 'DEBT', NULL, '2026-02-10 16:36:36'),
(41, 27, NULL, '55.00', 'RETURN', 'Return #28', '2026-02-11 15:39:35'),
(42, 28, 152, '200.00', 'DEBT', NULL, '2026-02-12 14:02:42'),
(43, 29, 155, '2450.00', 'DEBT', NULL, '2026-02-12 14:26:52'),
(44, 27, NULL, '200.00', 'PAYMENT', NULL, '2026-02-12 14:27:45'),
(45, 30, 158, '5320.00', 'DEBT', NULL, '2026-02-12 14:57:51'),
(46, 31, 175, '370.00', 'DEBT', NULL, '2026-02-14 14:24:42'),
(47, 32, 176, '50.00', 'DEBT', NULL, '2026-02-14 14:27:53'),
(48, 33, 177, '190.00', 'DEBT', NULL, '2026-02-14 14:31:24'),
(49, 34, 178, '321.00', 'DEBT', NULL, '2026-02-14 14:41:02'),
(50, 35, 179, '1140.00', 'DEBT', NULL, '2026-02-14 14:45:02'),
(51, 36, 180, '140.00', 'DEBT', NULL, '2026-02-14 14:47:57'),
(52, 6, NULL, '60.00', 'PAYMENT', NULL, '2026-02-14 14:50:24'),
(53, 22, NULL, '40.00', 'PAYMENT', NULL, '2026-02-14 14:52:51'),
(54, 37, 182, '424.00', 'DEBT', NULL, '2026-02-15 04:19:38'),
(55, 38, 188, '150.00', 'DEBT', NULL, '2026-02-15 09:48:53'),
(56, 39, 189, '100.00', 'DEBT', NULL, '2026-02-15 09:51:39'),
(57, 40, 195, '907.00', 'DEBT', NULL, '2026-02-15 15:27:44'),
(58, 41, 203, '800.00', 'DEBT', NULL, '2026-02-16 15:44:37'),
(59, 42, 204, '270.00', 'DEBT', NULL, '2026-02-16 15:45:45'),
(60, 42, NULL, '170.00', 'PAYMENT', NULL, '2026-02-16 15:47:05'),
(61, 43, 205, '600.00', 'DEBT', NULL, '2026-02-16 15:48:34'),
(62, 43, NULL, '100.00', 'PAYMENT', NULL, '2026-02-16 15:50:11'),
(63, 44, 206, '355.00', 'DEBT', NULL, '2026-02-16 16:02:38'),
(64, 45, 207, '50.00', 'DEBT', NULL, '2026-02-16 16:05:23'),
(65, 46, 208, '374.00', 'DEBT', NULL, '2026-02-16 16:08:07'),
(66, 47, 210, '1750.00', 'DEBT', NULL, '2026-02-16 16:17:57'),
(67, 44, NULL, '355.00', 'PAYMENT', NULL, '2026-02-17 04:25:32'),
(68, 48, 218, '1940.00', 'DEBT', NULL, '2026-02-17 07:03:16'),
(69, 39, NULL, '100.00', 'PAYMENT', NULL, '2026-02-17 07:49:29'),
(70, 45, NULL, '25.00', 'PAYMENT', NULL, '2026-02-17 14:18:35'),
(71, 45, NULL, '25.00', 'RETURN', 'Return #36', '2026-02-17 14:19:25'),
(72, 49, 226, '1200.00', 'DEBT', NULL, '2026-02-17 15:09:11'),
(73, 49, NULL, '1000.00', 'PAYMENT', NULL, '2026-02-17 15:10:54'),
(74, 50, 232, '2960.00', 'DEBT', NULL, '2026-02-17 16:16:31'),
(75, 40, NULL, '907.00', 'PAYMENT', NULL, '2026-02-17 16:20:44'),
(76, 51, 234, '90.00', 'DEBT', NULL, '2026-02-17 16:25:51'),
(77, 52, 235, '600.00', 'DEBT', NULL, '2026-02-17 16:28:10'),
(78, 52, NULL, '200.00', 'PAYMENT', NULL, '2026-02-17 16:29:54'),
(79, 53, 236, '1050.00', 'DEBT', NULL, '2026-02-17 16:34:20'),
(80, 54, 237, '575.00', 'DEBT', NULL, '2026-02-17 16:39:42'),
(81, 55, 243, '2060.00', 'DEBT', NULL, '2026-02-18 10:24:05'),
(82, 56, 244, '1010.00', 'DEBT', NULL, '2026-02-18 13:58:02'),
(83, 56, NULL, '230.00', 'PAYMENT', NULL, '2026-02-18 13:58:50'),
(84, 57, 245, '300.00', 'DEBT', NULL, '2026-02-18 14:00:54'),
(85, 58, 247, '155.00', 'DEBT', NULL, '2026-02-18 14:13:55'),
(86, 59, 250, '250.00', 'DEBT', NULL, '2026-02-18 14:26:10'),
(87, 18, NULL, '1000.00', 'PAYMENT', NULL, '2026-02-19 04:51:00'),
(88, 60, 256, '1060.00', 'DEBT', NULL, '2026-02-19 07:46:25'),
(89, 60, NULL, '1060.00', 'PAYMENT', NULL, '2026-02-20 08:25:19'),
(90, 61, 271, '270.00', 'DEBT', NULL, '2026-02-21 15:04:33'),
(91, 62, 272, '100.00', 'DEBT', NULL, '2026-02-21 15:33:14'),
(92, 63, 274, '335.00', 'DEBT', NULL, '2026-02-21 15:36:53'),
(93, 64, 275, '340.00', 'DEBT', NULL, '2026-02-21 15:38:59'),
(94, 65, 279, '190.00', 'DEBT', NULL, '2026-02-21 15:54:13'),
(95, 66, 280, '160.00', 'DEBT', NULL, '2026-02-21 15:55:17'),
(96, 67, 283, '163.00', 'DEBT', NULL, '2026-02-21 16:07:46'),
(97, 68, 284, '650.00', 'DEBT', NULL, '2026-02-21 16:13:30'),
(98, 69, 288, '50.00', 'DEBT', NULL, '2026-02-22 03:42:43'),
(99, 70, 292, '3600.00', 'DEBT', NULL, '2026-02-22 05:26:57'),
(100, 70, NULL, '1400.00', 'PAYMENT', NULL, '2026-02-22 05:28:03'),
(101, 71, 294, '926.00', 'DEBT', NULL, '2026-02-22 06:15:49'),
(102, 71, NULL, '536.00', 'PAYMENT', NULL, '2026-02-22 06:16:27'),
(103, 72, 296, '1020.00', 'DEBT', NULL, '2026-02-22 06:23:07'),
(104, 72, NULL, '20.00', 'PAYMENT', NULL, '2026-02-22 06:25:47'),
(105, 73, 297, '290.00', 'DEBT', NULL, '2026-02-22 06:29:01'),
(106, 6, NULL, '100.00', 'PAYMENT', NULL, '2026-02-22 06:31:25'),
(107, 70, NULL, '280.00', 'RETURN', 'Return #38', '2026-02-23 03:59:19'),
(108, 70, NULL, '20.00', 'PAYMENT', NULL, '2026-02-23 03:59:46'),
(109, 30, NULL, '5320.00', 'PAYMENT', NULL, '2026-02-24 05:05:56'),
(110, 74, 301, '880.00', 'DEBT', NULL, '2026-02-24 09:06:02'),
(111, 69, NULL, '50.00', 'PAYMENT', NULL, '2026-02-24 16:43:08'),
(112, 33, NULL, '190.00', 'PAYMENT', NULL, '2026-02-26 06:30:53'),
(113, 33, NULL, '190.00', 'PAYMENT', NULL, '2026-02-26 06:32:38'),
(114, 6, NULL, '200.00', 'PAYMENT', NULL, '2026-02-26 09:21:27'),
(115, 75, 317, '330.00', 'DEBT', NULL, '2026-02-26 09:23:09'),
(116, 35, NULL, '1140.00', 'PAYMENT', NULL, '2026-02-26 09:42:59'),
(117, 62, NULL, '100.00', 'PAYMENT', NULL, '2026-02-27 07:14:30'),
(118, 52, NULL, '400.00', 'PAYMENT', NULL, '2026-02-27 07:18:55'),
(119, 12, NULL, '750.00', 'PAYMENT', NULL, '2026-02-27 07:18:56'),
(120, 76, 351, '410.00', 'DEBT', NULL, '2026-02-28 11:59:02'),
(121, 77, 354, '580.00', 'DEBT', NULL, '2026-03-01 05:05:23'),
(122, 18, NULL, '100.00', 'PAYMENT', NULL, '2026-03-01 05:32:03'),
(123, 78, 362, '250.00', 'DEBT', NULL, '2026-03-01 05:59:58'),
(124, 78, NULL, '100.00', 'PAYMENT', NULL, '2026-03-01 06:00:31'),
(125, 65, NULL, '190.00', 'PAYMENT', NULL, '2026-03-01 10:53:26'),
(126, 51, NULL, '90.00', 'PAYMENT', NULL, '2026-03-01 10:55:59'),
(127, 41, NULL, '800.00', 'PAYMENT', NULL, '2026-03-01 12:42:23'),
(128, 9, NULL, '200.00', 'PAYMENT', NULL, '2026-03-01 16:21:59'),
(129, 7, NULL, '350.00', 'PAYMENT', NULL, '2026-03-01 16:22:44'),
(130, 21, NULL, '60.00', 'PAYMENT', NULL, '2026-03-01 16:27:33'),
(131, 79, 382, '130.00', 'DEBT', NULL, '2026-03-02 08:25:54'),
(132, 78, NULL, '150.00', 'PAYMENT', NULL, '2026-03-02 08:43:38'),
(133, 80, 390, '365.00', 'DEBT', NULL, '2026-03-02 16:00:34'),
(134, 81, 392, '2800.00', 'DEBT', NULL, '2026-03-02 16:07:09'),
(135, 81, NULL, '200.00', 'PAYMENT', NULL, '2026-03-02 16:08:14'),
(136, 82, 394, '90.00', 'DEBT', NULL, '2026-03-02 16:26:58'),
(137, 83, 395, '250.00', 'DEBT', NULL, '2026-03-02 16:28:02'),
(138, 84, 397, '1860.00', 'DEBT', NULL, '2026-03-02 16:45:55'),
(139, 85, 406, '93.00', 'DEBT', NULL, '2026-03-03 11:25:21'),
(140, 86, 407, '520.00', 'DEBT', NULL, '2026-03-03 11:27:44'),
(141, 80, NULL, '350.00', 'PAYMENT', NULL, '2026-03-05 09:43:37'),
(142, 80, NULL, '15.00', 'PAYMENT', NULL, '2026-03-05 09:44:01'),
(143, 17, NULL, '100.00', 'PAYMENT', NULL, '2026-03-05 09:44:48'),
(144, 87, 433, '1100.00', 'DEBT', NULL, '2026-03-05 11:23:35'),
(145, 85, NULL, '93.00', 'PAYMENT', NULL, '2026-03-05 12:18:46'),
(146, 11, NULL, '100.00', 'PAYMENT', NULL, '2026-03-06 05:51:34'),
(147, 88, 439, '370.00', 'DEBT', NULL, '2026-03-06 16:52:56'),
(148, 89, 443, '300.00', 'DEBT', NULL, '2026-03-06 17:41:00'),
(149, 88, NULL, '370.00', 'PAYMENT', NULL, '2026-03-06 17:42:34'),
(150, 90, 444, '470.00', 'DEBT', NULL, '2026-03-06 17:46:03'),
(151, 91, 449, '80.00', 'DEBT', NULL, '2026-03-07 15:47:58'),
(152, 92, 451, '450.00', 'DEBT', NULL, '2026-03-07 16:07:21'),
(153, 89, NULL, '300.00', 'PAYMENT', NULL, '2026-03-08 02:45:12'),
(154, 93, 456, '100.00', 'DEBT', NULL, '2026-03-08 12:35:00'),
(155, 93, NULL, '50.00', 'PAYMENT', NULL, '2026-03-08 12:35:54'),
(156, 94, 461, '285.00', 'DEBT', NULL, '2026-03-09 06:05:14'),
(157, 90, NULL, '190.00', 'RETURN', 'Return #45', '2026-03-09 06:13:36'),
(158, 50, NULL, '300.00', 'PAYMENT', NULL, '2026-03-09 06:15:08'),
(159, 90, NULL, '10.00', 'RETURN', 'Return #46', '2026-03-09 06:16:30'),
(160, 95, 462, '1030.00', 'DEBT', NULL, '2026-03-09 06:24:06'),
(161, 96, 463, '760.00', 'DEBT', NULL, '2026-03-09 06:42:16'),
(162, 97, 464, '650.00', 'DEBT', NULL, '2026-03-09 06:43:16'),
(163, 98, 465, '150.00', 'DEBT', NULL, '2026-03-09 06:44:20'),
(164, 99, 466, '1000.00', 'DEBT', NULL, '2026-03-09 06:46:14'),
(165, 100, 467, '1050.00', 'DEBT', NULL, '2026-03-09 06:48:01'),
(166, 101, 468, '2300.00', 'DEBT', NULL, '2026-03-09 06:50:51'),
(167, 102, 469, '140.00', 'DEBT', NULL, '2026-03-09 06:51:56'),
(168, 103, 470, '770.00', 'DEBT', NULL, '2026-03-09 06:53:06'),
(169, 104, 471, '400.00', 'DEBT', NULL, '2026-03-09 06:54:26'),
(170, 105, 472, '170.00', 'DEBT', NULL, '2026-03-09 06:55:50'),
(171, 106, 473, '500.00', 'DEBT', NULL, '2026-03-09 06:56:49'),
(172, 107, 474, '600.00', 'DEBT', NULL, '2026-03-09 06:57:36'),
(173, 108, 475, '420.00', 'DEBT', NULL, '2026-03-09 06:59:16'),
(174, 109, 476, '300.00', 'DEBT', NULL, '2026-03-09 07:00:57'),
(175, 110, 477, '530.00', 'DEBT', NULL, '2026-03-09 07:02:54'),
(176, 111, 478, '1000.00', 'DEBT', NULL, '2026-03-09 07:05:09'),
(177, 112, 479, '480.00', 'DEBT', NULL, '2026-03-09 07:08:14'),
(178, 113, 480, '520.00', 'DEBT', NULL, '2026-03-09 07:09:23'),
(179, 114, 481, '950.00', 'DEBT', NULL, '2026-03-09 07:10:43'),
(180, 115, 482, '950.00', 'DEBT', NULL, '2026-03-09 07:15:44'),
(181, 116, 483, '475.00', 'DEBT', NULL, '2026-03-09 07:16:53'),
(182, 117, 484, '600.00', 'DEBT', NULL, '2026-03-09 07:17:47'),
(183, 118, 485, '500.00', 'DEBT', NULL, '2026-03-09 07:19:34'),
(184, 119, 486, '1370.00', 'DEBT', NULL, '2026-03-09 07:22:08'),
(185, 120, 487, '700.00', 'DEBT', NULL, '2026-03-09 07:27:33'),
(186, 121, 488, '700.00', 'DEBT', NULL, '2026-03-09 07:28:50'),
(187, 122, 489, '50.00', 'DEBT', NULL, '2026-03-09 07:30:24'),
(188, 123, 490, '300.00', 'DEBT', NULL, '2026-03-09 07:31:17'),
(189, 124, 491, '120.00', 'DEBT', NULL, '2026-03-09 07:31:57'),
(190, 125, 492, '80.00', 'DEBT', NULL, '2026-03-09 07:32:47'),
(191, 126, 493, '140.00', 'DEBT', NULL, '2026-03-09 07:33:56'),
(192, 127, 494, '1866.00', 'DEBT', NULL, '2026-03-09 07:34:39'),
(193, 128, 495, '365.00', 'DEBT', NULL, '2026-03-09 07:35:48'),
(194, 129, 496, '70.00', 'DEBT', NULL, '2026-03-09 07:36:58'),
(195, 130, 497, '298.00', 'DEBT', NULL, '2026-03-09 07:38:05'),
(196, 131, 498, '825.00', 'DEBT', NULL, '2026-03-09 07:39:50'),
(197, 132, 499, '1305.00', 'DEBT', NULL, '2026-03-09 07:40:58'),
(198, 133, 500, '1030.00', 'DEBT', NULL, '2026-03-09 07:50:47'),
(199, 134, 501, '2500.00', 'DEBT', NULL, '2026-03-09 07:52:54'),
(200, 135, 503, '3700.00', 'DEBT', NULL, '2026-03-09 07:54:38'),
(201, 136, 504, '1536.00', 'DEBT', NULL, '2026-03-09 07:55:26'),
(202, 137, 505, '128.00', 'DEBT', NULL, '2026-03-09 07:56:54'),
(203, 47, NULL, '1750.00', 'PAYMENT', NULL, '2026-03-10 14:06:17'),
(204, 31, NULL, '100.00', 'PAYMENT', NULL, '2026-03-10 14:07:03'),
(205, 11, NULL, '200.00', 'PAYMENT', NULL, '2026-03-10 14:10:17'),
(206, 135, NULL, '3000.00', 'PAYMENT', NULL, '2026-03-11 12:48:09'),
(207, 75, NULL, '200.00', 'PAYMENT', NULL, '2026-03-11 12:48:56'),
(208, 25, NULL, '450.00', 'PAYMENT', NULL, '2026-03-11 12:49:53'),
(209, 99, NULL, '500.00', 'PAYMENT', NULL, '2026-03-12 05:18:55'),
(210, 64, NULL, '340.00', 'PAYMENT', NULL, '2026-03-12 06:38:36'),
(211, 138, 564, '490.00', 'DEBT', NULL, '2026-03-14 09:17:00'),
(212, 139, 565, '1080.00', 'DEBT', NULL, '2026-03-14 09:18:32'),
(213, 140, 567, '540.00', 'DEBT', NULL, '2026-03-14 09:22:37'),
(214, 141, 568, '800.00', 'DEBT', NULL, '2026-03-14 16:34:12'),
(215, 138, NULL, '200.00', 'PAYMENT', NULL, '2026-03-15 07:28:38'),
(216, 83, NULL, '250.00', 'PAYMENT', NULL, '2026-03-16 03:29:22'),
(217, 94, NULL, '285.00', 'PAYMENT', NULL, '2026-03-16 10:30:58'),
(218, 142, 581, '185.00', 'DEBT', NULL, '2026-03-16 10:33:38'),
(219, 107, NULL, '500.00', 'PAYMENT', NULL, '2026-03-16 11:27:42'),
(220, 92, NULL, '450.00', 'PAYMENT', NULL, '2026-03-16 11:29:49'),
(221, 61, NULL, '270.00', 'PAYMENT', NULL, '2026-03-16 11:31:06'),
(222, 118, NULL, '200.00', 'PAYMENT', NULL, '2026-03-16 13:05:10'),
(223, 133, NULL, '1030.00', 'PAYMENT', NULL, '2026-03-16 13:58:11'),
(224, 143, 584, '750.00', 'DEBT', NULL, '2026-03-16 16:59:43'),
(225, 144, 585, '750.00', 'DEBT', NULL, '2026-03-16 17:11:27'),
(226, 144, NULL, '750.00', 'RETURN', 'Return #51', '2026-03-16 17:29:14'),
(227, 90, NULL, '270.00', 'PAYMENT', NULL, '2026-03-16 17:31:04'),
(228, 95, NULL, '130.00', 'PAYMENT', NULL, '2026-03-16 17:31:23'),
(229, 145, 586, '110.00', 'DEBT', NULL, '2026-03-16 17:37:28'),
(230, 146, 589, '2400.00', 'DEBT', NULL, '2026-03-17 08:37:50'),
(231, 146, NULL, '1400.00', 'PAYMENT', NULL, '2026-03-17 08:39:55'),
(232, 147, 591, '300.00', 'DEBT', NULL, '2026-03-17 13:33:35'),
(237, 152, 621, '460.00', 'DEBT', NULL, '2026-03-19 07:37:51');

-- --------------------------------------------------------

--
-- Структура таблицы `returns`
--
-- Создание: Фев 05 2026 г., 10:43
-- Последнее обновление: Мар 16 2026 г., 17:29
--

DROP TABLE IF EXISTS `returns`;
CREATE TABLE `returns` (
  `id` int NOT NULL,
  `customer_id` int DEFAULT NULL,
  `retail_debtor_id` int DEFAULT NULL,
  `total_amount` decimal(10,2) NOT NULL,
  `created_by` int NOT NULL,
  `created_at` timestamp NULL DEFAULT CURRENT_TIMESTAMP,
  `sale_id` int DEFAULT NULL,
  `warehouse_id` int DEFAULT NULL,
  `store_id` int DEFAULT NULL
) ENGINE=InnoDB DEFAULT CHARSET=utf8mb3;

--
-- Дамп данных таблицы `returns`
--

INSERT INTO `returns` (`id`, `customer_id`, `retail_debtor_id`, `total_amount`, `created_by`, `created_at`, `sale_id`, `warehouse_id`, `store_id`) VALUES
(24, NULL, NULL, '330.00', 12, '2026-02-03 14:32:24', NULL, 11, 5),
(25, NULL, NULL, '330.00', 12, '2026-02-10 16:04:21', NULL, 11, 5),
(26, NULL, NULL, '600.00', 12, '2026-02-10 16:07:59', NULL, 11, 5),
(27, NULL, NULL, '1000.00', 12, '2026-02-10 16:38:10', NULL, 11, 5),
(28, NULL, 27, '55.00', 12, '2026-02-11 15:39:32', NULL, 11, 5),
(29, NULL, NULL, '480.00', 12, '2026-02-12 14:35:35', NULL, 11, 5),
(30, NULL, NULL, '60.00', 12, '2026-02-12 14:39:08', NULL, 11, 5),
(31, NULL, NULL, '140.00', 12, '2026-02-14 14:49:35', NULL, 11, 5),
(32, NULL, NULL, '40.00', 12, '2026-02-14 14:54:01', NULL, 11, 5),
(33, 17, NULL, '325.00', 12, '2026-02-15 06:42:04', NULL, 11, 1),
(34, NULL, NULL, '10.00', 12, '2026-02-15 09:54:07', NULL, 11, 5),
(35, NULL, NULL, '30.00', 12, '2026-02-15 09:54:59', NULL, 11, 5),
(36, NULL, 45, '25.00', 12, '2026-02-17 14:19:23', NULL, 11, 5),
(37, 18, NULL, '680.00', 13, '2026-02-19 04:57:05', NULL, 11, 1),
(38, NULL, 70, '280.00', 13, '2026-02-23 03:59:15', NULL, 11, 1),
(39, NULL, NULL, '3000.00', 13, '2026-02-26 11:52:57', NULL, 11, 1),
(40, NULL, NULL, '80.00', 12, '2026-02-28 11:18:40', NULL, 11, 5),
(41, NULL, NULL, '320.00', 12, '2026-02-28 11:25:39', NULL, 11, 5),
(42, NULL, NULL, '1065.00', 12, '2026-03-01 04:48:15', NULL, 11, 5),
(43, NULL, NULL, '140.00', 12, '2026-03-01 05:57:22', NULL, 11, 5),
(44, 19, NULL, '275.00', 12, '2026-03-05 05:45:35', NULL, 11, 1),
(45, NULL, 90, '190.00', 12, '2026-03-09 06:13:34', NULL, 11, 5),
(46, NULL, 90, '10.00', 12, '2026-03-09 06:16:28', NULL, 11, 5),
(47, NULL, NULL, '20.00', 12, '2026-03-13 15:13:06', NULL, 11, 5),
(48, NULL, NULL, '70.00', 12, '2026-03-14 09:19:00', NULL, 11, 5),
(49, NULL, NULL, '6.50', 18, '2026-03-15 08:00:51', NULL, 13, 6),
(50, NULL, NULL, '643.50', 18, '2026-03-15 08:01:22', NULL, 13, 6),
(51, NULL, 144, '750.00', 12, '2026-03-16 17:29:12', NULL, 11, 5);

-- --------------------------------------------------------

--
-- Структура таблицы `return_items`
--
-- Создание: Фев 05 2026 г., 10:43
-- Последнее обновление: Мар 16 2026 г., 17:29
--

DROP TABLE IF EXISTS `return_items`;
CREATE TABLE `return_items` (
  `id` int NOT NULL,
  `return_id` int NOT NULL,
  `product_id` int NOT NULL,
  `quantity` int NOT NULL,
  `unit_price` decimal(10,2) NOT NULL,
  `total_price` decimal(10,2) NOT NULL
) ENGINE=InnoDB DEFAULT CHARSET=utf8mb3;

--
-- Дамп данных таблицы `return_items`
--

INSERT INTO `return_items` (`id`, `return_id`, `product_id`, `quantity`, `unit_price`, `total_price`) VALUES
(26, 24, 1511, 4, '40.00', '160.00'),
(27, 24, 1173, 1, '170.00', '170.00'),
(28, 25, 297, 1, '150.00', '150.00'),
(29, 25, 294, 1, '150.00', '150.00'),
(30, 25, 894, 2, '15.00', '30.00'),
(31, 26, 492, 1, '110.00', '110.00'),
(32, 26, 330, 1, '490.00', '490.00'),
(33, 27, 1086, 1, '1000.00', '1000.00'),
(34, 28, 1510, 1, '40.00', '40.00'),
(35, 28, 1227, 1, '15.00', '15.00'),
(36, 29, 1422, 1, '410.00', '410.00'),
(37, 29, 723, 1, '70.00', '70.00'),
(38, 30, 1139, 1, '60.00', '60.00'),
(39, 31, 1419, 1, '140.00', '140.00'),
(40, 32, 785, 1, '40.00', '40.00'),
(41, 33, 807, 5, '65.00', '325.00'),
(42, 34, 1645, 1, '10.00', '10.00'),
(43, 35, 1645, 3, '10.00', '30.00'),
(44, 36, 1308, 1, '25.00', '25.00'),
(45, 37, 399, 8, '85.00', '680.00'),
(46, 38, 293, 1, '60.00', '60.00'),
(47, 38, 291, 1, '200.00', '200.00'),
(48, 38, 511, 1, '20.00', '20.00'),
(49, 39, 1220, 1, '3000.00', '3000.00'),
(50, 40, 684, 1, '80.00', '80.00'),
(51, 41, 1075, 1, '320.00', '320.00'),
(52, 42, 214, 1, '25.00', '25.00'),
(53, 42, 1563, 1, '10.00', '10.00'),
(54, 42, 1031, 1, '5.00', '5.00'),
(55, 42, 790, 1, '230.00', '230.00'),
(56, 42, 1702, 1, '25.00', '25.00'),
(57, 42, 829, 1, '600.00', '600.00'),
(58, 42, 1128, 1, '25.00', '25.00'),
(59, 42, 1131, 1, '55.00', '55.00'),
(60, 42, 676, 2, '20.00', '40.00'),
(61, 42, 694, 2, '25.00', '50.00'),
(62, 43, 557, 1, '140.00', '140.00'),
(63, 44, 672, 10, '4.50', '45.00'),
(64, 44, 673, 10, '5.50', '55.00'),
(65, 44, 674, 10, '9.50', '95.00'),
(66, 44, 692, 10, '8.00', '80.00'),
(67, 45, 1216, 1, '190.00', '190.00'),
(68, 46, 166, 1, '10.00', '10.00'),
(69, 47, 403, 2, '10.00', '20.00'),
(70, 48, 599, 2, '35.00', '70.00'),
(71, 49, 323, 1, '6.50', '6.50'),
(72, 50, 323, 99, '6.50', '643.50'),
(73, 51, 199, 1, '750.00', '750.00');

-- --------------------------------------------------------

--
-- Структура таблицы `sales`
--
-- Создание: Фев 05 2026 г., 10:43
-- Последнее обновление: Мар 19 2026 г., 07:37
--

DROP TABLE IF EXISTS `sales`;
CREATE TABLE `sales` (
  `id` int NOT NULL,
  `customer_id` int DEFAULT NULL,
  `store_id` int DEFAULT NULL,
  `warehouse_id` int DEFAULT NULL,
  `total_amount` decimal(10,2) NOT NULL,
  `created_by` int NOT NULL,
  `created_at` timestamp NULL DEFAULT CURRENT_TIMESTAMP,
  `payment_status` enum('PAID','DEBT') NOT NULL DEFAULT 'DEBT'
) ENGINE=InnoDB DEFAULT CHARSET=utf8mb3;

--
-- Дамп данных таблицы `sales`
--

INSERT INTO `sales` (`id`, `customer_id`, `store_id`, `warehouse_id`, `total_amount`, `created_by`, `created_at`, `payment_status`) VALUES
(8, NULL, 5, 11, '340.00', 12, '2026-02-03 05:02:16', 'PAID'),
(9, NULL, 1, 11, '20.00', 13, '2026-02-03 05:41:21', 'PAID'),
(10, 17, 1, 11, '350.00', 13, '2026-02-03 05:42:34', 'DEBT'),
(11, NULL, 1, 11, '100.00', 13, '2026-02-03 06:48:48', 'PAID'),
(12, 22, 5, 11, '570.00', 12, '2026-02-03 14:09:15', 'DEBT'),
(13, NULL, 5, 11, '3066.00', 12, '2026-02-03 14:29:57', 'PAID'),
(14, NULL, 5, 11, '3066.00', 12, '2026-02-03 14:30:27', 'PAID'),
(17, NULL, 5, 11, '100.00', 12, '2026-02-03 14:34:06', 'PAID'),
(18, NULL, 5, 11, '2533.00', 12, '2026-02-03 14:44:43', 'PAID'),
(19, NULL, 5, 11, '40.00', 12, '2026-02-03 14:47:10', 'PAID'),
(20, NULL, 5, 11, '1000.00', 12, '2026-02-03 14:49:41', 'DEBT'),
(21, NULL, 5, 11, '320.00', 12, '2026-02-03 14:52:12', 'DEBT'),
(22, NULL, 5, 11, '128.00', 12, '2026-02-03 14:53:50', 'DEBT'),
(23, NULL, 5, 11, '455.00', 12, '2026-02-03 14:55:53', 'DEBT'),
(24, NULL, 5, 11, '350.00', 12, '2026-02-03 14:58:41', 'DEBT'),
(25, NULL, 5, 11, '130.00', 12, '2026-02-03 14:59:52', 'DEBT'),
(26, NULL, 5, 11, '480.00', 12, '2026-02-03 15:01:45', 'DEBT'),
(27, NULL, 5, 11, '205.00', 12, '2026-02-03 15:05:16', 'DEBT'),
(28, NULL, 5, 11, '10.00', 12, '2026-02-03 15:06:12', 'PAID'),
(29, NULL, 1, 11, '170.00', 13, '2026-02-04 05:08:58', 'PAID'),
(30, 20, 1, 11, '460.00', 13, '2026-02-04 05:20:49', 'PAID'),
(31, NULL, 1, 11, '25.00', 13, '2026-02-04 05:23:58', 'PAID'),
(32, 15, 1, 11, '2856.30', 13, '2026-02-04 05:55:26', 'DEBT'),
(33, 20, 1, 11, '320.00', 13, '2026-02-04 06:03:38', 'DEBT'),
(34, NULL, 5, 11, '1897.00', 12, '2026-02-04 09:21:12', 'PAID'),
(35, NULL, 5, 11, '400.00', 12, '2026-02-04 09:23:11', 'DEBT'),
(36, NULL, 5, 11, '750.00', 12, '2026-02-04 09:25:22', 'DEBT'),
(37, 15, 1, 11, '540.00', 13, '2026-02-04 10:39:12', 'DEBT'),
(38, NULL, 5, 11, '314.00', 12, '2026-02-05 13:34:04', 'PAID'),
(39, NULL, 5, 11, '346.00', 13, '2026-02-05 13:39:11', 'DEBT'),
(40, NULL, 5, 11, '1000.00', 13, '2026-02-05 13:54:27', 'DEBT'),
(41, NULL, 5, 11, '3593.00', 13, '2026-02-05 14:06:36', 'PAID'),
(42, NULL, 5, 11, '600.00', 13, '2026-02-05 14:07:44', 'DEBT'),
(43, NULL, 5, 11, '300.00', 13, '2026-02-05 14:12:09', 'PAID'),
(44, NULL, 5, 11, '332.00', 12, '2026-02-05 14:25:27', 'PAID'),
(45, 24, 5, 11, '5298.00', 12, '2026-02-05 15:14:31', 'DEBT'),
(46, 24, 5, 11, '175.00', 12, '2026-02-05 15:22:56', 'DEBT'),
(47, 20, 1, 11, '550.00', 13, '2026-02-05 16:29:19', 'DEBT'),
(49, NULL, 1, 11, '490.00', 13, '2026-02-05 16:47:02', 'DEBT'),
(50, NULL, 5, 11, '1689.00', 12, '2026-02-06 09:11:38', 'PAID'),
(53, NULL, 5, 11, '85.00', 12, '2026-02-07 04:32:28', 'PAID'),
(54, NULL, 5, 11, '80.00', 12, '2026-02-07 04:42:28', 'PAID'),
(55, NULL, 5, 11, '120.00', 12, '2026-02-07 04:56:16', 'PAID'),
(56, NULL, 5, 11, '100.00', 12, '2026-02-07 05:27:23', 'PAID'),
(57, NULL, 5, 11, '10.00', 12, '2026-02-07 06:52:44', 'PAID'),
(58, NULL, 1, 11, '200.00', 13, '2026-02-07 07:22:52', 'PAID'),
(59, NULL, 5, 11, '923.00', 12, '2026-02-07 07:23:14', 'PAID'),
(60, NULL, 1, 11, '72.00', 13, '2026-02-07 08:25:44', 'PAID'),
(61, NULL, 1, 11, '140.00', 13, '2026-02-07 08:27:39', 'PAID'),
(62, NULL, 5, 11, '35.00', 12, '2026-02-07 08:38:19', 'PAID'),
(63, 15, 1, 11, '460.00', 13, '2026-02-07 10:22:50', 'DEBT'),
(64, 19, 1, 11, '545.00', 13, '2026-02-07 10:35:05', 'DEBT'),
(72, NULL, 5, 11, '55.00', 12, '2026-02-08 04:29:15', 'PAID'),
(79, NULL, 1, 11, '140.00', 12, '2026-02-08 08:02:28', 'PAID'),
(80, NULL, 5, 11, '1339.00', 12, '2026-02-08 09:05:11', 'PAID'),
(81, NULL, 5, 11, '280.00', 12, '2026-02-08 09:11:07', 'PAID'),
(82, NULL, 5, 11, '600.00', 12, '2026-02-08 09:14:50', 'DEBT'),
(83, NULL, 5, 11, '1500.00', 12, '2026-02-08 09:20:08', 'DEBT'),
(84, 16, 1, 11, '2594.00', 12, '2026-02-08 09:38:34', 'PAID'),
(88, 19, 1, 11, '18527.00', 12, '2026-02-08 10:18:18', 'DEBT'),
(89, 19, 1, 11, '195.00', 12, '2026-02-08 10:50:02', 'DEBT'),
(108, 19, 1, 11, '4258.00', 13, '2026-02-09 05:47:51', 'DEBT'),
(109, 19, 1, 11, '400.00', 13, '2026-02-09 06:57:39', 'DEBT'),
(110, NULL, 5, 11, '300.00', 12, '2026-02-09 11:41:33', 'PAID'),
(116, NULL, 5, 11, '3295.00', 12, '2026-02-09 12:52:00', 'PAID'),
(117, NULL, 5, 11, '1403.00', 12, '2026-02-09 13:40:06', 'DEBT'),
(118, NULL, 5, 11, '280.00', 12, '2026-02-09 13:43:23', 'DEBT'),
(119, NULL, 5, 11, '60.00', 12, '2026-02-09 13:44:38', 'DEBT'),
(120, NULL, 5, 11, '100.00', 12, '2026-02-09 13:45:34', 'DEBT'),
(121, 16, 1, 11, '600.00', 13, '2026-02-10 07:10:35', 'PAID'),
(122, NULL, 5, 11, '180.00', 12, '2026-02-10 08:42:58', 'PAID'),
(123, 19, 1, 11, '1170.00', 13, '2026-02-10 08:51:04', 'DEBT'),
(124, NULL, 1, 11, '490.00', 13, '2026-02-10 10:29:44', 'PAID'),
(125, 21, 1, 11, '1700.00', 13, '2026-02-10 12:30:36', 'DEBT'),
(126, NULL, 5, 11, '3879.00', 12, '2026-02-10 15:51:57', 'PAID'),
(127, NULL, 5, 11, '155.00', 12, '2026-02-10 16:10:17', 'DEBT'),
(128, NULL, 5, 11, '80.00', 12, '2026-02-10 16:11:38', 'DEBT'),
(129, NULL, 5, 11, '470.00', 12, '2026-02-10 16:18:39', 'DEBT'),
(132, NULL, 5, 11, '2355.00', 12, '2026-02-10 16:30:37', 'DEBT'),
(134, 13, 1, 11, '1155.00', 12, '2026-02-10 16:33:23', 'DEBT'),
(135, NULL, 5, 11, '255.00', 12, '2026-02-10 16:36:32', 'DEBT'),
(143, 13, 1, 11, '1270.00', 13, '2026-02-11 04:56:12', 'DEBT'),
(144, NULL, 1, 11, '50.00', 13, '2026-02-11 06:16:58', 'PAID'),
(145, NULL, 1, 11, '650.00', 13, '2026-02-11 08:26:14', 'PAID'),
(146, NULL, 5, 11, '3034.00', 12, '2026-02-11 14:55:00', 'PAID'),
(147, NULL, 5, 11, '555.00', 12, '2026-02-11 15:28:57', 'PAID'),
(148, 14, 1, 11, '260.00', 13, '2026-02-12 04:34:02', 'DEBT'),
(149, NULL, 1, 11, '150.00', 13, '2026-02-12 05:36:48', 'PAID'),
(150, NULL, 5, 11, '1115.00', 12, '2026-02-12 12:46:28', 'PAID'),
(151, NULL, 5, 11, '476.00', 12, '2026-02-12 12:52:53', 'PAID'),
(152, NULL, 5, 11, '200.00', 12, '2026-02-12 14:02:40', 'DEBT'),
(155, NULL, 5, 11, '2450.00', 12, '2026-02-12 14:26:41', 'DEBT'),
(156, NULL, 5, 11, '640.00', 12, '2026-02-12 14:32:45', 'PAID'),
(157, 19, 1, 11, '2358.00', 13, '2026-02-12 14:36:10', 'DEBT'),
(158, NULL, 5, 11, '5320.00', 12, '2026-02-12 14:57:46', 'DEBT'),
(159, NULL, 1, 11, '141.00', 13, '2026-02-13 07:15:01', 'PAID'),
(160, NULL, 1, 11, '40.00', 13, '2026-02-13 07:18:25', 'PAID'),
(161, NULL, 1, 11, '365.00', 13, '2026-02-13 08:35:29', 'PAID'),
(162, NULL, 5, 11, '741.40', 12, '2026-02-13 15:39:12', 'PAID'),
(165, NULL, 5, 11, '1230.00', 12, '2026-02-13 15:58:48', 'PAID'),
(166, NULL, 5, 11, '585.00', 12, '2026-02-13 16:16:03', 'PAID'),
(167, 13, 1, 11, '240.00', 13, '2026-02-14 04:39:24', 'PAID'),
(170, 20, 1, 11, '5317.00', 13, '2026-02-14 05:41:40', 'DEBT'),
(171, NULL, 1, 11, '970.00', 13, '2026-02-14 07:47:10', 'PAID'),
(172, NULL, 1, 11, '2000.00', 13, '2026-02-14 09:06:06', 'PAID'),
(173, NULL, 5, 11, '1050.00', 12, '2026-02-14 13:57:48', 'PAID'),
(174, NULL, 5, 11, '984.80', 12, '2026-02-14 14:17:00', 'PAID'),
(175, NULL, 5, 11, '370.00', 12, '2026-02-14 14:24:40', 'DEBT'),
(176, NULL, 5, 11, '50.00', 12, '2026-02-14 14:27:49', 'DEBT'),
(177, NULL, 5, 11, '190.00', 12, '2026-02-14 14:31:20', 'DEBT'),
(178, NULL, 5, 11, '321.00', 12, '2026-02-14 14:40:53', 'DEBT'),
(179, NULL, 5, 11, '1140.00', 12, '2026-02-14 14:44:57', 'DEBT'),
(180, NULL, 5, 11, '140.00', 12, '2026-02-14 14:47:55', 'DEBT'),
(181, NULL, 5, 11, '180.00', 12, '2026-02-15 04:12:58', 'PAID'),
(182, NULL, 5, 11, '424.00', 12, '2026-02-15 04:19:35', 'DEBT'),
(183, NULL, 5, 11, '10.00', 12, '2026-02-15 04:25:33', 'PAID'),
(184, 17, 1, 11, '8016.50', 12, '2026-02-15 06:31:53', 'DEBT'),
(185, 17, 1, 11, '220.00', 13, '2026-02-15 06:33:52', 'DEBT'),
(186, 17, 1, 11, '32.50', 12, '2026-02-15 06:42:40', 'DEBT'),
(187, NULL, 5, 11, '60.00', 12, '2026-02-15 09:47:00', 'PAID'),
(188, NULL, 5, 11, '150.00', 12, '2026-02-15 09:48:51', 'DEBT'),
(189, NULL, 5, 11, '100.00', 12, '2026-02-15 09:51:36', 'DEBT'),
(190, NULL, 5, 11, '90.00', 12, '2026-02-15 09:53:16', 'PAID'),
(191, NULL, 5, 11, '215.00', 12, '2026-02-15 10:19:30', 'PAID'),
(192, NULL, 5, 11, '30.00', 12, '2026-02-15 10:26:15', 'PAID'),
(193, NULL, 5, 11, '20.00', 12, '2026-02-15 11:02:48', 'PAID'),
(194, 24, 5, 11, '2290.04', 12, '2026-02-15 15:06:59', 'DEBT'),
(195, NULL, 5, 11, '907.00', 12, '2026-02-15 15:27:32', 'DEBT'),
(196, NULL, 1, 11, '50.00', 13, '2026-02-16 06:01:29', 'PAID'),
(197, NULL, 1, 11, '20.00', 13, '2026-02-16 06:01:52', 'PAID'),
(198, NULL, 5, 11, '327.00', 12, '2026-02-16 13:32:22', 'PAID'),
(199, NULL, 5, 11, '1088.00', 12, '2026-02-16 13:58:48', 'PAID'),
(200, NULL, 5, 11, '740.00', 12, '2026-02-16 14:23:40', 'PAID'),
(201, NULL, 5, 11, '1095.00', 12, '2026-02-16 15:01:28', 'PAID'),
(202, NULL, 5, 11, '777.00', 12, '2026-02-16 15:28:10', 'PAID'),
(203, NULL, 5, 11, '800.00', 12, '2026-02-16 15:44:35', 'DEBT'),
(204, NULL, 5, 11, '270.00', 12, '2026-02-16 15:45:43', 'DEBT'),
(205, NULL, 5, 11, '600.00', 12, '2026-02-16 15:48:32', 'DEBT'),
(206, NULL, 5, 11, '355.00', 12, '2026-02-16 16:02:31', 'DEBT'),
(207, NULL, 5, 11, '50.00', 12, '2026-02-16 16:05:20', 'DEBT'),
(208, NULL, 5, 11, '374.00', 12, '2026-02-16 16:08:03', 'DEBT'),
(210, NULL, 5, 11, '1750.00', 12, '2026-02-16 16:17:46', 'DEBT'),
(216, NULL, 1, 11, '600.00', 13, '2026-02-17 06:05:57', 'PAID'),
(217, 15, 1, 11, '5126.00', 13, '2026-02-17 06:45:28', 'DEBT'),
(218, NULL, 1, 11, '1940.00', 13, '2026-02-17 07:03:11', 'DEBT'),
(219, NULL, 1, 11, '150.00', 13, '2026-02-17 07:10:33', 'PAID'),
(220, NULL, 1, 11, '1500.00', 13, '2026-02-17 07:25:55', 'PAID'),
(221, NULL, 1, 11, '935.00', 13, '2026-02-17 07:38:47', 'PAID'),
(222, 24, 5, 11, '1090.00', 12, '2026-02-17 14:38:16', 'DEBT'),
(224, 23, 5, 11, '630.00', 12, '2026-02-17 14:45:51', 'DEBT'),
(225, 28, 5, 11, '395.00', 12, '2026-02-17 14:50:07', 'DEBT'),
(226, NULL, 5, 11, '1200.00', 12, '2026-02-17 15:09:01', 'DEBT'),
(227, NULL, 5, 11, '47.00', 12, '2026-02-17 15:13:18', 'PAID'),
(228, NULL, 5, 11, '1100.00', 12, '2026-02-17 15:37:47', 'PAID'),
(230, NULL, 5, 11, '2065.00', 12, '2026-02-17 15:57:22', 'PAID'),
(232, NULL, 5, 11, '2960.00', 12, '2026-02-17 16:16:20', 'DEBT'),
(233, NULL, 5, 11, '160.00', 12, '2026-02-17 16:24:22', 'PAID'),
(234, NULL, 5, 11, '90.00', 12, '2026-02-17 16:25:49', 'DEBT'),
(235, NULL, 5, 11, '600.00', 12, '2026-02-17 16:28:07', 'DEBT'),
(236, NULL, 5, 11, '1050.00', 12, '2026-02-17 16:34:16', 'DEBT'),
(237, NULL, 5, 11, '575.00', 12, '2026-02-17 16:39:36', 'DEBT'),
(238, NULL, 5, 11, '1590.00', 12, '2026-02-17 16:50:30', 'PAID'),
(239, NULL, 5, 11, '100.00', 12, '2026-02-17 16:57:06', 'PAID'),
(240, 13, 1, 11, '2360.00', 13, '2026-02-18 04:27:13', 'DEBT'),
(241, 20, 1, 11, '758.00', 13, '2026-02-18 05:20:16', 'DEBT'),
(242, 18, 1, 11, '4750.00', 13, '2026-02-18 05:23:42', 'DEBT'),
(243, NULL, 5, 11, '2060.00', 13, '2026-02-18 10:24:00', 'DEBT'),
(244, NULL, 5, 11, '1010.00', 12, '2026-02-18 13:57:56', 'DEBT'),
(245, NULL, 5, 11, '300.00', 12, '2026-02-18 14:00:50', 'DEBT'),
(246, NULL, 5, 11, '95.00', 12, '2026-02-18 14:09:21', 'PAID'),
(247, NULL, 5, 11, '155.00', 12, '2026-02-18 14:13:51', 'DEBT'),
(248, NULL, 5, 11, '146.00', 12, '2026-02-18 14:20:40', 'PAID'),
(249, NULL, 5, 11, '315.00', 12, '2026-02-18 14:24:26', 'PAID'),
(250, NULL, 5, 11, '250.00', 12, '2026-02-18 14:26:07', 'DEBT'),
(251, NULL, 5, 11, '485.00', 12, '2026-02-18 14:38:55', 'PAID'),
(253, NULL, 5, 11, '707.00', 12, '2026-02-18 14:44:41', 'PAID'),
(254, 13, 1, 11, '825.00', 13, '2026-02-19 03:46:01', 'PAID'),
(255, NULL, 1, 11, '240.00', 13, '2026-02-19 04:31:36', 'PAID'),
(256, NULL, 1, 11, '1060.00', 13, '2026-02-19 07:46:22', 'DEBT'),
(257, NULL, 1, 11, '130.00', 13, '2026-02-19 08:25:56', 'PAID'),
(258, 12, 1, 11, '5320.00', 13, '2026-02-19 08:35:29', 'DEBT'),
(260, 15, 1, 11, '2465.00', 13, '2026-02-19 08:56:10', 'DEBT'),
(262, NULL, 6, 13, '1780.00', 13, '2026-02-19 09:05:05', 'PAID'),
(263, NULL, 1, 11, '60.00', 13, '2026-02-20 04:36:50', 'PAID'),
(264, NULL, 1, 11, '100.00', 13, '2026-02-20 06:04:40', 'PAID'),
(265, NULL, 1, 11, '30.00', 13, '2026-02-21 03:47:49', 'PAID'),
(266, NULL, 1, 11, '50.00', 13, '2026-02-21 08:50:37', 'PAID'),
(268, NULL, 5, 11, '396.00', 12, '2026-02-21 14:52:59', 'PAID'),
(270, NULL, 5, 11, '1560.00', 12, '2026-02-21 14:59:46', 'PAID'),
(271, NULL, 5, 11, '270.00', 12, '2026-02-21 15:04:28', 'DEBT'),
(272, NULL, 5, 11, '100.00', 12, '2026-02-21 15:33:11', 'DEBT'),
(274, NULL, 5, 11, '335.00', 12, '2026-02-21 15:36:48', 'DEBT'),
(275, NULL, 5, 11, '340.00', 12, '2026-02-21 15:38:56', 'DEBT'),
(276, NULL, 5, 11, '530.00', 12, '2026-02-21 15:45:22', 'PAID'),
(278, NULL, 5, 11, '671.00', 12, '2026-02-21 15:51:33', 'PAID'),
(279, NULL, 5, 11, '190.00', 12, '2026-02-21 15:54:10', 'DEBT'),
(280, NULL, 5, 11, '160.00', 12, '2026-02-21 15:55:15', 'DEBT'),
(281, NULL, 5, 11, '320.00', 12, '2026-02-21 15:58:53', 'PAID'),
(282, NULL, 5, 11, '540.10', 12, '2026-02-21 16:04:46', 'PAID'),
(283, NULL, 5, 11, '163.00', 12, '2026-02-21 16:07:43', 'DEBT'),
(284, NULL, 5, 11, '650.00', 12, '2026-02-21 16:13:22', 'DEBT'),
(285, NULL, 5, 11, '280.00', 13, '2026-02-22 03:39:11', 'PAID'),
(287, NULL, 5, 11, '152.00', 13, '2026-02-22 03:41:58', 'PAID'),
(288, NULL, 5, 11, '50.00', 13, '2026-02-22 03:42:41', 'DEBT'),
(289, NULL, 6, 13, '2637.00', 13, '2026-02-22 04:23:01', 'PAID'),
(292, NULL, 1, 11, '3600.00', 13, '2026-02-22 05:26:54', 'DEBT'),
(293, NULL, 5, 11, '275.20', 12, '2026-02-22 06:08:04', 'PAID'),
(294, NULL, 5, 11, '926.00', 12, '2026-02-22 06:15:39', 'DEBT'),
(295, NULL, 5, 11, '715.00', 12, '2026-02-22 06:20:11', 'PAID'),
(296, NULL, 5, 11, '1020.00', 12, '2026-02-22 06:23:04', 'DEBT'),
(297, NULL, 5, 11, '290.00', 12, '2026-02-22 06:28:56', 'DEBT'),
(298, NULL, 1, 11, '3150.00', 13, '2026-02-22 09:43:42', 'PAID'),
(299, NULL, 1, 11, '170.00', 13, '2026-02-23 04:03:17', 'PAID'),
(300, NULL, 1, 11, '3000.00', 13, '2026-02-23 05:58:46', 'PAID'),
(301, NULL, 5, 11, '880.00', 13, '2026-02-24 09:05:55', 'DEBT'),
(302, NULL, 5, 11, '500.00', 13, '2026-02-24 12:33:31', 'PAID'),
(303, NULL, 5, 11, '289.00', 12, '2026-02-24 12:46:27', 'PAID'),
(306, NULL, 5, 11, '1503.00', 12, '2026-02-24 12:54:10', 'PAID'),
(307, 15, 1, 11, '5263.00', 12, '2026-02-24 13:04:26', 'DEBT'),
(308, NULL, 1, 11, '40.00', 13, '2026-02-25 04:22:05', 'PAID'),
(309, NULL, 1, 11, '40.00', 13, '2026-02-25 04:24:55', 'PAID'),
(310, NULL, 1, 11, '50.00', 13, '2026-02-25 07:10:12', 'PAID'),
(311, 17, 1, 11, '1250.00', 13, '2026-02-26 05:16:53', 'DEBT'),
(312, NULL, 1, 11, '560.00', 13, '2026-02-26 06:06:19', 'PAID'),
(313, 30, 6, 13, '3120.00', 13, '2026-02-26 06:34:48', 'DEBT'),
(316, 29, 6, 13, '9560.00', 13, '2026-02-26 07:24:32', 'DEBT'),
(317, NULL, 5, 11, '330.00', 13, '2026-02-26 09:23:06', 'DEBT'),
(320, 16, 1, 11, '2452.00', 13, '2026-02-26 11:46:51', 'DEBT'),
(321, 18, 1, 11, '2880.00', 13, '2026-02-26 11:51:14', 'PAID'),
(322, NULL, 1, 11, '2500.00', 13, '2026-02-26 11:53:41', 'PAID'),
(325, NULL, 5, 11, '1150.02', 12, '2026-02-27 15:45:20', 'PAID'),
(326, NULL, 5, 11, '1570.00', 12, '2026-02-27 15:58:17', 'PAID'),
(327, NULL, 5, 11, '766.00', 12, '2026-02-27 16:22:36', 'PAID'),
(329, NULL, 5, 11, '1605.00', 12, '2026-02-27 16:57:29', 'PAID'),
(336, NULL, 5, 11, '3302.00', 12, '2026-02-27 17:40:24', 'PAID'),
(337, NULL, 5, 11, '150.00', 12, '2026-02-27 17:42:05', 'PAID'),
(341, NULL, 5, 11, '3269.00', 12, '2026-02-28 10:59:42', 'PAID'),
(342, NULL, 5, 11, '820.00', 12, '2026-02-28 11:08:31', 'PAID'),
(343, NULL, 5, 11, '1800.00', 12, '2026-02-28 11:14:22', 'PAID'),
(345, NULL, 5, 11, '403.00', 12, '2026-02-28 11:22:47', 'PAID'),
(346, NULL, 5, 11, '295.00', 12, '2026-02-28 11:31:34', 'PAID'),
(349, NULL, 5, 11, '1065.00', 12, '2026-02-28 11:49:51', 'PAID'),
(350, NULL, 5, 11, '230.00', 12, '2026-02-28 11:55:16', 'PAID'),
(351, NULL, 5, 11, '410.00', 12, '2026-02-28 11:58:57', 'DEBT'),
(353, NULL, 5, 11, '1120.00', 12, '2026-03-01 05:01:13', 'PAID'),
(354, NULL, 5, 11, '580.00', 12, '2026-03-01 05:05:21', 'DEBT'),
(355, NULL, 5, 11, '512.00', 12, '2026-03-01 05:12:45', 'PAID'),
(357, NULL, 5, 11, '831.50', 12, '2026-03-01 05:23:00', 'PAID'),
(358, NULL, 5, 11, '419.00', 12, '2026-03-01 05:29:02', 'PAID'),
(359, NULL, 5, 11, '800.00', 12, '2026-03-01 05:39:20', 'PAID'),
(361, NULL, 5, 11, '1732.00', 12, '2026-03-01 05:55:28', 'PAID'),
(362, NULL, 5, 11, '250.00', 12, '2026-03-01 05:59:55', 'DEBT'),
(364, 22, 5, 11, '7642.00', 12, '2026-03-01 06:23:18', 'DEBT'),
(365, NULL, 6, 13, '684.00', 18, '2026-03-01 06:39:46', 'PAID'),
(366, NULL, 6, 13, '50.00', 18, '2026-03-01 06:53:09', 'PAID'),
(368, 24, 5, 11, '7094.00', 12, '2026-03-01 12:14:50', 'DEBT'),
(369, 22, 5, 11, '1090.00', 12, '2026-03-01 12:32:18', 'DEBT'),
(371, 21, 1, 11, '1476.00', 13, '2026-03-02 06:29:22', 'DEBT'),
(373, 19, 1, 11, '1787.00', 13, '2026-03-02 06:36:55', 'DEBT'),
(374, 19, 1, 11, '2617.00', 13, '2026-03-02 06:43:45', 'DEBT'),
(376, NULL, 6, 13, '1057.50', 13, '2026-03-02 06:50:22', 'PAID'),
(377, NULL, 6, 13, '2720.00', 13, '2026-03-02 06:53:41', 'PAID'),
(378, 19, 1, 11, '660.00', 13, '2026-03-02 07:09:25', 'DEBT'),
(379, 13, 1, 11, '355.00', 13, '2026-03-02 07:12:06', 'PAID'),
(380, NULL, 6, 13, '1400.00', 13, '2026-03-02 07:15:19', 'PAID'),
(381, 17, 1, 11, '3050.00', 13, '2026-03-02 07:45:35', 'DEBT'),
(382, NULL, 1, 11, '130.00', 13, '2026-03-02 08:25:51', 'DEBT'),
(383, NULL, 1, 11, '30.00', 13, '2026-03-02 08:31:33', 'PAID'),
(384, 23, 5, 11, '700.00', 12, '2026-03-02 14:35:30', 'DEBT'),
(387, 24, 5, 11, '6380.00', 12, '2026-03-02 15:23:13', 'DEBT'),
(388, NULL, 5, 11, '2903.00', 12, '2026-03-02 15:51:59', 'PAID'),
(390, NULL, 5, 11, '365.00', 12, '2026-03-02 16:00:30', 'DEBT'),
(391, NULL, 5, 11, '600.00', 12, '2026-03-02 16:04:10', 'PAID'),
(392, NULL, 5, 11, '2800.00', 12, '2026-03-02 16:07:05', 'DEBT'),
(393, NULL, 5, 11, '1575.00', 12, '2026-03-02 16:15:13', 'PAID'),
(394, NULL, 5, 11, '90.00', 12, '2026-03-02 16:26:56', 'DEBT'),
(395, NULL, 5, 11, '250.00', 12, '2026-03-02 16:27:59', 'DEBT'),
(396, NULL, 5, 11, '595.00', 12, '2026-03-02 16:33:04', 'PAID'),
(397, NULL, 5, 11, '1860.00', 12, '2026-03-02 16:45:53', 'DEBT'),
(398, NULL, 1, 11, '60.00', 13, '2026-03-03 04:55:29', 'PAID'),
(399, NULL, 6, 13, '127.50', 18, '2026-03-03 06:07:03', 'PAID'),
(400, 15, 1, 11, '4522.00', 13, '2026-03-03 07:45:09', 'DEBT'),
(401, NULL, 1, 11, '60.00', 13, '2026-03-03 09:02:46', 'PAID'),
(403, NULL, 6, 13, '154.00', 18, '2026-03-03 09:07:56', 'PAID'),
(404, NULL, 5, 11, '200.00', 12, '2026-03-03 11:15:55', 'PAID'),
(405, NULL, 5, 11, '360.00', 12, '2026-03-03 11:19:09', 'PAID'),
(406, NULL, 5, 11, '93.00', 12, '2026-03-03 11:25:18', 'DEBT'),
(407, NULL, 5, 11, '520.00', 12, '2026-03-03 11:27:41', 'DEBT'),
(408, NULL, 5, 11, '600.00', 12, '2026-03-03 11:31:14', 'PAID'),
(409, NULL, 5, 11, '120.00', 12, '2026-03-03 11:33:13', 'PAID'),
(410, NULL, 5, 11, '200.00', 12, '2026-03-03 11:34:50', 'PAID'),
(411, NULL, 5, 11, '180.00', 12, '2026-03-03 11:53:15', 'PAID'),
(413, NULL, 5, 11, '7188.00', 12, '2026-03-03 15:05:18', 'PAID'),
(414, NULL, 5, 11, '1570.00', 12, '2026-03-03 15:08:07', 'PAID'),
(416, 13, 1, 11, '4414.00', 13, '2026-03-04 04:32:24', 'PAID'),
(418, NULL, 6, 13, '10.00', 18, '2026-03-04 05:54:46', 'PAID'),
(423, 19, 1, 11, '31667.00', 13, '2026-03-04 06:47:33', 'DEBT'),
(424, 19, 1, 11, '275.00', 12, '2026-03-05 04:53:59', 'DEBT'),
(425, 17, 1, 11, '275.00', 12, '2026-03-05 05:46:34', 'DEBT'),
(426, 19, 1, 11, '1869.00', 12, '2026-03-05 05:50:45', 'DEBT'),
(427, NULL, 6, 13, '917.00', 18, '2026-03-05 06:07:28', 'PAID'),
(428, NULL, 1, 11, '1060.00', 12, '2026-03-05 06:37:53', 'PAID'),
(429, NULL, 6, 13, '406.50', 18, '2026-03-05 09:36:36', 'PAID'),
(432, NULL, 5, 11, '2925.50', 12, '2026-03-05 11:12:19', 'PAID'),
(433, NULL, 5, 11, '1100.00', 12, '2026-03-05 11:23:32', 'DEBT'),
(434, NULL, 5, 11, '605.00', 12, '2026-03-05 11:29:18', 'PAID'),
(436, NULL, 6, 13, '136.50', 18, '2026-03-06 08:56:52', 'PAID'),
(437, NULL, 1, 11, '1920.00', 13, '2026-03-06 10:16:27', 'PAID'),
(438, NULL, 5, 11, '2625.00', 12, '2026-03-06 16:47:12', 'PAID'),
(439, NULL, 5, 11, '370.00', 12, '2026-03-06 16:52:51', 'DEBT'),
(442, 24, 5, 11, '4577.00', 12, '2026-03-06 17:32:30', 'DEBT'),
(443, NULL, 5, 11, '300.00', 12, '2026-03-06 17:40:56', 'DEBT'),
(444, NULL, 5, 11, '470.00', 12, '2026-03-06 17:45:58', 'DEBT'),
(445, NULL, 1, 11, '330.00', 13, '2026-03-07 09:27:33', 'PAID'),
(448, NULL, 5, 11, '2150.00', 12, '2026-03-07 15:44:40', 'PAID'),
(449, NULL, 5, 11, '80.00', 12, '2026-03-07 15:47:56', 'DEBT'),
(450, NULL, 5, 11, '1491.50', 12, '2026-03-07 16:01:31', 'PAID'),
(451, NULL, 5, 11, '450.00', 12, '2026-03-07 16:07:18', 'DEBT'),
(452, NULL, 5, 11, '130.00', 12, '2026-03-07 16:09:58', 'PAID'),
(453, NULL, 5, 11, '40.00', 12, '2026-03-07 16:11:47', 'PAID'),
(454, NULL, 6, 13, '2227.00', 18, '2026-03-07 16:43:17', 'PAID'),
(455, NULL, 6, 13, '50.00', 18, '2026-03-08 05:32:14', 'PAID'),
(456, NULL, 5, 11, '100.00', 12, '2026-03-08 12:34:58', 'DEBT'),
(457, 13, 1, 11, '970.00', 13, '2026-03-08 17:23:16', 'PAID'),
(458, 19, 1, 11, '5374.00', 13, '2026-03-08 17:44:19', 'DEBT'),
(460, NULL, 5, 11, '1144.00', 12, '2026-03-09 06:02:03', 'PAID'),
(461, NULL, 5, 11, '285.00', 12, '2026-03-09 06:05:10', 'DEBT'),
(462, NULL, 5, 11, '1030.00', 12, '2026-03-09 06:23:57', 'DEBT'),
(463, NULL, 5, 11, '760.00', 12, '2026-03-09 06:42:13', 'DEBT'),
(464, NULL, 5, 11, '650.00', 12, '2026-03-09 06:43:13', 'DEBT'),
(465, NULL, 5, 11, '150.00', 12, '2026-03-09 06:44:17', 'DEBT'),
(466, NULL, 5, 11, '1000.00', 12, '2026-03-09 06:46:12', 'DEBT'),
(467, NULL, 5, 11, '1050.00', 12, '2026-03-09 06:47:59', 'DEBT'),
(468, NULL, 5, 11, '2300.00', 12, '2026-03-09 06:50:49', 'DEBT'),
(469, NULL, 5, 11, '140.00', 12, '2026-03-09 06:51:54', 'DEBT'),
(470, NULL, 5, 11, '770.00', 12, '2026-03-09 06:53:03', 'DEBT'),
(471, NULL, 5, 11, '400.00', 12, '2026-03-09 06:54:23', 'DEBT'),
(472, NULL, 5, 11, '170.00', 12, '2026-03-09 06:55:47', 'DEBT'),
(473, NULL, 5, 11, '500.00', 12, '2026-03-09 06:56:46', 'DEBT'),
(474, NULL, 5, 11, '600.00', 12, '2026-03-09 06:57:34', 'DEBT'),
(475, NULL, 5, 11, '420.00', 12, '2026-03-09 06:59:14', 'DEBT'),
(476, NULL, 5, 11, '300.00', 12, '2026-03-09 07:00:55', 'DEBT'),
(477, NULL, 5, 11, '530.00', 12, '2026-03-09 07:02:51', 'DEBT'),
(478, NULL, 5, 11, '1000.00', 12, '2026-03-09 07:05:06', 'DEBT'),
(479, NULL, 5, 11, '480.00', 12, '2026-03-09 07:08:12', 'DEBT'),
(480, NULL, 5, 11, '520.00', 12, '2026-03-09 07:09:20', 'DEBT'),
(481, NULL, 5, 11, '950.00', 12, '2026-03-09 07:10:41', 'DEBT'),
(482, NULL, 5, 11, '950.00', 12, '2026-03-09 07:15:41', 'DEBT'),
(483, NULL, 5, 11, '475.00', 12, '2026-03-09 07:16:50', 'DEBT'),
(484, NULL, 5, 11, '600.00', 12, '2026-03-09 07:17:44', 'DEBT'),
(485, NULL, 5, 11, '500.00', 12, '2026-03-09 07:19:32', 'DEBT'),
(486, NULL, 5, 11, '1370.00', 12, '2026-03-09 07:22:05', 'DEBT'),
(487, NULL, 5, 11, '700.00', 12, '2026-03-09 07:27:31', 'DEBT'),
(488, NULL, 5, 11, '700.00', 12, '2026-03-09 07:28:48', 'DEBT'),
(489, NULL, 5, 11, '50.00', 12, '2026-03-09 07:30:21', 'DEBT'),
(490, NULL, 5, 11, '300.00', 12, '2026-03-09 07:31:15', 'DEBT'),
(491, NULL, 5, 11, '120.00', 12, '2026-03-09 07:31:55', 'DEBT'),
(492, NULL, 5, 11, '80.00', 12, '2026-03-09 07:32:44', 'DEBT'),
(493, NULL, 5, 11, '140.00', 12, '2026-03-09 07:33:53', 'DEBT'),
(494, NULL, 5, 11, '1866.00', 12, '2026-03-09 07:34:37', 'DEBT'),
(495, NULL, 5, 11, '365.00', 12, '2026-03-09 07:35:45', 'DEBT'),
(496, NULL, 5, 11, '70.00', 12, '2026-03-09 07:36:55', 'DEBT'),
(497, NULL, 5, 11, '298.00', 12, '2026-03-09 07:38:03', 'DEBT'),
(498, NULL, 5, 11, '825.00', 12, '2026-03-09 07:39:48', 'DEBT'),
(499, NULL, 5, 11, '1305.00', 12, '2026-03-09 07:40:55', 'DEBT'),
(500, NULL, 5, 11, '1030.00', 12, '2026-03-09 07:50:45', 'DEBT'),
(501, NULL, 5, 11, '2500.00', 12, '2026-03-09 07:52:51', 'DEBT'),
(502, NULL, 6, 13, '86.00', 18, '2026-03-09 07:52:55', 'PAID'),
(503, NULL, 5, 11, '3700.00', 12, '2026-03-09 07:54:35', 'DEBT'),
(504, NULL, 5, 11, '1536.00', 12, '2026-03-09 07:55:23', 'DEBT'),
(505, NULL, 5, 11, '128.00', 12, '2026-03-09 07:56:51', 'DEBT'),
(506, 13, 1, 11, '1585.00', 13, '2026-03-09 10:04:19', 'DEBT'),
(507, 16, 1, 11, '1524.00', 13, '2026-03-09 10:14:07', 'DEBT'),
(508, 20, 1, 11, '755.00', 13, '2026-03-09 10:16:58', 'DEBT'),
(510, 15, 1, 11, '4375.00', 13, '2026-03-09 10:32:41', 'DEBT'),
(511, 19, 1, 11, '4666.00', 13, '2026-03-09 10:59:43', 'DEBT'),
(513, 22, 5, 11, '3555.00', 12, '2026-03-09 11:53:12', 'DEBT'),
(514, NULL, 5, 11, '249.00', 12, '2026-03-09 11:57:58', 'PAID'),
(515, NULL, 5, 11, '160.00', 12, '2026-03-09 12:01:16', 'PAID'),
(516, NULL, 5, 11, '1200.00', 12, '2026-03-09 12:06:15', 'PAID'),
(517, 17, 1, 11, '8051.00', 13, '2026-03-09 12:08:40', 'PAID'),
(518, NULL, 6, 13, '696.00', 18, '2026-03-10 08:17:24', 'PAID'),
(519, NULL, 5, 11, '1415.00', 12, '2026-03-10 15:06:55', 'PAID'),
(520, NULL, 5, 11, '294.50', 12, '2026-03-10 15:09:54', 'PAID'),
(521, 19, 1, 11, '3025.00', 13, '2026-03-11 05:34:53', 'DEBT'),
(522, NULL, 6, 13, '324.00', 18, '2026-03-11 09:19:04', 'PAID'),
(523, NULL, 1, 11, '280.00', 13, '2026-03-12 07:00:56', 'PAID'),
(524, NULL, 6, 13, '1657.00', 18, '2026-03-12 09:21:29', 'PAID'),
(529, NULL, 6, 13, '270.00', 18, '2026-03-12 09:39:05', 'PAID'),
(530, NULL, 6, 13, '360.00', 18, '2026-03-12 10:16:44', 'PAID'),
(533, 24, 5, 11, '4254.00', 12, '2026-03-12 12:51:10', 'DEBT'),
(534, 22, 5, 11, '3440.00', 12, '2026-03-12 13:00:10', 'DEBT'),
(535, 20, 1, 11, '4513.00', 13, '2026-03-12 17:23:42', 'DEBT'),
(542, NULL, 1, 11, '200.00', 13, '2026-03-13 09:34:05', 'PAID'),
(551, NULL, 5, 11, '1660.00', 12, '2026-03-13 15:10:04', 'PAID'),
(553, NULL, 1, 11, '220.00', 13, '2026-03-13 15:12:33', 'PAID'),
(555, NULL, 5, 11, '1350.00', 12, '2026-03-13 16:49:21', 'PAID'),
(556, NULL, 1, 11, '50.00', 13, '2026-03-14 07:26:44', 'PAID'),
(558, 17, 1, 11, '1020.00', 13, '2026-03-14 07:39:24', 'DEBT'),
(559, 20, 1, 11, '4020.00', 13, '2026-03-14 08:17:43', 'DEBT'),
(561, 15, 1, 11, '4858.40', 13, '2026-03-14 08:56:47', 'DEBT'),
(562, NULL, 5, 11, '450.00', 12, '2026-03-14 09:13:49', 'PAID'),
(563, NULL, 5, 11, '1060.00', 12, '2026-03-14 09:15:41', 'PAID'),
(564, NULL, 5, 11, '490.00', 12, '2026-03-14 09:16:56', 'DEBT'),
(565, NULL, 5, 11, '1080.00', 12, '2026-03-14 09:18:28', 'DEBT'),
(566, NULL, 5, 11, '150.50', 12, '2026-03-14 09:20:58', 'PAID'),
(567, NULL, 5, 11, '540.00', 12, '2026-03-14 09:22:34', 'DEBT'),
(568, NULL, 5, 11, '800.00', 12, '2026-03-14 16:34:09', 'DEBT'),
(569, NULL, 5, 11, '190.00', 12, '2026-03-14 16:34:34', 'PAID'),
(570, NULL, 5, 11, '2420.50', 12, '2026-03-15 04:32:21', 'PAID'),
(571, NULL, 5, 11, '810.00', 12, '2026-03-15 04:38:20', 'PAID'),
(573, NULL, 5, 11, '817.00', 12, '2026-03-15 04:44:30', 'PAID'),
(574, NULL, 1, 11, '50.00', 13, '2026-03-15 05:29:56', 'PAID'),
(576, NULL, 5, 11, '2150.00', 12, '2026-03-15 06:20:17', 'PAID'),
(577, NULL, 5, 11, '6.00', 13, '2026-03-15 08:54:24', 'PAID'),
(578, NULL, 5, 11, '780.00', 12, '2026-03-16 05:17:48', 'PAID'),
(579, NULL, 5, 11, '130.00', 12, '2026-03-16 05:26:45', 'PAID'),
(580, NULL, 5, 11, '50.00', 12, '2026-03-16 06:02:27', 'PAID'),
(581, NULL, 5, 11, '185.00', 12, '2026-03-16 10:33:36', 'DEBT'),
(583, NULL, 5, 11, '515.00', 12, '2026-03-16 13:31:52', 'PAID'),
(584, NULL, 5, 11, '750.00', 12, '2026-03-16 16:59:41', 'DEBT'),
(585, NULL, 5, 11, '750.00', 12, '2026-03-16 17:11:24', 'DEBT'),
(586, NULL, 5, 11, '110.00', 12, '2026-03-16 17:37:26', 'DEBT'),
(587, NULL, 1, 11, '1670.00', 13, '2026-03-16 23:58:11', 'PAID'),
(588, NULL, 1, 11, '110.00', 13, '2026-03-17 07:42:27', 'PAID'),
(589, NULL, 5, 11, '2400.00', 12, '2026-03-17 08:37:48', 'DEBT'),
(590, NULL, 5, 11, '60.00', 12, '2026-03-17 08:56:22', 'PAID'),
(591, NULL, 5, 11, '300.00', 12, '2026-03-17 13:33:33', 'DEBT'),
(611, NULL, 1, 11, '11.00', 1, '2026-03-17 19:27:37', 'DEBT'),
(612, NULL, 1, 11, '1.00', 1, '2026-03-17 19:28:36', 'DEBT'),
(613, 20, 1, 11, '620.00', 13, '2026-03-18 04:07:05', 'DEBT'),
(614, NULL, 1, 11, '1.00', 1, '2026-03-18 18:46:44', 'DEBT'),
(615, NULL, 1, 11, '4.00', 1, '2026-03-18 18:53:58', 'DEBT'),
(616, 20, 1, 11, '560.00', 13, '2026-03-19 04:56:38', 'DEBT'),
(617, NULL, 1, 11, '150.00', 13, '2026-03-19 05:01:56', 'PAID'),
(618, NULL, 1, 11, '160.00', 13, '2026-03-19 06:59:35', 'PAID'),
(619, NULL, 1, 11, '20.00', 13, '2026-03-19 07:03:09', 'PAID'),
(620, 18, 1, 11, '6976.00', 13, '2026-03-19 07:17:05', 'DEBT'),
(621, NULL, 1, 11, '460.00', 13, '2026-03-19 07:37:47', 'DEBT');

-- --------------------------------------------------------

--
-- Структура таблицы `sale_items`
--
-- Создание: Фев 05 2026 г., 10:43
-- Последнее обновление: Мар 19 2026 г., 07:37
--

DROP TABLE IF EXISTS `sale_items`;
CREATE TABLE `sale_items` (
  `id` int NOT NULL,
  `sale_id` int NOT NULL,
  `product_id` int NOT NULL,
  `quantity` int NOT NULL,
  `unit_price` decimal(10,2) NOT NULL,
  `total_price` decimal(10,2) NOT NULL
) ENGINE=InnoDB DEFAULT CHARSET=utf8mb3;

--
-- Дамп данных таблицы `sale_items`
--

INSERT INTO `sale_items` (`id`, `sale_id`, `product_id`, `quantity`, `unit_price`, `total_price`) VALUES
(8, 8, 676, 4, '25.00', '100.00'),
(9, 8, 670, 2, '5.00', '10.00'),
(10, 8, 1290, 1, '145.00', '145.00'),
(11, 8, 171, 1, '20.00', '20.00'),
(12, 8, 1497, 1, '65.00', '65.00'),
(13, 9, 1299, 1, '20.00', '20.00'),
(14, 10, 1101, 40, '8.00', '320.00'),
(15, 10, 1103, 2, '15.00', '30.00'),
(16, 11, 1444, 2, '40.00', '80.00'),
(17, 11, 1382, 4, '5.00', '20.00'),
(18, 12, 310, 1, '420.00', '420.00'),
(19, 12, 616, 10, '15.00', '150.00'),
(20, 13, 1175, 1, '150.00', '150.00'),
(21, 13, 363, 1, '260.00', '260.00'),
(22, 13, 514, 1, '50.00', '50.00'),
(23, 13, 1561, 1, '25.00', '25.00'),
(24, 13, 1029, 2, '5.00', '10.00'),
(25, 13, 408, 1, '15.00', '15.00'),
(26, 13, 615, 2, '10.00', '20.00'),
(27, 13, 759, 1, '160.00', '160.00'),
(28, 13, 1188, 1, '35.00', '35.00'),
(29, 13, 171, 1, '15.00', '15.00'),
(30, 13, 1415, 1, '120.00', '120.00'),
(31, 13, 1418, 1, '140.00', '140.00'),
(32, 13, 1429, 1, '50.00', '50.00'),
(33, 13, 21, 1, '40.00', '40.00'),
(34, 13, 457, 5, '90.00', '450.00'),
(35, 13, 22, 4, '150.00', '600.00'),
(36, 13, 46, 8, '1.00', '8.00'),
(37, 13, 1252, 2, '75.00', '150.00'),
(38, 13, 556, 1, '100.00', '100.00'),
(39, 13, 1354, 1, '130.00', '130.00'),
(40, 13, 843, 4, '30.00', '120.00'),
(41, 13, 644, 4, '27.00', '108.00'),
(42, 13, 17, 1, '90.00', '90.00'),
(43, 13, 815, 1, '20.00', '20.00'),
(44, 13, 1631, 1, '10.00', '10.00'),
(45, 13, 351, 1, '20.00', '20.00'),
(46, 13, 209, 1, '50.00', '50.00'),
(47, 13, 1115, 4, '30.00', '120.00'),
(48, 14, 1175, 1, '150.00', '150.00'),
(49, 14, 363, 1, '260.00', '260.00'),
(50, 14, 514, 1, '50.00', '50.00'),
(51, 14, 1561, 1, '25.00', '25.00'),
(52, 14, 1029, 2, '5.00', '10.00'),
(53, 14, 408, 1, '15.00', '15.00'),
(54, 14, 615, 2, '10.00', '20.00'),
(55, 14, 759, 1, '160.00', '160.00'),
(56, 14, 1188, 1, '35.00', '35.00'),
(57, 14, 171, 1, '15.00', '15.00'),
(58, 14, 1415, 1, '120.00', '120.00'),
(59, 14, 1418, 1, '140.00', '140.00'),
(60, 14, 1429, 1, '50.00', '50.00'),
(61, 14, 21, 1, '40.00', '40.00'),
(62, 14, 457, 5, '90.00', '450.00'),
(63, 14, 22, 4, '150.00', '600.00'),
(64, 14, 46, 8, '1.00', '8.00'),
(65, 14, 1252, 2, '75.00', '150.00'),
(66, 14, 556, 1, '100.00', '100.00'),
(67, 14, 1354, 1, '130.00', '130.00'),
(68, 14, 843, 4, '30.00', '120.00'),
(69, 14, 644, 4, '27.00', '108.00'),
(70, 14, 17, 1, '90.00', '90.00'),
(71, 14, 815, 1, '20.00', '20.00'),
(72, 14, 1631, 1, '10.00', '10.00'),
(73, 14, 351, 1, '20.00', '20.00'),
(74, 14, 209, 1, '50.00', '50.00'),
(75, 14, 1115, 4, '30.00', '120.00'),
(78, 17, 1513, 2, '50.00', '100.00'),
(79, 18, 594, 2, '75.00', '150.00'),
(80, 18, 595, 2, '75.00', '150.00'),
(81, 18, 805, 1, '29.00', '29.00'),
(82, 18, 804, 1, '27.00', '27.00'),
(83, 18, 1017, 4, '3.00', '12.00'),
(84, 18, 265, 1, '20.00', '20.00'),
(85, 18, 554, 2, '70.00', '140.00'),
(86, 18, 1567, 1, '15.00', '15.00'),
(87, 18, 692, 1, '15.00', '15.00'),
(88, 18, 693, 1, '15.00', '15.00'),
(89, 18, 592, 2, '20.00', '40.00'),
(90, 18, 1633, 4, '2.00', '8.00'),
(91, 18, 1422, 1, '400.00', '400.00'),
(92, 18, 1404, 1, '130.00', '130.00'),
(93, 18, 714, 1, '20.00', '20.00'),
(94, 18, 1019, 4, '5.00', '20.00'),
(95, 18, 1062, 1, '10.00', '10.00'),
(96, 18, 1384, 1, '20.00', '20.00'),
(97, 18, 323, 1, '10.00', '10.00'),
(98, 18, 1415, 1, '120.00', '120.00'),
(99, 18, 1418, 1, '170.00', '170.00'),
(100, 18, 327, 1, '20.00', '20.00'),
(101, 18, 646, 2, '45.00', '90.00'),
(102, 18, 1007, 4, '3.00', '12.00'),
(103, 18, 171, 1, '20.00', '20.00'),
(104, 18, 754, 5, '4.00', '20.00'),
(105, 18, 554, 2, '75.00', '150.00'),
(106, 18, 492, 1, '110.00', '110.00'),
(107, 18, 1609, 1, '110.00', '110.00'),
(108, 18, 1019, 2, '5.00', '10.00'),
(109, 18, 617, 1, '20.00', '20.00'),
(110, 18, 23, 3, '150.00', '450.00'),
(111, 19, 323, 1, '10.00', '10.00'),
(112, 19, 1362, 1, '30.00', '30.00'),
(113, 20, 1086, 1, '1000.00', '1000.00'),
(114, 21, 1123, 1, '150.00', '150.00'),
(115, 21, 1124, 1, '170.00', '170.00'),
(116, 22, 693, 8, '16.00', '128.00'),
(117, 23, 1409, 1, '125.00', '125.00'),
(118, 23, 104, 1, '35.00', '35.00'),
(119, 23, 1055, 1, '20.00', '20.00'),
(120, 23, 746, 1, '80.00', '80.00'),
(121, 23, 723, 1, '70.00', '70.00'),
(122, 23, 684, 1, '70.00', '70.00'),
(123, 23, 1337, 1, '55.00', '55.00'),
(124, 24, 1073, 1, '350.00', '350.00'),
(125, 25, 553, 1, '110.00', '110.00'),
(126, 25, 417, 1, '20.00', '20.00'),
(127, 26, 594, 2, '75.00', '150.00'),
(128, 26, 595, 2, '75.00', '150.00'),
(129, 26, 759, 1, '180.00', '180.00'),
(130, 27, 754, 10, '3.00', '30.00'),
(131, 27, 262, 30, '2.00', '60.00'),
(132, 27, 263, 30, '2.50', '75.00'),
(133, 27, 755, 10, '4.00', '40.00'),
(134, 28, 429, 1, '10.00', '10.00'),
(135, 29, 1512, 2, '55.00', '110.00'),
(136, 29, 1645, 2, '8.00', '16.00'),
(137, 29, 238, 1, '44.00', '44.00'),
(138, 30, 759, 1, '150.00', '150.00'),
(139, 30, 587, 2, '80.00', '160.00'),
(140, 30, 1362, 5, '30.00', '150.00'),
(141, 31, 1651, 5, '5.00', '25.00'),
(142, 32, 1658, 20, '1.00', '20.00'),
(143, 32, 1152, 1, '650.00', '650.00'),
(144, 32, 220, 6, '30.00', '180.00'),
(145, 32, 1238, 4, '25.00', '100.00'),
(146, 32, 527, 24, '7.20', '172.80'),
(147, 32, 182, 1, '1360.00', '1360.00'),
(148, 32, 1193, 2, '44.00', '88.00'),
(149, 32, 685, 4, '47.00', '188.00'),
(150, 32, 727, 3, '32.50', '97.50'),
(151, 33, 321, 2, '160.00', '320.00'),
(152, 34, 1112, 1, '200.00', '200.00'),
(153, 34, 1646, 2, '20.00', '40.00'),
(154, 34, 1486, 1, '40.00', '40.00'),
(155, 34, 644, 4, '30.00', '120.00'),
(156, 34, 672, 2, '5.00', '10.00'),
(157, 34, 528, 4, '10.00', '40.00'),
(158, 34, 1306, 1, '15.00', '15.00'),
(159, 34, 104, 1, '30.00', '30.00'),
(160, 34, 1062, 1, '10.00', '10.00'),
(161, 34, 1054, 1, '20.00', '20.00'),
(162, 34, 676, 1, '25.00', '25.00'),
(163, 34, 679, 1, '25.00', '25.00'),
(164, 34, 736, 4, '25.00', '100.00'),
(165, 34, 1006, 4, '3.00', '12.00'),
(166, 34, 1010, 2, '10.00', '20.00'),
(167, 34, 991, 1, '40.00', '40.00'),
(168, 34, 764, 1, '950.00', '950.00'),
(169, 34, 1352, 1, '100.00', '100.00'),
(170, 34, 1521, 2, '50.00', '100.00'),
(171, 35, 196, 1, '320.00', '320.00'),
(172, 35, 577, 1, '80.00', '80.00'),
(173, 36, 582, 1, '750.00', '750.00'),
(174, 37, 1340, 2, '90.00', '180.00'),
(175, 37, 1659, 3, '120.00', '360.00'),
(176, 38, 1144, 3, '50.00', '150.00'),
(177, 38, 1035, 1, '10.00', '10.00'),
(178, 38, 843, 4, '37.50', '150.00'),
(179, 38, 1629, 4, '1.00', '4.00'),
(180, 39, 97, 1, '165.00', '165.00'),
(181, 39, 96, 1, '165.00', '165.00'),
(182, 39, 155, 1, '10.00', '10.00'),
(183, 39, 1006, 2, '3.00', '6.00'),
(184, 40, 764, 1, '1000.00', '1000.00'),
(185, 41, 363, 1, '250.00', '250.00'),
(186, 41, 347, 1, '130.00', '130.00'),
(187, 41, 907, 1, '20.00', '20.00'),
(188, 41, 458, 2, '80.00', '160.00'),
(189, 41, 46, 15, '1.00', '15.00'),
(190, 41, 1306, 2, '15.00', '30.00'),
(191, 41, 304, 1, '1350.00', '1350.00'),
(192, 41, 137, 1, '180.00', '180.00'),
(193, 41, 138, 1, '70.00', '70.00'),
(194, 41, 1027, 1, '5.00', '5.00'),
(195, 41, 1045, 1, '5.00', '5.00'),
(196, 41, 1300, 1, '25.00', '25.00'),
(197, 41, 1306, 2, '15.00', '30.00'),
(198, 41, 406, 1, '35.00', '35.00'),
(199, 41, 724, 5, '15.00', '75.00'),
(200, 41, 776, 2, '250.00', '500.00'),
(201, 41, 176, 2, '140.00', '280.00'),
(202, 41, 1052, 2, '25.00', '50.00'),
(203, 41, 406, 1, '30.00', '30.00'),
(204, 41, 1362, 1, '30.00', '30.00'),
(205, 41, 1609, 1, '110.00', '110.00'),
(206, 41, 644, 4, '30.00', '120.00'),
(207, 41, 1035, 1, '10.00', '10.00'),
(208, 41, 672, 1, '5.00', '5.00'),
(209, 41, 1052, 2, '25.00', '50.00'),
(210, 41, 56, 4, '7.00', '28.00'),
(211, 42, 22, 4, '150.00', '600.00'),
(212, 43, 214, 1, '25.00', '25.00'),
(213, 43, 1564, 1, '10.00', '10.00'),
(214, 43, 1306, 1, '15.00', '15.00'),
(215, 43, 776, 1, '250.00', '250.00'),
(216, 44, 97, 1, '160.00', '160.00'),
(217, 44, 96, 1, '160.00', '160.00'),
(218, 44, 1006, 4, '3.00', '12.00'),
(219, 45, 567, 1, '450.00', '450.00'),
(220, 45, 1661, 2, '40.00', '80.00'),
(221, 45, 1665, 1, '500.00', '500.00'),
(222, 45, 1157, 2, '430.00', '860.00'),
(223, 45, 1410, 1, '90.00', '90.00'),
(224, 45, 1455, 1, '140.00', '140.00'),
(225, 45, 171, 12, '13.00', '156.00'),
(226, 45, 1429, 2, '50.00', '100.00'),
(227, 45, 427, 1, '50.00', '50.00'),
(228, 45, 785, 2, '40.00', '80.00'),
(229, 45, 220, 2, '30.00', '60.00'),
(230, 45, 103, 1, '35.00', '35.00'),
(231, 45, 1038, 2, '15.00', '30.00'),
(232, 45, 102, 1, '28.00', '28.00'),
(233, 45, 44, 6, '8.00', '48.00'),
(234, 45, 460, 2, '45.00', '90.00'),
(235, 45, 1040, 3, '10.00', '30.00'),
(236, 45, 1662, 2, '20.00', '40.00'),
(237, 45, 862, 8, '2.50', '20.00'),
(238, 45, 769, 1, '250.00', '250.00'),
(239, 45, 1663, 1, '300.00', '300.00'),
(240, 45, 692, 8, '10.00', '80.00'),
(241, 45, 706, 2, '20.00', '40.00'),
(242, 45, 680, 6, '28.00', '168.00'),
(243, 45, 737, 4, '22.00', '88.00'),
(244, 45, 674, 10, '10.00', '100.00'),
(245, 45, 724, 5, '10.00', '50.00'),
(246, 45, 323, 10, '7.00', '70.00'),
(247, 45, 1543, 3, '40.00', '120.00'),
(248, 45, 1521, 3, '45.00', '135.00'),
(249, 45, 1664, 8, '40.00', '320.00'),
(250, 45, 1660, 5, '120.00', '600.00'),
(251, 45, 1006, 10, '2.00', '20.00'),
(252, 45, 1024, 10, '3.00', '30.00'),
(253, 45, 1001, 10, '2.00', '20.00'),
(254, 45, 1004, 10, '2.00', '20.00'),
(255, 46, 1667, 5, '15.00', '75.00'),
(256, 46, 1668, 10, '5.00', '50.00'),
(257, 46, 1666, 2, '25.00', '50.00'),
(258, 47, 1669, 10, '55.00', '550.00'),
(260, 49, 684, 4, '70.00', '280.00'),
(261, 49, 711, 2, '45.00', '90.00'),
(262, 49, 730, 2, '52.50', '105.00'),
(263, 49, 327, 1, '15.00', '15.00'),
(264, 50, 1089, 1, '160.00', '160.00'),
(265, 50, 553, 2, '110.00', '220.00'),
(266, 50, 617, 2, '20.00', '40.00'),
(267, 50, 1243, 2, '50.00', '100.00'),
(268, 50, 1254, 2, '170.00', '340.00'),
(269, 50, 1063, 1, '20.00', '20.00'),
(270, 50, 490, 1, '100.00', '100.00'),
(271, 50, 18, 1, '110.00', '110.00'),
(272, 50, 1308, 1, '30.00', '30.00'),
(273, 50, 1308, 3, '23.00', '69.00'),
(274, 50, 1645, 2, '10.00', '20.00'),
(275, 50, 1187, 2, '35.00', '70.00'),
(276, 50, 483, 1, '350.00', '350.00'),
(277, 50, 867, 2, '20.00', '40.00'),
(278, 50, 863, 2, '10.00', '20.00'),
(281, 53, 1134, 1, '70.00', '70.00'),
(282, 53, 1568, 1, '15.00', '15.00'),
(283, 54, 1351, 1, '75.00', '75.00'),
(284, 54, 267, 1, '5.00', '5.00'),
(285, 55, 220, 4, '30.00', '120.00'),
(286, 56, 1086, 1, '100.00', '100.00'),
(287, 57, 1062, 1, '10.00', '10.00'),
(288, 58, 790, 1, '200.00', '200.00'),
(289, 59, 1300, 1, '923.00', '923.00'),
(290, 60, 541, 12, '6.00', '72.00'),
(291, 61, 1030, 4, '5.00', '20.00'),
(292, 61, 8, 1, '100.00', '100.00'),
(293, 61, 1651, 2, '10.00', '20.00'),
(294, 62, 1017, 2, '5.00', '10.00'),
(295, 62, 1021, 1, '5.00', '5.00'),
(296, 62, 171, 1, '20.00', '20.00'),
(297, 63, 112, 1, '100.00', '100.00'),
(298, 63, 113, 1, '70.00', '70.00'),
(299, 63, 132, 1, '70.00', '70.00'),
(300, 63, 131, 1, '110.00', '110.00'),
(301, 63, 1044, 10, '6.00', '60.00'),
(302, 63, 165, 20, '2.50', '50.00'),
(303, 64, 1384, 5, '23.00', '115.00'),
(304, 64, 1670, 10, '3.00', '30.00'),
(305, 64, 1671, 10, '20.00', '200.00'),
(306, 64, 865, 10, '20.00', '200.00'),
(615, 72, 1306, 1, '15.00', '15.00'),
(616, 72, 809, 1, '20.00', '20.00'),
(617, 72, 1077, 1, '15.00', '15.00'),
(618, 72, 1044, 1, '5.00', '5.00'),
(625, 79, 1290, 1, '140.00', '140.00'),
(626, 80, 1420, 1, '220.00', '220.00'),
(627, 80, 1412, 1, '200.00', '200.00'),
(628, 80, 1409, 1, '160.00', '160.00'),
(629, 80, 1417, 1, '150.00', '150.00'),
(630, 80, 1406, 1, '100.00', '100.00'),
(631, 80, 1316, 1, '65.00', '65.00'),
(632, 80, 1384, 1, '20.00', '20.00'),
(633, 80, 166, 1, '10.00', '10.00'),
(634, 80, 1019, 4, '3.00', '12.00'),
(635, 80, 743, 1, '50.00', '50.00'),
(636, 80, 744, 1, '60.00', '60.00'),
(637, 80, 1117, 1, '190.00', '190.00'),
(638, 80, 54, 2, '40.00', '80.00'),
(639, 80, 1010, 1, '2.00', '2.00'),
(640, 80, 1060, 1, '20.00', '20.00'),
(641, 81, 624, 2, '15.00', '30.00'),
(642, 81, 1060, 1, '20.00', '20.00'),
(643, 81, 1062, 1, '10.00', '10.00'),
(644, 81, 113, 1, '80.00', '80.00'),
(645, 81, 843, 4, '35.00', '140.00'),
(646, 82, 829, 1, '600.00', '600.00'),
(647, 83, 182, 1, '1490.00', '1490.00'),
(648, 83, 814, 1, '10.00', '10.00'),
(649, 84, 591, 5, '18.00', '90.00'),
(650, 84, 586, 3, '80.00', '240.00'),
(651, 84, 187, 1, '130.00', '130.00'),
(652, 84, 561, 1, '250.00', '250.00'),
(653, 84, 809, 10, '20.00', '200.00'),
(654, 84, 1077, 10, '12.00', '120.00'),
(655, 84, 1490, 10, '34.00', '340.00'),
(656, 84, 829, 1, '600.00', '600.00'),
(657, 84, 1412, 2, '152.00', '304.00'),
(658, 84, 784, 4, '55.00', '220.00'),
(659, 84, 1055, 5, '20.00', '100.00'),
(839, 88, 1010, 20, '2.00', '40.00'),
(840, 88, 1017, 20, '3.00', '60.00'),
(841, 88, 995, 20, '5.00', '100.00'),
(842, 88, 1001, 20, '1.50', '30.00'),
(843, 88, 1004, 20, '1.50', '30.00'),
(844, 88, 1030, 10, '4.00', '40.00'),
(845, 88, 1019, 20, '3.00', '60.00'),
(846, 88, 789, 1, '200.00', '200.00'),
(847, 88, 790, 1, '210.00', '210.00'),
(848, 88, 890, 10, '12.00', '120.00'),
(849, 88, 1543, 2, '36.00', '72.00'),
(850, 88, 1542, 2, '32.50', '65.00'),
(851, 88, 1676, 4, '28.00', '112.00'),
(852, 88, 182, 1, '1360.00', '1360.00'),
(853, 88, 180, 1, '1500.00', '1500.00'),
(854, 88, 524, 1, '118.00', '118.00'),
(855, 88, 523, 1, '113.00', '113.00'),
(856, 88, 1060, 2, '17.00', '34.00'),
(857, 88, 1278, 1, '135.00', '135.00'),
(858, 88, 1271, 2, '160.00', '320.00'),
(859, 88, 1300, 5, '22.00', '110.00'),
(860, 88, 494, 2, '43.00', '86.00'),
(861, 88, 409, 4, '37.50', '150.00'),
(862, 88, 408, 10, '11.00', '110.00'),
(863, 88, 1607, 3, '82.00', '246.00'),
(864, 88, 1187, 2, '21.00', '42.00'),
(865, 88, 1044, 10, '5.00', '50.00'),
(866, 88, 802, 10, '9.00', '90.00'),
(867, 88, 513, 2, '60.00', '120.00'),
(868, 88, 1645, 10, '8.00', '80.00'),
(869, 88, 674, 10, '9.50', '95.00'),
(870, 88, 678, 6, '19.50', '117.00'),
(871, 88, 670, 20, '3.50', '70.00'),
(872, 88, 739, 5, '24.00', '120.00'),
(873, 88, 695, 10, '24.00', '240.00'),
(874, 88, 717, 10, '25.00', '250.00'),
(875, 88, 891, 1, '12.00', '12.00'),
(876, 88, 897, 1, '15.00', '15.00'),
(877, 88, 903, 7, '17.00', '119.00'),
(878, 88, 368, 8, '36.00', '288.00'),
(879, 88, 1669, 10, '55.00', '550.00'),
(880, 88, 1672, 2, '120.00', '240.00'),
(881, 88, 17, 2, '82.50', '165.00'),
(882, 88, 1526, 4, '70.00', '280.00'),
(883, 88, 234, 1, '520.00', '520.00'),
(884, 88, 323, 10, '6.50', '65.00'),
(885, 88, 1216, 2, '150.00', '300.00'),
(886, 88, 97, 2, '150.00', '300.00'),
(887, 88, 96, 2, '150.00', '300.00'),
(888, 88, 809, 10, '20.00', '200.00'),
(889, 88, 1503, 6, '20.00', '120.00'),
(890, 88, 1508, 6, '22.00', '132.00'),
(891, 88, 1506, 6, '28.00', '168.00'),
(892, 88, 1511, 6, '31.00', '186.00'),
(893, 88, 1521, 6, '42.00', '252.00'),
(894, 88, 1505, 5, '32.00', '160.00'),
(895, 88, 1509, 5, '34.00', '170.00'),
(896, 88, 1642, 10, '7.00', '70.00'),
(897, 88, 400, 2, '98.00', '196.00'),
(898, 88, 1117, 2, '176.00', '352.00'),
(899, 88, 1610, 5, '36.00', '180.00'),
(900, 88, 589, 1, '30.00', '30.00'),
(901, 88, 590, 2, '10.00', '20.00'),
(902, 88, 610, 4, '10.00', '40.00'),
(903, 88, 607, 2, '36.00', '72.00'),
(904, 88, 1376, 100, '2.00', '200.00'),
(905, 88, 22, 3, '150.00', '450.00'),
(906, 88, 1675, 4, '10.00', '40.00'),
(907, 88, 582, 1, '740.00', '740.00'),
(908, 88, 216, 2, '45.00', '90.00'),
(909, 88, 1673, 15, '80.00', '1200.00'),
(910, 88, 1081, 200, '3.20', '640.00'),
(911, 88, 200, 1, '720.00', '720.00'),
(912, 88, 106, 6, '12.00', '72.00'),
(913, 88, 596, 4, '30.00', '120.00'),
(914, 88, 594, 2, '72.00', '144.00'),
(915, 88, 595, 2, '72.00', '144.00'),
(916, 88, 362, 1, '150.00', '150.00'),
(917, 88, 363, 1, '200.00', '200.00'),
(918, 88, 439, 1, '410.00', '410.00'),
(919, 88, 441, 6, '15.00', '90.00'),
(920, 88, 1382, 10, '3.00', '30.00'),
(921, 88, 1444, 4, '40.00', '160.00'),
(922, 88, 1262, 2, '130.00', '260.00'),
(923, 88, 1090, 1, '260.00', '260.00'),
(924, 88, 1589, 1, '210.00', '210.00'),
(925, 89, 1336, 3, '65.00', '195.00'),
(998, 108, 679, 10, '16.50', '165.00'),
(999, 108, 228, 5, '54.00', '270.00'),
(1000, 108, 428, 2, '45.00', '90.00'),
(1001, 108, 427, 2, '50.00', '100.00'),
(1002, 108, 425, 3, '20.00', '60.00'),
(1003, 108, 424, 3, '25.00', '75.00'),
(1004, 108, 483, 1, '350.00', '350.00'),
(1005, 108, 1678, 10, '55.00', '550.00'),
(1006, 108, 1679, 12, '12.00', '144.00'),
(1007, 108, 1308, 4, '22.00', '88.00'),
(1008, 108, 1029, 10, '4.00', '40.00'),
(1009, 108, 1641, 50, '3.00', '150.00'),
(1010, 108, 1680, 20, '7.00', '140.00'),
(1011, 108, 406, 4, '27.00', '108.00'),
(1012, 108, 81, 1, '175.00', '175.00'),
(1013, 108, 829, 1, '580.00', '580.00'),
(1014, 108, 220, 6, '28.00', '168.00'),
(1015, 108, 899, 3, '15.00', '45.00'),
(1016, 108, 1681, 3, '320.00', '960.00'),
(1017, 109, 455, 5, '80.00', '400.00'),
(1018, 110, 456, 4, '75.00', '300.00'),
(1027, 116, 1410, 1, '90.00', '90.00'),
(1028, 116, 1412, 1, '160.00', '160.00'),
(1029, 116, 1419, 1, '140.00', '140.00'),
(1030, 116, 1407, 1, '150.00', '150.00'),
(1031, 116, 171, 1, '15.00', '15.00'),
(1032, 116, 1063, 1, '20.00', '20.00'),
(1033, 116, 1055, 1, '20.00', '20.00'),
(1034, 116, 323, 1, '10.00', '10.00'),
(1035, 116, 1294, 2, '32.00', '64.00'),
(1036, 116, 1055, 1, '21.00', '21.00'),
(1037, 116, 171, 1, '15.00', '15.00'),
(1038, 116, 676, 1, '20.00', '20.00'),
(1039, 116, 678, 1, '20.00', '20.00'),
(1040, 116, 728, 2, '40.00', '80.00'),
(1041, 116, 685, 1, '50.00', '50.00'),
(1042, 116, 1403, 1, '390.00', '390.00'),
(1043, 116, 1435, 1, '100.00', '100.00'),
(1044, 116, 56, 10, '6.00', '60.00'),
(1045, 116, 1006, 4, '2.00', '8.00'),
(1046, 116, 1029, 2, '6.00', '12.00'),
(1047, 116, 630, 1, '150.00', '150.00'),
(1048, 116, 153, 1, '10.00', '10.00'),
(1049, 116, 409, 1, '40.00', '40.00'),
(1050, 116, 805, 1, '30.00', '30.00'),
(1051, 116, 804, 1, '30.00', '30.00'),
(1052, 116, 1086, 1, '950.00', '950.00'),
(1053, 116, 809, 1, '20.00', '20.00'),
(1054, 116, 805, 1, '30.00', '30.00'),
(1055, 116, 804, 1, '30.00', '30.00'),
(1056, 116, 406, 2, '35.00', '70.00'),
(1057, 116, 483, 1, '350.00', '350.00'),
(1058, 116, 340, 4, '15.00', '60.00'),
(1059, 116, 339, 4, '15.00', '60.00'),
(1060, 116, 720, 2, '10.00', '20.00'),
(1061, 117, 1399, 1, '250.00', '250.00'),
(1062, 117, 845, 1, '380.00', '380.00'),
(1063, 117, 460, 1, '55.00', '55.00'),
(1064, 117, 1019, 5, '4.00', '20.00'),
(1065, 117, 1017, 2, '4.00', '8.00'),
(1066, 117, 978, 1, '60.00', '60.00'),
(1067, 117, 759, 1, '160.00', '160.00'),
(1068, 117, 678, 2, '25.00', '50.00'),
(1069, 117, 67, 1, '150.00', '150.00'),
(1070, 117, 455, 2, '70.00', '140.00'),
(1071, 117, 188, 1, '130.00', '130.00'),
(1072, 118, 195, 2, '140.00', '280.00'),
(1073, 119, 1521, 1, '60.00', '60.00'),
(1074, 120, 744, 1, '50.00', '50.00'),
(1075, 120, 743, 1, '45.00', '45.00'),
(1076, 120, 1027, 1, '5.00', '5.00'),
(1077, 121, 829, 1, '600.00', '600.00'),
(1078, 122, 894, 2, '15.00', '30.00'),
(1079, 122, 297, 1, '150.00', '150.00'),
(1080, 123, 22, 3, '150.00', '450.00'),
(1081, 123, 554, 5, '70.00', '350.00'),
(1082, 123, 1682, 4, '20.00', '80.00'),
(1083, 123, 976, 1, '120.00', '120.00'),
(1084, 123, 309, 2, '85.00', '170.00'),
(1085, 124, 330, 1, '490.00', '490.00'),
(1086, 125, 458, 6, '75.00', '450.00'),
(1087, 125, 457, 10, '90.00', '900.00'),
(1088, 125, 454, 5, '70.00', '350.00'),
(1089, 126, 1252, 2, '65.00', '130.00'),
(1090, 126, 1030, 2, '5.00', '10.00'),
(1091, 126, 1008, 2, '3.00', '6.00'),
(1092, 126, 228, 1, '55.00', '55.00'),
(1093, 126, 1306, 1, '18.00', '18.00'),
(1094, 126, 1224, 1, '120.00', '120.00'),
(1095, 126, 449, 4, '30.00', '120.00'),
(1096, 126, 327, 1, '20.00', '20.00'),
(1097, 126, 776, 2, '250.00', '500.00'),
(1098, 126, 176, 1, '140.00', '140.00'),
(1099, 126, 1435, 1, '100.00', '100.00'),
(1100, 126, 1139, 1, '60.00', '60.00'),
(1101, 126, 1291, 1, '30.00', '30.00'),
(1102, 126, 999, 8, '10.00', '80.00'),
(1103, 126, 1001, 1, '3.00', '3.00'),
(1104, 126, 1024, 1, '4.00', '4.00'),
(1105, 126, 706, 1, '23.00', '23.00'),
(1106, 126, 894, 2, '15.00', '30.00'),
(1107, 126, 294, 1, '150.00', '150.00'),
(1108, 126, 937, 2, '30.00', '60.00'),
(1109, 126, 728, 2, '45.00', '90.00'),
(1110, 126, 685, 1, '55.00', '55.00'),
(1111, 126, 1029, 1, '5.00', '5.00'),
(1112, 126, 1627, 1, '5.00', '5.00'),
(1113, 126, 171, 1, '20.00', '20.00'),
(1114, 126, 938, 2, '30.00', '60.00'),
(1115, 126, 117, 1, '150.00', '150.00'),
(1116, 126, 114, 1, '200.00', '200.00'),
(1117, 126, 758, 1, '100.00', '100.00'),
(1118, 126, 630, 1, '150.00', '150.00'),
(1119, 126, 1155, 1, '550.00', '550.00'),
(1120, 126, 265, 1, '20.00', '20.00'),
(1121, 126, 493, 1, '290.00', '290.00'),
(1122, 126, 330, 1, '490.00', '490.00'),
(1123, 126, 551, 1, '35.00', '35.00'),
(1124, 127, 294, 1, '155.00', '155.00'),
(1125, 128, 592, 2, '20.00', '40.00'),
(1126, 128, 593, 2, '20.00', '40.00'),
(1127, 129, 1162, 1, '450.00', '450.00'),
(1128, 129, 221, 2, '10.00', '20.00'),
(1141, 132, 177, 4, '450.00', '1800.00'),
(1142, 132, 805, 1, '28.00', '28.00'),
(1143, 132, 804, 1, '27.00', '27.00'),
(1144, 132, 803, 1, '50.00', '50.00'),
(1145, 132, 809, 1, '20.00', '20.00'),
(1146, 132, 1537, 1, '40.00', '40.00'),
(1147, 132, 171, 1, '15.00', '15.00'),
(1148, 132, 1077, 1, '15.00', '15.00'),
(1149, 132, 1300, 2, '25.00', '50.00'),
(1150, 132, 1308, 1, '35.00', '35.00'),
(1151, 132, 1090, 1, '275.00', '275.00'),
(1153, 134, 301, 1, '1000.00', '1000.00'),
(1154, 134, 112, 1, '95.00', '95.00'),
(1155, 134, 113, 1, '60.00', '60.00'),
(1156, 135, 1510, 1, '30.00', '30.00'),
(1157, 135, 1227, 1, '45.00', '45.00'),
(1158, 135, 1225, 1, '180.00', '180.00'),
(1170, 143, 1557, 1, '107.00', '107.00'),
(1171, 143, 1554, 2, '57.00', '114.00'),
(1172, 143, 1549, 1, '76.00', '76.00'),
(1173, 143, 1547, 3, '68.00', '204.00'),
(1174, 143, 1555, 3, '87.00', '261.00'),
(1175, 143, 355, 4, '36.00', '144.00'),
(1176, 143, 356, 4, '36.00', '144.00'),
(1177, 143, 363, 1, '150.00', '150.00'),
(1178, 143, 558, 1, '70.00', '70.00'),
(1179, 144, 1402, 1, '50.00', '50.00'),
(1180, 145, 1359, 1, '650.00', '650.00'),
(1181, 146, 340, 4, '15.00', '60.00'),
(1182, 146, 339, 4, '15.00', '60.00'),
(1183, 146, 1531, 1, '50.00', '50.00'),
(1184, 146, 1647, 1, '5.00', '5.00'),
(1185, 146, 1648, 1, '20.00', '20.00'),
(1186, 146, 95, 1, '130.00', '130.00'),
(1187, 146, 736, 2, '20.00', '40.00'),
(1188, 146, 1006, 2, '5.00', '10.00'),
(1189, 146, 155, 1, '10.00', '10.00'),
(1190, 146, 1526, 8, '85.00', '680.00'),
(1191, 146, 1491, 1, '80.00', '80.00'),
(1192, 146, 325, 2, '8.00', '16.00'),
(1193, 146, 557, 1, '90.00', '90.00'),
(1194, 146, 582, 1, '740.00', '740.00'),
(1195, 146, 1624, 1, '160.00', '160.00'),
(1196, 146, 499, 1, '90.00', '90.00'),
(1197, 146, 977, 1, '130.00', '130.00'),
(1198, 146, 1019, 2, '3.00', '6.00'),
(1199, 146, 1294, 4, '30.00', '120.00'),
(1200, 146, 980, 1, '45.00', '45.00'),
(1201, 146, 979, 1, '60.00', '60.00'),
(1202, 146, 323, 1, '7.00', '7.00'),
(1203, 146, 1561, 1, '25.00', '25.00'),
(1204, 146, 226, 1, '55.00', '55.00'),
(1205, 146, 1163, 1, '25.00', '25.00'),
(1206, 146, 362, 1, '170.00', '170.00'),
(1207, 146, 807, 1, '7.00', '7.00'),
(1208, 146, 806, 1, '8.00', '8.00'),
(1209, 146, 802, 1, '15.00', '15.00'),
(1210, 146, 1044, 1, '10.00', '10.00'),
(1211, 146, 809, 1, '20.00', '20.00'),
(1212, 146, 115, 1, '90.00', '90.00'),
(1213, 147, 1543, 1, '45.00', '45.00'),
(1214, 147, 23, 1, '150.00', '150.00'),
(1215, 147, 46, 10, '1.00', '10.00'),
(1216, 147, 441, 3, '15.00', '45.00'),
(1217, 147, 809, 1, '20.00', '20.00'),
(1218, 147, 220, 1, '30.00', '30.00'),
(1219, 147, 114, 1, '95.00', '95.00'),
(1220, 147, 801, 1, '10.00', '10.00'),
(1221, 147, 1308, 1, '25.00', '25.00'),
(1222, 147, 1095, 1, '5.00', '5.00'),
(1223, 147, 805, 1, '30.00', '30.00'),
(1224, 147, 804, 1, '30.00', '30.00'),
(1225, 147, 907, 3, '20.00', '60.00'),
(1226, 148, 47, 200, '1.30', '260.00'),
(1227, 149, 449, 5, '30.00', '150.00'),
(1228, 150, 199, 1, '800.00', '800.00'),
(1229, 150, 1646, 6, '10.00', '60.00'),
(1230, 150, 1635, 2, '5.00', '10.00'),
(1231, 150, 406, 2, '35.00', '70.00'),
(1232, 150, 1506, 1, '35.00', '35.00'),
(1233, 150, 1516, 2, '70.00', '140.00'),
(1234, 151, 809, 1, '20.00', '20.00'),
(1235, 151, 1077, 1, '4.00', '4.00'),
(1236, 151, 171, 1, '20.00', '20.00'),
(1237, 151, 806, 1, '8.00', '8.00'),
(1238, 151, 807, 1, '7.00', '7.00'),
(1239, 151, 627, 1, '80.00', '80.00'),
(1240, 151, 625, 11, '23.00', '253.00'),
(1241, 151, 1306, 3, '17.00', '51.00'),
(1242, 151, 46, 23, '1.00', '23.00'),
(1243, 151, 1095, 2, '5.00', '10.00'),
(1244, 152, 1214, 1, '200.00', '200.00'),
(1265, 155, 199, 1, '800.00', '800.00'),
(1266, 155, 1117, 1, '200.00', '200.00'),
(1267, 155, 172, 1, '350.00', '350.00'),
(1268, 155, 1123, 1, '170.00', '170.00'),
(1269, 155, 1124, 1, '180.00', '180.00'),
(1270, 155, 53, 2, '40.00', '80.00'),
(1271, 155, 1635, 2, '5.00', '10.00'),
(1272, 155, 1645, 6, '10.00', '60.00'),
(1273, 155, 1506, 1, '40.00', '40.00'),
(1274, 155, 1521, 1, '50.00', '50.00'),
(1275, 155, 1516, 2, '75.00', '150.00'),
(1276, 155, 1173, 1, '360.00', '360.00'),
(1277, 156, 1155, 1, '540.00', '540.00'),
(1278, 156, 577, 1, '100.00', '100.00'),
(1279, 157, 47, 200, '1.30', '260.00'),
(1280, 157, 978, 4, '55.00', '220.00'),
(1281, 157, 1655, 2, '180.00', '360.00'),
(1282, 157, 1623, 10, '5.00', '50.00'),
(1283, 157, 1340, 4, '90.00', '360.00'),
(1284, 157, 1072, 4, '14.50', '58.00'),
(1285, 157, 1241, 4, '40.00', '160.00'),
(1286, 157, 1155, 1, '520.00', '520.00'),
(1287, 157, 1499, 2, '45.00', '90.00'),
(1288, 157, 511, 1, '10.00', '10.00'),
(1289, 157, 863, 10, '8.00', '80.00'),
(1290, 157, 153, 10, '8.00', '80.00'),
(1291, 157, 1300, 5, '22.00', '110.00'),
(1292, 158, 548, 1, '2480.00', '2480.00'),
(1293, 158, 1194, 1, '20.00', '20.00'),
(1294, 158, 1157, 1, '600.00', '600.00'),
(1295, 158, 1119, 1, '2220.00', '2220.00'),
(1296, 159, 736, 4, '30.00', '120.00'),
(1297, 159, 1019, 3, '3.00', '9.00'),
(1298, 159, 1017, 4, '3.00', '12.00'),
(1299, 160, 1301, 1, '40.00', '40.00'),
(1300, 161, 323, 10, '6.50', '65.00'),
(1301, 161, 1353, 1, '200.00', '200.00'),
(1302, 161, 1351, 1, '80.00', '80.00'),
(1303, 161, 263, 5, '4.00', '20.00'),
(1304, 162, 843, 4, '35.00', '140.00'),
(1305, 162, 644, 4, '30.00', '120.00'),
(1306, 162, 1306, 1, '18.00', '18.00'),
(1307, 162, 806, 1, '10.00', '10.00'),
(1308, 162, 807, 1, '5.00', '5.00'),
(1309, 162, 1377, 26, '0.40', '10.40'),
(1310, 162, 1633, 1, '4.00', '4.00'),
(1311, 162, 1252, 2, '62.00', '124.00'),
(1312, 162, 902, 1, '30.00', '30.00'),
(1313, 162, 1420, 1, '150.00', '150.00'),
(1314, 162, 1409, 1, '110.00', '110.00'),
(1315, 162, 327, 1, '20.00', '20.00'),
(1332, 165, 1035, 1, '10.00', '10.00'),
(1333, 165, 672, 2, '5.00', '10.00'),
(1334, 165, 450, 3, '45.00', '135.00'),
(1335, 165, 215, 1, '25.00', '25.00'),
(1336, 165, 265, 1, '20.00', '20.00'),
(1337, 165, 1155, 1, '560.00', '560.00'),
(1338, 165, 679, 2, '25.00', '50.00'),
(1339, 165, 691, 2, '8.00', '16.00'),
(1340, 165, 1019, 1, '4.00', '4.00'),
(1341, 165, 1226, 1, '200.00', '200.00'),
(1342, 165, 811, 2, '25.00', '50.00'),
(1343, 165, 1011, 2, '5.00', '10.00'),
(1344, 165, 1300, 1, '25.00', '25.00'),
(1345, 165, 577, 1, '80.00', '80.00'),
(1346, 165, 1308, 1, '25.00', '25.00'),
(1347, 165, 496, 1, '10.00', '10.00'),
(1348, 166, 1197, 1, '165.00', '165.00'),
(1349, 166, 1046, 1, '20.00', '20.00'),
(1350, 166, 481, 1, '250.00', '250.00'),
(1351, 166, 1079, 25, '2.00', '50.00'),
(1352, 166, 488, 1, '100.00', '100.00'),
(1353, 167, 69, 1, '240.00', '240.00'),
(1386, 170, 1658, 100, '1.00', '100.00'),
(1387, 170, 1087, 1, '270.00', '270.00'),
(1388, 170, 1089, 2, '160.00', '320.00'),
(1389, 170, 1117, 2, '176.00', '352.00'),
(1390, 170, 1641, 60, '2.50', '150.00'),
(1391, 170, 1374, 200, '0.40', '80.00'),
(1392, 170, 1685, 30, '3.00', '90.00'),
(1393, 170, 1680, 30, '7.00', '210.00'),
(1394, 170, 633, 5, '36.00', '180.00'),
(1395, 170, 634, 5, '40.00', '200.00'),
(1396, 170, 632, 5, '46.00', '230.00'),
(1397, 170, 425, 5, '20.00', '100.00'),
(1398, 170, 424, 5, '25.00', '125.00'),
(1399, 170, 1070, 1, '170.00', '170.00'),
(1400, 170, 1071, 1, '180.00', '180.00'),
(1401, 170, 329, 1, '430.00', '430.00'),
(1402, 170, 330, 1, '490.00', '490.00'),
(1403, 170, 166, 10, '8.00', '80.00'),
(1404, 170, 1337, 5, '65.00', '325.00'),
(1405, 170, 1627, 10, '7.50', '75.00'),
(1406, 170, 422, 10, '13.00', '130.00'),
(1407, 170, 1384, 10, '23.00', '230.00'),
(1408, 170, 455, 10, '80.00', '800.00'),
(1409, 171, 1086, 1, '970.00', '970.00'),
(1410, 172, 184, 1, '1600.00', '1600.00'),
(1411, 172, 1271, 1, '180.00', '180.00'),
(1412, 172, 220, 1, '35.00', '35.00'),
(1413, 172, 591, 1, '20.00', '20.00'),
(1414, 172, 1323, 1, '60.00', '60.00'),
(1415, 172, 513, 1, '70.00', '70.00'),
(1416, 172, 171, 1, '15.00', '15.00'),
(1417, 172, 1211, 1, '10.00', '10.00'),
(1418, 172, 995, 1, '7.00', '7.00'),
(1419, 172, 1019, 1, '3.00', '3.00'),
(1420, 173, 898, 1, '30.00', '30.00'),
(1421, 173, 456, 3, '75.00', '225.00'),
(1422, 173, 46, 5, '1.00', '5.00'),
(1423, 173, 1409, 1, '110.00', '110.00'),
(1424, 173, 26, 1, '90.00', '90.00'),
(1425, 173, 1645, 2, '10.00', '20.00'),
(1426, 173, 1155, 1, '550.00', '550.00'),
(1427, 173, 1017, 4, '5.00', '20.00'),
(1428, 174, 1081, 10, '3.00', '30.00'),
(1429, 174, 1568, 1, '15.00', '15.00'),
(1430, 174, 628, 1, '20.00', '20.00'),
(1431, 174, 1340, 1, '90.00', '90.00'),
(1432, 174, 1300, 1, '25.00', '25.00'),
(1433, 174, 222, 1, '20.00', '20.00'),
(1434, 174, 1683, 1, '200.00', '200.00'),
(1435, 174, 758, 1, '100.00', '100.00'),
(1436, 174, 158, 4, '5.00', '20.00'),
(1437, 174, 1623, 1, '5.00', '5.00'),
(1438, 174, 1029, 4, '5.00', '20.00'),
(1439, 174, 803, 1, '50.00', '50.00'),
(1440, 174, 1377, 14, '0.70', '9.80'),
(1441, 174, 599, 2, '30.00', '60.00'),
(1442, 174, 101, 1, '160.00', '160.00'),
(1443, 174, 1469, 1, '160.00', '160.00'),
(1444, 175, 1311, 1, '370.00', '370.00'),
(1445, 176, 406, 1, '35.00', '35.00'),
(1446, 176, 863, 1, '15.00', '15.00'),
(1447, 177, 577, 1, '80.00', '80.00'),
(1448, 177, 718, 2, '35.00', '70.00'),
(1449, 177, 487, 1, '40.00', '40.00'),
(1450, 178, 789, 1, '200.00', '200.00'),
(1451, 178, 1429, 1, '50.00', '50.00'),
(1452, 178, 171, 1, '15.00', '15.00'),
(1453, 178, 1019, 1, '4.00', '4.00'),
(1454, 178, 995, 1, '6.00', '6.00'),
(1455, 178, 1030, 1, '5.00', '5.00'),
(1456, 178, 323, 1, '8.00', '8.00'),
(1457, 178, 46, 18, '1.00', '18.00'),
(1458, 178, 47, 1, '15.00', '15.00'),
(1459, 179, 303, 1, '1000.00', '1000.00'),
(1460, 179, 521, 1, '80.00', '80.00'),
(1461, 179, 629, 1, '50.00', '50.00'),
(1462, 179, 1019, 1, '4.00', '4.00'),
(1463, 179, 1031, 1, '6.00', '6.00'),
(1464, 180, 557, 1, '140.00', '140.00'),
(1465, 181, 1516, 2, '60.00', '120.00'),
(1466, 181, 1645, 2, '10.00', '20.00'),
(1467, 181, 676, 1, '20.00', '20.00'),
(1468, 181, 679, 1, '20.00', '20.00'),
(1469, 182, 1027, 4, '6.00', '24.00'),
(1470, 182, 1687, 1, '400.00', '400.00'),
(1471, 183, 931, 1, '10.00', '10.00'),
(1472, 184, 174, 4, '140.00', '560.00'),
(1473, 184, 363, 2, '165.00', '330.00'),
(1474, 184, 373, 1, '165.00', '165.00'),
(1475, 184, 770, 4, '137.50', '550.00'),
(1476, 184, 340, 20, '13.75', '275.00'),
(1477, 184, 339, 20, '13.75', '275.00'),
(1478, 184, 1048, 10, '50.00', '500.00'),
(1479, 184, 1157, 1, '450.00', '450.00'),
(1480, 184, 1364, 1, '90.00', '90.00'),
(1481, 184, 1444, 4, '34.00', '136.00'),
(1482, 184, 1382, 4, '5.00', '20.00'),
(1483, 184, 866, 10, '7.00', '70.00'),
(1484, 184, 863, 10, '7.00', '70.00'),
(1485, 184, 809, 10, '20.00', '200.00'),
(1486, 184, 1077, 10, '12.00', '120.00'),
(1487, 184, 1044, 10, '6.00', '60.00'),
(1488, 184, 1035, 10, '6.00', '60.00'),
(1489, 184, 1055, 10, '20.00', '200.00'),
(1490, 184, 468, 2, '70.00', '140.00'),
(1491, 184, 397, 10, '12.00', '120.00'),
(1492, 184, 1308, 10, '25.00', '250.00'),
(1493, 184, 1019, 20, '3.00', '60.00'),
(1494, 184, 1033, 20, '4.50', '90.00'),
(1495, 184, 1032, 20, '4.50', '90.00'),
(1496, 184, 995, 20, '5.00', '100.00'),
(1497, 184, 1031, 20, '4.00', '80.00'),
(1498, 184, 1024, 10, '3.00', '30.00'),
(1499, 184, 1001, 10, '2.00', '20.00'),
(1500, 184, 1004, 10, '2.00', '20.00'),
(1501, 184, 1029, 10, '4.00', '40.00'),
(1502, 184, 996, 10, '5.50', '55.00'),
(1503, 184, 634, 2, '40.00', '80.00'),
(1504, 184, 1659, 3, '120.00', '360.00'),
(1505, 184, 837, 12, '30.00', '360.00'),
(1506, 184, 293, 2, '55.00', '110.00'),
(1507, 184, 26, 2, '90.00', '180.00'),
(1508, 184, 1610, 4, '36.00', '144.00'),
(1509, 184, 323, 20, '6.50', '130.00'),
(1510, 184, 56, 20, '6.00', '120.00'),
(1511, 184, 633, 2, '36.00', '72.00'),
(1512, 184, 632, 2, '46.00', '92.00'),
(1513, 184, 1688, 2, '300.00', '600.00'),
(1514, 184, 674, 10, '9.50', '95.00'),
(1515, 184, 802, 10, '9.00', '90.00'),
(1516, 184, 806, 5, '6.50', '32.50'),
(1517, 184, 807, 5, '65.00', '325.00'),
(1518, 185, 1689, 2, '110.00', '220.00'),
(1519, 186, 807, 5, '6.50', '32.50'),
(1520, 187, 226, 1, '60.00', '60.00'),
(1521, 188, 843, 4, '37.50', '150.00'),
(1522, 189, 577, 1, '100.00', '100.00'),
(1523, 190, 671, 20, '4.50', '90.00'),
(1524, 191, 674, 2, '12.50', '25.00'),
(1525, 191, 1271, 1, '170.00', '170.00'),
(1526, 191, 863, 1, '20.00', '20.00'),
(1527, 192, 340, 1, '20.00', '20.00'),
(1528, 192, 541, 1, '10.00', '10.00'),
(1529, 193, 340, 1, '20.00', '20.00'),
(1530, 194, 693, 10, '13.00', '130.00'),
(1531, 194, 692, 6, '10.00', '60.00'),
(1532, 194, 682, 3, '30.00', '90.00'),
(1533, 194, 441, 6, '13.34', '80.04'),
(1534, 194, 1631, 5, '8.00', '40.00'),
(1535, 194, 427, 1, '50.00', '50.00'),
(1536, 194, 1387, 2, '20.00', '40.00'),
(1537, 194, 1055, 5, '20.00', '100.00'),
(1538, 194, 1095, 5, '5.00', '25.00'),
(1539, 194, 577, 2, '80.00', '160.00'),
(1540, 194, 1456, 2, '65.00', '130.00'),
(1541, 194, 1271, 1, '160.00', '160.00'),
(1542, 194, 1290, 1, '150.00', '150.00'),
(1543, 194, 566, 1, '250.00', '250.00'),
(1544, 194, 551, 2, '35.00', '70.00'),
(1545, 194, 457, 5, '90.00', '450.00'),
(1546, 194, 1134, 1, '65.00', '65.00'),
(1547, 194, 363, 1, '200.00', '200.00'),
(1548, 194, 1564, 5, '8.00', '40.00'),
(1549, 195, 341, 4, '15.00', '60.00'),
(1550, 195, 342, 4, '15.00', '60.00'),
(1551, 195, 543, 8, '8.75', '70.00'),
(1552, 195, 171, 1, '20.00', '20.00'),
(1553, 195, 1380, 4, '3.75', '15.00'),
(1554, 195, 183, 1, '250.00', '250.00'),
(1555, 195, 1068, 1, '15.00', '15.00'),
(1556, 195, 814, 1, '15.00', '15.00'),
(1557, 195, 1618, 5, '4.00', '20.00'),
(1558, 195, 1617, 4, '4.00', '16.00'),
(1559, 195, 1620, 4, '2.00', '8.00'),
(1560, 195, 1619, 4, '2.00', '8.00'),
(1561, 195, 375, 1, '350.00', '350.00'),
(1562, 196, 683, 1, '50.00', '50.00'),
(1563, 197, 897, 1, '20.00', '20.00'),
(1564, 198, 441, 3, '13.00', '39.00'),
(1565, 198, 104, 1, '30.00', '30.00'),
(1566, 198, 1308, 1, '25.00', '25.00'),
(1567, 198, 1300, 1, '25.00', '25.00'),
(1568, 198, 863, 1, '10.00', '10.00'),
(1569, 198, 1095, 1, '5.00', '5.00'),
(1570, 198, 185, 1, '60.00', '60.00'),
(1571, 198, 577, 1, '80.00', '80.00'),
(1572, 198, 1343, 2, '10.00', '20.00'),
(1573, 198, 1377, 20, '0.40', '8.00'),
(1574, 198, 1562, 1, '10.00', '10.00'),
(1575, 198, 614, 1, '15.00', '15.00'),
(1576, 199, 662, 4, '25.00', '100.00'),
(1577, 199, 665, 2, '30.00', '60.00'),
(1578, 199, 907, 2, '20.00', '40.00'),
(1579, 199, 863, 2, '10.00', '20.00'),
(1580, 199, 425, 1, '25.00', '25.00'),
(1581, 199, 429, 1, '10.00', '10.00'),
(1582, 199, 171, 1, '15.00', '15.00'),
(1583, 199, 1655, 1, '180.00', '180.00'),
(1584, 199, 499, 1, '90.00', '90.00'),
(1585, 199, 869, 4, '7.50', '30.00'),
(1586, 199, 1419, 1, '130.00', '130.00'),
(1587, 199, 1410, 1, '90.00', '90.00'),
(1588, 199, 1429, 1, '50.00', '50.00'),
(1589, 199, 557, 1, '100.00', '100.00'),
(1590, 199, 1054, 1, '20.00', '20.00'),
(1591, 199, 811, 2, '27.00', '54.00'),
(1592, 199, 1506, 1, '74.00', '74.00'),
(1593, 200, 17, 1, '83.00', '83.00'),
(1594, 200, 1306, 1, '15.00', '15.00'),
(1595, 200, 171, 1, '12.00', '12.00'),
(1596, 200, 759, 1, '160.00', '160.00'),
(1597, 200, 1030, 4, '5.00', '20.00'),
(1598, 200, 46, 20, '1.00', '20.00'),
(1599, 200, 1294, 2, '30.00', '60.00'),
(1600, 200, 1011, 2, '5.00', '10.00'),
(1601, 200, 47, 10, '2.00', '20.00'),
(1602, 200, 906, 2, '25.00', '50.00'),
(1603, 200, 409, 1, '45.00', '45.00'),
(1604, 200, 323, 1, '10.00', '10.00'),
(1605, 200, 171, 1, '15.00', '15.00'),
(1606, 200, 1509, 1, '40.00', '40.00'),
(1607, 200, 614, 2, '15.00', '30.00'),
(1608, 200, 456, 2, '75.00', '150.00'),
(1609, 201, 595, 4, '70.00', '280.00'),
(1610, 201, 594, 2, '70.00', '140.00'),
(1611, 201, 1306, 1, '15.00', '15.00'),
(1612, 201, 759, 1, '160.00', '160.00'),
(1613, 201, 1052, 1, '20.00', '20.00'),
(1614, 201, 438, 1, '420.00', '420.00'),
(1615, 201, 1343, 2, '10.00', '20.00'),
(1616, 201, 863, 1, '10.00', '10.00'),
(1617, 201, 618, 1, '20.00', '20.00'),
(1618, 201, 46, 10, '1.00', '10.00'),
(1619, 202, 171, 2, '15.00', '30.00'),
(1620, 202, 511, 1, '10.00', '10.00'),
(1621, 202, 1062, 1, '10.00', '10.00'),
(1622, 202, 1038, 1, '15.00', '15.00'),
(1623, 202, 1306, 1, '15.00', '15.00'),
(1624, 202, 153, 1, '10.00', '10.00'),
(1625, 202, 249, 1, '10.00', '10.00'),
(1626, 202, 323, 1, '10.00', '10.00'),
(1627, 202, 1429, 1, '55.00', '55.00'),
(1628, 202, 1569, 1, '15.00', '15.00'),
(1629, 202, 1568, 1, '10.00', '10.00'),
(1630, 202, 1561, 1, '25.00', '25.00'),
(1631, 202, 1377, 20, '0.40', '8.00'),
(1632, 202, 805, 1, '30.00', '30.00'),
(1633, 202, 804, 1, '30.00', '30.00'),
(1634, 202, 1633, 4, '2.50', '10.00'),
(1635, 202, 1610, 1, '34.00', '34.00'),
(1636, 202, 377, 1, '380.00', '380.00'),
(1637, 202, 809, 1, '20.00', '20.00'),
(1638, 202, 803, 1, '40.00', '40.00'),
(1639, 202, 1047, 1, '10.00', '10.00'),
(1640, 203, 200, 1, '800.00', '800.00'),
(1641, 204, 457, 3, '90.00', '270.00'),
(1642, 205, 1155, 1, '600.00', '600.00'),
(1643, 206, 1306, 1, '15.00', '15.00'),
(1644, 206, 406, 4, '40.00', '160.00'),
(1645, 206, 634, 1, '50.00', '50.00'),
(1646, 206, 692, 1, '15.00', '15.00'),
(1647, 206, 693, 1, '20.00', '20.00'),
(1648, 206, 1010, 1, '5.00', '5.00'),
(1649, 206, 1607, 1, '90.00', '90.00'),
(1650, 207, 1308, 2, '25.00', '50.00'),
(1651, 208, 236, 1, '350.00', '350.00'),
(1652, 208, 171, 1, '20.00', '20.00'),
(1653, 208, 1385, 4, '1.00', '4.00'),
(1662, 210, 199, 1, '800.00', '800.00'),
(1663, 210, 1117, 1, '170.00', '170.00'),
(1664, 210, 1123, 1, '170.00', '170.00'),
(1665, 210, 1124, 1, '180.00', '180.00'),
(1666, 210, 54, 2, '40.00', '80.00'),
(1667, 210, 1645, 6, '10.00', '60.00'),
(1668, 210, 1635, 6, '5.00', '30.00'),
(1669, 210, 1506, 1, '40.00', '40.00'),
(1670, 210, 1512, 2, '70.00', '140.00'),
(1671, 210, 809, 1, '20.00', '20.00'),
(1672, 210, 805, 1, '30.00', '30.00'),
(1673, 210, 804, 1, '30.00', '30.00'),
(1691, 216, 777, 1, '600.00', '600.00'),
(1692, 217, 132, 1, '60.00', '60.00'),
(1693, 217, 131, 1, '110.00', '110.00'),
(1694, 217, 1044, 10, '6.00', '60.00'),
(1695, 217, 182, 1, '1360.00', '1360.00'),
(1696, 217, 1645, 10, '8.00', '80.00'),
(1697, 217, 1069, 6, '35.00', '210.00'),
(1698, 217, 1029, 20, '4.00', '80.00'),
(1699, 217, 891, 9, '12.00', '108.00'),
(1700, 217, 892, 10, '12.00', '120.00'),
(1701, 217, 190, 6, '13.00', '78.00'),
(1702, 217, 112, 1, '100.00', '100.00'),
(1703, 217, 113, 1, '65.00', '65.00'),
(1704, 217, 1656, 2, '187.50', '375.00'),
(1705, 217, 809, 6, '20.00', '120.00'),
(1706, 217, 1693, 3, '25.00', '75.00'),
(1707, 217, 1692, 3, '50.00', '150.00'),
(1708, 217, 634, 3, '40.00', '120.00'),
(1709, 217, 171, 12, '12.50', '150.00'),
(1710, 217, 1377, 500, '0.20', '100.00'),
(1711, 217, 188, 1, '125.00', '125.00'),
(1712, 217, 452, 3, '28.00', '84.00'),
(1713, 217, 681, 4, '26.00', '104.00'),
(1714, 217, 1665, 1, '500.00', '500.00'),
(1715, 217, 541, 24, '6.00', '144.00'),
(1716, 217, 837, 12, '30.00', '360.00'),
(1717, 217, 594, 2, '72.00', '144.00'),
(1718, 217, 595, 2, '72.00', '144.00'),
(1719, 218, 1161, 1, '1020.00', '1020.00'),
(1720, 218, 490, 1, '100.00', '100.00'),
(1721, 218, 1361, 1, '10.00', '10.00'),
(1722, 218, 1062, 1, '10.00', '10.00'),
(1723, 218, 305, 1, '800.00', '800.00'),
(1724, 219, 1306, 10, '15.00', '150.00'),
(1725, 220, 180, 1, '1500.00', '1500.00'),
(1726, 221, 1086, 1, '935.00', '935.00'),
(1727, 222, 567, 1, '450.00', '450.00'),
(1728, 222, 817, 1, '40.00', '40.00'),
(1729, 222, 1045, 5, '10.00', '50.00'),
(1730, 222, 1671, 10, '20.00', '200.00'),
(1731, 222, 865, 10, '20.00', '200.00'),
(1732, 222, 46, 100, '1.00', '100.00'),
(1733, 222, 1344, 5, '10.00', '50.00'),
(1739, 224, 577, 2, '80.00', '160.00'),
(1740, 224, 1286, 1, '110.00', '110.00'),
(1741, 224, 103, 2, '40.00', '80.00'),
(1742, 224, 551, 4, '35.00', '140.00'),
(1743, 224, 46, 140, '1.00', '140.00'),
(1744, 225, 16, 1, '115.00', '115.00'),
(1745, 225, 615, 4, '15.00', '60.00'),
(1746, 225, 1389, 1, '220.00', '220.00'),
(1747, 226, 662, 4, '25.00', '100.00'),
(1748, 226, 664, 4, '30.00', '120.00'),
(1749, 226, 666, 4, '40.00', '160.00'),
(1750, 226, 668, 2, '40.00', '80.00'),
(1751, 226, 273, 3, '40.00', '120.00'),
(1752, 226, 1306, 3, '15.00', '45.00'),
(1753, 226, 966, 4, '90.00', '360.00'),
(1754, 226, 881, 1, '10.00', '10.00'),
(1755, 226, 1079, 50, '2.50', '125.00'),
(1756, 226, 1303, 2, '40.00', '80.00'),
(1757, 227, 1306, 1, '15.00', '15.00'),
(1758, 227, 414, 1, '30.00', '30.00'),
(1759, 227, 1001, 1, '2.00', '2.00'),
(1760, 228, 1420, 1, '200.00', '200.00'),
(1761, 228, 1409, 1, '135.00', '135.00'),
(1762, 228, 1412, 1, '200.00', '200.00'),
(1763, 228, 1428, 1, '300.00', '300.00'),
(1764, 228, 1180, 5, '3.00', '15.00'),
(1765, 228, 327, 1, '20.00', '20.00'),
(1766, 228, 323, 1, '10.00', '10.00'),
(1767, 228, 1384, 1, '20.00', '20.00'),
(1768, 228, 61, 1, '200.00', '200.00'),
(1775, 230, 1089, 1, '170.00', '170.00'),
(1776, 230, 616, 2, '15.00', '30.00'),
(1777, 230, 207, 1, '110.00', '110.00'),
(1778, 230, 593, 2, '20.00', '40.00'),
(1779, 230, 109, 1, '30.00', '30.00'),
(1780, 230, 863, 2, '15.00', '30.00'),
(1781, 230, 1075, 1, '330.00', '330.00'),
(1782, 230, 577, 1, '80.00', '80.00'),
(1783, 230, 1343, 1, '10.00', '10.00'),
(1784, 230, 614, 1, '10.00', '10.00'),
(1785, 230, 1156, 1, '600.00', '600.00'),
(1786, 230, 1340, 1, '90.00', '90.00'),
(1787, 230, 208, 1, '15.00', '15.00'),
(1788, 230, 978, 1, '60.00', '60.00'),
(1789, 230, 1148, 1, '80.00', '80.00'),
(1790, 230, 1568, 1, '10.00', '10.00'),
(1791, 230, 1297, 1, '370.00', '370.00'),
(1798, 232, 393, 1, '600.00', '600.00'),
(1799, 232, 1364, 1, '150.00', '150.00'),
(1800, 232, 1441, 2, '100.00', '200.00'),
(1801, 232, 1443, 4, '50.00', '200.00'),
(1802, 232, 1397, 1, '250.00', '250.00'),
(1803, 232, 1382, 4, '10.00', '40.00'),
(1804, 232, 1019, 2, '4.00', '8.00'),
(1805, 232, 711, 2, '75.00', '150.00'),
(1806, 232, 741, 2, '75.00', '150.00'),
(1807, 232, 1349, 1, '1152.00', '1152.00'),
(1808, 232, 1687, 1, '60.00', '60.00'),
(1809, 233, 694, 1, '20.00', '20.00'),
(1810, 233, 103, 1, '30.00', '30.00'),
(1811, 233, 1560, 1, '90.00', '90.00'),
(1812, 233, 1654, 1, '10.00', '10.00'),
(1813, 233, 815, 2, '5.00', '10.00'),
(1814, 234, 1607, 1, '90.00', '90.00'),
(1815, 235, 1106, 1, '600.00', '600.00'),
(1816, 236, 199, 1, '800.00', '800.00'),
(1817, 236, 867, 2, '20.00', '40.00'),
(1818, 236, 454, 3, '70.00', '210.00'),
(1819, 237, 450, 7, '45.00', '315.00'),
(1820, 237, 867, 1, '20.00', '20.00'),
(1821, 237, 759, 1, '160.00', '160.00'),
(1822, 237, 1516, 1, '70.00', '70.00'),
(1823, 237, 1645, 1, '10.00', '10.00'),
(1824, 238, 635, 1, '40.00', '40.00'),
(1825, 238, 1119, 1, '650.00', '650.00'),
(1826, 238, 199, 1, '750.00', '750.00'),
(1827, 238, 1516, 1, '70.00', '70.00'),
(1828, 238, 1645, 1, '10.00', '10.00'),
(1829, 238, 1055, 1, '70.00', '70.00'),
(1830, 239, 130, 1, '85.00', '85.00'),
(1831, 239, 1306, 1, '15.00', '15.00'),
(1832, 240, 180, 1, '1500.00', '1500.00'),
(1833, 240, 1157, 1, '430.00', '430.00'),
(1834, 240, 1162, 1, '430.00', '430.00'),
(1835, 241, 1694, 4, '20.00', '80.00'),
(1836, 241, 406, 10, '27.00', '270.00'),
(1837, 241, 60, 2, '28.00', '56.00'),
(1838, 241, 1117, 2, '176.00', '352.00'),
(1839, 242, 456, 50, '75.00', '3750.00'),
(1840, 242, 1549, 5, '76.00', '380.00'),
(1841, 242, 1543, 5, '36.00', '180.00'),
(1842, 242, 1376, 100, '2.00', '200.00'),
(1843, 242, 1371, 100, '2.00', '200.00'),
(1844, 242, 1369, 100, '0.40', '40.00'),
(1845, 243, 1218, 1, '1600.00', '1600.00'),
(1846, 243, 292, 1, '190.00', '190.00'),
(1847, 243, 294, 1, '150.00', '150.00'),
(1848, 243, 297, 1, '120.00', '120.00'),
(1849, 244, 1177, 1, '400.00', '400.00'),
(1850, 244, 566, 1, '250.00', '250.00'),
(1851, 244, 1227, 2, '15.00', '30.00'),
(1852, 244, 1526, 2, '90.00', '180.00'),
(1853, 244, 1290, 1, '150.00', '150.00'),
(1854, 245, 594, 2, '75.00', '150.00'),
(1855, 245, 595, 2, '75.00', '150.00'),
(1856, 246, 631, 1, '15.00', '15.00'),
(1857, 246, 614, 1, '10.00', '10.00'),
(1858, 246, 1231, 2, '25.00', '50.00'),
(1859, 246, 1377, 30, '0.40', '12.00'),
(1860, 246, 1632, 2, '4.00', '8.00'),
(1861, 247, 1511, 1, '40.00', '40.00'),
(1862, 247, 1512, 1, '70.00', '70.00'),
(1863, 247, 220, 1, '35.00', '35.00'),
(1864, 247, 1564, 1, '10.00', '10.00'),
(1865, 248, 220, 1, '35.00', '35.00'),
(1866, 248, 1507, 1, '20.00', '20.00'),
(1867, 248, 171, 1, '15.00', '15.00'),
(1868, 248, 1055, 1, '25.00', '25.00'),
(1869, 248, 1030, 2, '5.00', '10.00'),
(1870, 248, 1306, 1, '15.00', '15.00'),
(1871, 248, 403, 1, '10.00', '10.00'),
(1872, 248, 323, 1, '8.00', '8.00'),
(1873, 248, 1377, 10, '0.40', '4.00'),
(1874, 248, 1372, 10, '0.40', '4.00'),
(1875, 249, 634, 1, '45.00', '45.00'),
(1876, 249, 1631, 1, '10.00', '10.00'),
(1877, 249, 960, 4, '50.00', '200.00'),
(1878, 249, 911, 2, '30.00', '60.00'),
(1879, 250, 482, 1, '250.00', '250.00'),
(1880, 251, 521, 1, '80.00', '80.00'),
(1881, 251, 130, 1, '70.00', '70.00'),
(1882, 251, 131, 1, '110.00', '110.00'),
(1883, 251, 1055, 1, '20.00', '20.00'),
(1884, 251, 171, 1, '20.00', '20.00'),
(1885, 251, 1019, 1, '4.00', '4.00'),
(1886, 251, 1031, 1, '6.00', '6.00'),
(1887, 251, 1624, 1, '150.00', '150.00'),
(1888, 251, 1063, 1, '15.00', '15.00'),
(1889, 251, 618, 1, '10.00', '10.00'),
(1891, 253, 1075, 1, '320.00', '320.00'),
(1892, 253, 450, 9, '43.00', '387.00'),
(1893, 254, 494, 6, '42.50', '255.00'),
(1894, 254, 250, 2, '60.00', '120.00'),
(1895, 254, 1089, 1, '160.00', '160.00'),
(1896, 254, 1088, 1, '150.00', '150.00'),
(1897, 254, 577, 2, '70.00', '140.00'),
(1898, 255, 846, 1, '140.00', '140.00'),
(1899, 255, 1564, 6, '10.00', '60.00'),
(1900, 255, 1374, 100, '0.40', '40.00'),
(1901, 256, 567, 2, '450.00', '900.00'),
(1902, 256, 1543, 4, '40.00', '160.00'),
(1903, 257, 1521, 2, '50.00', '100.00'),
(1904, 257, 1646, 2, '10.00', '20.00'),
(1905, 257, 1642, 1, '10.00', '10.00'),
(1906, 258, 1564, 6, '10.00', '60.00'),
(1907, 258, 441, 6, '15.00', '90.00'),
(1908, 258, 577, 4, '70.00', '280.00'),
(1909, 258, 158, 8, '5.00', '40.00'),
(1910, 258, 1521, 6, '42.00', '252.00'),
(1911, 258, 1516, 6, '56.00', '336.00'),
(1912, 258, 1645, 10, '8.00', '80.00'),
(1913, 258, 1637, 10, '2.50', '25.00'),
(1914, 258, 1641, 10, '3.00', '30.00'),
(1915, 258, 1634, 10, '2.50', '25.00'),
(1916, 258, 1019, 10, '3.00', '30.00'),
(1917, 258, 166, 4, '8.00', '32.00'),
(1918, 258, 1385, 100, '0.60', '60.00'),
(1919, 258, 1204, 4, '10.00', '40.00'),
(1920, 258, 1159, 2, '760.00', '1520.00'),
(1921, 258, 814, 5, '10.00', '50.00'),
(1922, 258, 506, 6, '45.00', '270.00'),
(1923, 258, 458, 6, '75.00', '450.00'),
(1924, 258, 457, 10, '90.00', '900.00'),
(1925, 258, 456, 10, '75.00', '750.00'),
(1933, 260, 220, 6, '30.00', '180.00'),
(1934, 260, 1052, 4, '20.00', '80.00'),
(1935, 260, 829, 1, '580.00', '580.00'),
(1936, 260, 596, 4, '30.00', '120.00'),
(1937, 260, 592, 4, '20.00', '80.00'),
(1938, 260, 348, 6, '65.00', '390.00'),
(1939, 260, 782, 4, '105.00', '420.00'),
(1940, 260, 521, 2, '70.00', '140.00'),
(1941, 260, 513, 1, '60.00', '60.00'),
(1942, 260, 373, 1, '165.00', '165.00'),
(1943, 260, 1308, 5, '25.00', '125.00'),
(1944, 260, 1300, 5, '25.00', '125.00'),
(1953, 262, 1422, 1, '420.00', '420.00'),
(1954, 262, 1419, 1, '150.00', '150.00'),
(1955, 262, 1407, 1, '150.00', '150.00'),
(1956, 262, 1412, 1, '180.00', '180.00'),
(1957, 262, 1410, 1, '120.00', '120.00'),
(1958, 262, 1409, 1, '130.00', '130.00'),
(1959, 262, 1316, 1, '70.00', '70.00'),
(1960, 262, 329, 1, '480.00', '480.00'),
(1961, 262, 323, 1, '10.00', '10.00'),
(1962, 262, 615, 4, '17.50', '70.00'),
(1963, 263, 250, 1, '60.00', '60.00'),
(1964, 264, 1052, 3, '20.00', '60.00'),
(1965, 264, 1562, 4, '10.00', '40.00'),
(1966, 265, 679, 1, '30.00', '30.00'),
(1967, 266, 1402, 1, '50.00', '50.00'),
(1970, 268, 843, 4, '37.50', '150.00'),
(1971, 268, 1035, 1, '10.00', '10.00'),
(1972, 268, 528, 4, '10.00', '40.00'),
(1973, 268, 55, 3, '7.00', '21.00'),
(1974, 268, 452, 2, '35.00', '70.00'),
(1975, 268, 1568, 2, '10.00', '20.00'),
(1976, 268, 1566, 1, '10.00', '10.00'),
(1977, 268, 1208, 1, '60.00', '60.00'),
(1978, 268, 1306, 1, '15.00', '15.00'),
(1985, 270, 330, 1, '550.00', '550.00'),
(1986, 270, 458, 2, '75.00', '150.00'),
(1987, 270, 1308, 1, '25.00', '25.00'),
(1988, 270, 1155, 1, '540.00', '540.00'),
(1989, 270, 1163, 1, '30.00', '30.00'),
(1990, 270, 213, 1, '25.00', '25.00'),
(1991, 270, 363, 1, '165.00', '165.00'),
(1992, 270, 513, 1, '60.00', '60.00'),
(1993, 270, 1077, 1, '15.00', '15.00'),
(1994, 271, 308, 2, '90.00', '180.00'),
(1995, 271, 1068, 1, '15.00', '15.00'),
(1996, 271, 629, 1, '50.00', '50.00'),
(1997, 271, 814, 1, '15.00', '15.00'),
(1998, 271, 1019, 2, '5.00', '10.00'),
(1999, 272, 1506, 2, '40.00', '80.00'),
(2000, 272, 1055, 1, '20.00', '20.00'),
(2005, 274, 563, 1, '250.00', '250.00'),
(2006, 274, 632, 1, '50.00', '50.00'),
(2007, 274, 171, 1, '20.00', '20.00'),
(2008, 274, 403, 1, '15.00', '15.00'),
(2009, 275, 1271, 1, '180.00', '180.00'),
(2010, 275, 1418, 1, '160.00', '160.00'),
(2011, 276, 767, 1, '160.00', '160.00'),
(2012, 276, 863, 1, '10.00', '10.00'),
(2013, 276, 898, 1, '30.00', '30.00'),
(2014, 276, 1375, 10, '1.00', '10.00'),
(2015, 276, 1370, 10, '1.00', '10.00'),
(2016, 276, 1306, 1, '20.00', '20.00'),
(2017, 276, 1252, 2, '65.00', '130.00'),
(2018, 276, 767, 1, '160.00', '160.00'),
(2026, 278, 46, 6, '1.00', '6.00'),
(2027, 278, 1241, 1, '40.00', '40.00'),
(2028, 278, 1615, 4, '2.50', '10.00'),
(2029, 278, 329, 1, '450.00', '450.00'),
(2030, 278, 1272, 1, '150.00', '150.00'),
(2031, 278, 397, 1, '15.00', '15.00'),
(2032, 279, 767, 1, '150.00', '150.00'),
(2033, 279, 785, 1, '40.00', '40.00'),
(2034, 280, 436, 1, '160.00', '160.00'),
(2035, 281, 114, 1, '120.00', '120.00'),
(2036, 281, 113, 1, '70.00', '70.00'),
(2037, 281, 516, 1, '80.00', '80.00'),
(2038, 281, 1674, 1, '20.00', '20.00'),
(2039, 281, 1019, 1, '3.00', '3.00'),
(2040, 281, 995, 1, '7.00', '7.00'),
(2041, 281, 171, 1, '20.00', '20.00'),
(2042, 282, 449, 5, '30.00', '150.00'),
(2043, 282, 1684, 1, '110.00', '110.00'),
(2044, 282, 694, 1, '20.00', '20.00'),
(2045, 282, 449, 9, '28.90', '260.10'),
(2046, 283, 767, 1, '160.00', '160.00'),
(2047, 283, 1385, 4, '0.75', '3.00'),
(2048, 284, 97, 1, '160.00', '160.00'),
(2049, 284, 96, 1, '160.00', '160.00'),
(2050, 284, 736, 4, '30.00', '120.00'),
(2051, 284, 1006, 4, '2.50', '10.00'),
(2052, 284, 614, 1, '15.00', '15.00'),
(2053, 284, 617, 2, '20.00', '40.00'),
(2054, 284, 406, 2, '35.00', '70.00'),
(2055, 284, 554, 1, '75.00', '75.00'),
(2056, 285, 97, 1, '170.00', '170.00'),
(2057, 285, 728, 2, '35.00', '70.00'),
(2058, 285, 676, 1, '16.00', '16.00'),
(2059, 285, 1006, 2, '3.00', '6.00'),
(2060, 285, 155, 1, '18.00', '18.00'),
(2062, 287, 1294, 2, '35.00', '70.00'),
(2063, 287, 1055, 2, '20.00', '40.00'),
(2064, 287, 1330, 2, '15.00', '30.00'),
(2065, 287, 1019, 4, '3.00', '12.00'),
(2066, 288, 685, 1, '50.00', '50.00'),
(2067, 289, 200, 1, '750.00', '750.00'),
(2068, 289, 1417, 1, '100.00', '100.00'),
(2069, 289, 1216, 1, '270.00', '270.00'),
(2070, 289, 676, 1, '17.00', '17.00'),
(2071, 289, 715, 1, '30.00', '30.00'),
(2072, 289, 410, 1, '120.00', '120.00'),
(2073, 289, 829, 1, '600.00', '600.00'),
(2074, 289, 765, 1, '700.00', '700.00'),
(2075, 289, 1543, 1, '50.00', '50.00'),
(2078, 292, 548, 1, '3600.00', '3600.00'),
(2079, 293, 171, 12, '13.35', '160.20'),
(2080, 293, 213, 1, '20.00', '20.00'),
(2081, 293, 1564, 1, '10.00', '10.00'),
(2082, 293, 1029, 2, '5.00', '10.00'),
(2083, 293, 441, 1, '15.00', '15.00'),
(2084, 293, 1139, 1, '60.00', '60.00'),
(2085, 294, 1400, 1, '260.00', '260.00'),
(2086, 294, 1399, 1, '260.00', '260.00'),
(2087, 294, 1364, 1, '100.00', '100.00'),
(2088, 294, 1441, 2, '75.00', '150.00'),
(2089, 294, 1019, 4, '4.00', '16.00'),
(2090, 294, 1004, 2, '3.00', '6.00'),
(2091, 294, 730, 1, '80.00', '80.00'),
(2092, 294, 1294, 1, '30.00', '30.00'),
(2093, 294, 583, 2, '2.00', '4.00'),
(2094, 294, 166, 1, '10.00', '10.00');
INSERT INTO `sale_items` (`id`, `sale_id`, `product_id`, `quantity`, `unit_price`, `total_price`) VALUES
(2095, 294, 323, 1, '10.00', '10.00'),
(2096, 295, 829, 1, '600.00', '600.00'),
(2097, 295, 583, 1, '15.00', '15.00'),
(2098, 295, 490, 1, '100.00', '100.00'),
(2099, 296, 764, 1, '950.00', '950.00'),
(2100, 296, 406, 2, '35.00', '70.00'),
(2101, 297, 776, 1, '260.00', '260.00'),
(2102, 297, 1052, 1, '22.00', '22.00'),
(2103, 297, 1374, 10, '0.40', '4.00'),
(2104, 297, 1372, 10, '0.40', '4.00'),
(2105, 298, 323, 500, '6.30', '3150.00'),
(2106, 299, 317, 1, '170.00', '170.00'),
(2107, 300, 1220, 1, '3000.00', '3000.00'),
(2108, 301, 776, 2, '250.00', '500.00'),
(2109, 301, 1052, 2, '20.00', '40.00'),
(2110, 301, 176, 2, '140.00', '280.00'),
(2111, 301, 1135, 1, '60.00', '60.00'),
(2112, 302, 1262, 3, '150.00', '450.00'),
(2113, 302, 1208, 1, '50.00', '50.00'),
(2114, 303, 533, 4, '5.00', '20.00'),
(2115, 303, 1385, 4, '1.00', '4.00'),
(2116, 303, 1633, 2, '3.00', '6.00'),
(2117, 303, 1196, 1, '42.00', '42.00'),
(2118, 303, 1629, 4, '1.00', '4.00'),
(2119, 303, 800, 2, '7.50', '15.00'),
(2120, 303, 1372, 15, '0.40', '6.00'),
(2121, 303, 1377, 15, '0.40', '6.00'),
(2122, 303, 533, 6, '5.00', '30.00'),
(2123, 303, 1521, 1, '50.00', '50.00'),
(2124, 303, 805, 1, '29.00', '29.00'),
(2125, 303, 804, 1, '27.00', '27.00'),
(2126, 303, 606, 3, '15.00', '45.00'),
(2127, 303, 46, 5, '1.00', '5.00'),
(2141, 306, 590, 2, '10.00', '20.00'),
(2142, 306, 457, 2, '95.00', '190.00'),
(2143, 306, 1526, 1, '80.00', '80.00'),
(2144, 306, 1300, 1, '25.00', '25.00'),
(2145, 306, 1306, 1, '15.00', '15.00'),
(2146, 306, 156, 1, '20.00', '20.00'),
(2147, 306, 1380, 4, '3.00', '12.00'),
(2148, 306, 441, 3, '17.00', '51.00'),
(2149, 306, 759, 1, '150.00', '150.00'),
(2150, 306, 330, 1, '500.00', '500.00'),
(2151, 306, 1271, 1, '160.00', '160.00'),
(2152, 306, 1239, 2, '40.00', '80.00'),
(2153, 306, 1238, 2, '25.00', '50.00'),
(2154, 306, 596, 2, '30.00', '60.00'),
(2155, 306, 593, 2, '15.00', '30.00'),
(2156, 306, 1163, 2, '25.00', '50.00'),
(2157, 306, 46, 10, '1.00', '10.00'),
(2158, 307, 1516, 6, '56.00', '336.00'),
(2159, 307, 583, 10, '10.00', '100.00'),
(2160, 307, 758, 2, '100.00', '200.00'),
(2161, 307, 1224, 2, '100.00', '200.00'),
(2162, 307, 1340, 4, '90.00', '360.00'),
(2163, 307, 303, 1, '840.00', '840.00'),
(2164, 307, 128, 1, '55.00', '55.00'),
(2165, 307, 127, 1, '110.00', '110.00'),
(2166, 307, 213, 10, '21.00', '210.00'),
(2167, 307, 208, 10, '14.00', '140.00'),
(2168, 307, 1354, 2, '120.00', '240.00'),
(2169, 307, 308, 4, '78.00', '312.00'),
(2170, 307, 182, 1, '1360.00', '1360.00'),
(2171, 307, 521, 2, '65.00', '130.00'),
(2172, 307, 171, 12, '12.50', '150.00'),
(2173, 307, 593, 4, '14.00', '56.00'),
(2174, 307, 97, 1, '150.00', '150.00'),
(2175, 307, 96, 1, '150.00', '150.00'),
(2176, 307, 736, 4, '16.00', '64.00'),
(2177, 307, 1695, 2, '50.00', '100.00'),
(2178, 308, 507, 1, '40.00', '40.00'),
(2179, 309, 504, 1, '40.00', '40.00'),
(2180, 310, 1063, 1, '20.00', '20.00'),
(2181, 310, 1094, 1, '30.00', '30.00'),
(2182, 311, 1659, 5, '120.00', '600.00'),
(2183, 311, 644, 16, '27.50', '440.00'),
(2184, 311, 1700, 10, '17.00', '170.00'),
(2185, 311, 1706, 100, '0.40', '40.00'),
(2186, 312, 1302, 6, '40.00', '240.00'),
(2187, 312, 86, 2, '130.00', '260.00'),
(2188, 312, 1343, 2, '10.00', '20.00'),
(2189, 312, 1564, 1, '10.00', '10.00'),
(2190, 312, 43, 2, '15.00', '30.00'),
(2191, 313, 855, 1, '1900.00', '1900.00'),
(2192, 313, 378, 8, '80.00', '640.00'),
(2193, 313, 809, 2, '20.00', '40.00'),
(2194, 313, 1265, 2, '120.00', '240.00'),
(2195, 313, 1266, 2, '150.00', '300.00'),
(2211, 316, 861, 200, '5.50', '1100.00'),
(2212, 316, 625, 80, '23.00', '1840.00'),
(2213, 316, 969, 3, '80.00', '240.00'),
(2214, 316, 1086, 1, '950.00', '950.00'),
(2215, 316, 1359, 1, '540.00', '540.00'),
(2216, 316, 1358, 1, '450.00', '450.00'),
(2217, 316, 1357, 2, '270.00', '540.00'),
(2218, 316, 1356, 1, '320.00', '320.00'),
(2219, 316, 655, 2, '100.00', '200.00'),
(2220, 316, 951, 5, '50.00', '250.00'),
(2221, 316, 946, 5, '40.00', '200.00'),
(2222, 316, 1264, 4, '150.00', '600.00'),
(2223, 316, 1078, 200, '5.00', '1000.00'),
(2224, 316, 1712, 50, '3.00', '150.00'),
(2225, 316, 1711, 50, '3.00', '150.00'),
(2226, 316, 542, 24, '6.25', '150.00'),
(2227, 316, 541, 24, '6.25', '150.00'),
(2228, 316, 339, 12, '13.75', '165.00'),
(2229, 316, 340, 12, '13.75', '165.00'),
(2230, 316, 280, 5, '80.00', '400.00'),
(2231, 317, 1075, 1, '330.00', '330.00'),
(2255, 320, 1374, 100, '0.40', '40.00'),
(2256, 320, 113, 2, '70.00', '140.00'),
(2257, 320, 425, 2, '20.00', '40.00'),
(2258, 320, 806, 4, '6.50', '26.00'),
(2259, 320, 807, 4, '6.50', '26.00'),
(2260, 320, 805, 5, '29.00', '145.00'),
(2261, 320, 804, 5, '27.00', '135.00'),
(2262, 320, 803, 2, '35.00', '70.00'),
(2263, 320, 449, 5, '30.00', '150.00'),
(2264, 320, 544, 20, '10.00', '200.00'),
(2265, 320, 1661, 2, '40.00', '80.00'),
(2266, 320, 232, 1, '480.00', '480.00'),
(2267, 320, 511, 5, '10.00', '50.00'),
(2268, 320, 1030, 20, '4.00', '80.00'),
(2269, 320, 1033, 20, '4.50', '90.00'),
(2270, 320, 1019, 20, '3.00', '60.00'),
(2271, 320, 1271, 3, '160.00', '480.00'),
(2272, 320, 1461, 2, '80.00', '160.00'),
(2273, 321, 1696, 12, '240.00', '2880.00'),
(2274, 322, 1220, 1, '2500.00', '2500.00'),
(2285, 325, 976, 1, '120.00', '120.00'),
(2286, 325, 1631, 1, '10.00', '10.00'),
(2287, 325, 263, 2, '5.00', '10.00'),
(2288, 325, 1568, 2, '10.00', '20.00'),
(2289, 325, 1062, 1, '10.00', '10.00'),
(2290, 325, 1035, 1, '10.00', '10.00'),
(2291, 325, 23, 3, '150.00', '450.00'),
(2292, 325, 809, 1, '20.00', '20.00'),
(2293, 325, 554, 1, '75.00', '75.00'),
(2294, 325, 606, 1, '15.00', '15.00'),
(2295, 325, 449, 6, '30.00', '180.00'),
(2296, 325, 865, 1, '20.01', '20.01'),
(2297, 325, 220, 1, '35.00', '35.00'),
(2298, 325, 1239, 3, '30.00', '90.00'),
(2299, 325, 808, 1, '20.01', '20.01'),
(2300, 325, 1077, 1, '15.00', '15.00'),
(2301, 325, 1327, 1, '50.00', '50.00'),
(2302, 326, 199, 1, '750.00', '750.00'),
(2303, 326, 1117, 1, '180.00', '180.00'),
(2304, 326, 1224, 1, '110.00', '110.00'),
(2305, 326, 53, 2, '35.00', '70.00'),
(2306, 326, 1123, 1, '160.00', '160.00'),
(2307, 326, 1645, 4, '10.00', '40.00'),
(2308, 326, 1635, 2, '5.00', '10.00'),
(2309, 326, 1095, 6, '5.00', '30.00'),
(2310, 326, 1506, 1, '40.00', '40.00'),
(2311, 326, 1521, 1, '50.00', '50.00'),
(2312, 326, 1512, 2, '65.00', '130.00'),
(2313, 327, 1521, 1, '50.00', '50.00'),
(2314, 327, 1308, 1, '25.00', '25.00'),
(2315, 327, 18, 1, '110.00', '110.00'),
(2316, 327, 220, 1, '30.00', '30.00'),
(2317, 327, 1497, 1, '65.00', '65.00'),
(2318, 327, 46, 10, '1.00', '10.00'),
(2319, 327, 449, 1, '30.00', '30.00'),
(2320, 327, 1566, 1, '10.00', '10.00'),
(2321, 327, 1542, 1, '50.00', '50.00'),
(2322, 327, 1651, 1, '8.00', '8.00'),
(2323, 327, 1644, 1, '8.00', '8.00'),
(2324, 327, 606, 2, '15.00', '30.00'),
(2325, 327, 577, 1, '80.00', '80.00'),
(2326, 327, 17, 1, '90.00', '90.00'),
(2327, 327, 684, 2, '75.00', '150.00'),
(2328, 327, 1072, 1, '15.00', '15.00'),
(2329, 327, 1030, 1, '5.00', '5.00'),
(2362, 329, 1645, 1, '10.00', '10.00'),
(2363, 329, 46, 10, '1.00', '10.00'),
(2364, 329, 815, 1, '20.00', '20.00'),
(2365, 329, 865, 1, '20.00', '20.00'),
(2366, 329, 684, 1, '75.00', '75.00'),
(2367, 329, 838, 4, '35.00', '140.00'),
(2368, 329, 1054, 1, '15.00', '15.00'),
(2369, 329, 1067, 1, '10.00', '10.00'),
(2370, 329, 1030, 1, '5.00', '5.00'),
(2371, 329, 551, 1, '40.00', '40.00'),
(2372, 329, 1340, 1, '90.00', '90.00'),
(2373, 329, 976, 1, '130.00', '130.00'),
(2374, 329, 1564, 1, '10.00', '10.00'),
(2375, 329, 721, 1, '20.00', '20.00'),
(2376, 329, 583, 1, '15.00', '15.00'),
(2377, 329, 1511, 1, '40.00', '40.00'),
(2378, 329, 865, 1, '20.00', '20.00'),
(2379, 329, 46, 10, '1.00', '10.00'),
(2380, 329, 865, 1, '20.00', '20.00'),
(2381, 329, 450, 1, '50.00', '50.00'),
(2382, 329, 544, 4, '10.00', '40.00'),
(2383, 329, 1241, 1, '40.00', '40.00'),
(2384, 329, 1278, 1, '145.00', '145.00'),
(2385, 329, 46, 5, '1.00', '5.00'),
(2386, 329, 1072, 1, '15.00', '15.00'),
(2387, 329, 685, 1, '50.00', '50.00'),
(2388, 329, 1115, 2, '30.00', '60.00'),
(2389, 329, 978, 1, '60.00', '60.00'),
(2390, 329, 1294, 1, '35.00', '35.00'),
(2391, 329, 171, 1, '20.00', '20.00'),
(2392, 329, 898, 1, '40.00', '40.00'),
(2393, 329, 1697, 1, '310.00', '310.00'),
(2394, 329, 1300, 1, '35.00', '35.00'),
(2532, 336, 759, 1, '160.00', '160.00'),
(2533, 336, 630, 1, '150.00', '150.00'),
(2534, 336, 304, 1, '1300.00', '1300.00'),
(2535, 336, 895, 5, '13.00', '65.00'),
(2536, 336, 865, 1, '20.00', '20.00'),
(2537, 336, 1387, 1, '20.00', '20.00'),
(2538, 336, 221, 1, '10.00', '10.00'),
(2539, 336, 759, 1, '160.00', '160.00'),
(2540, 336, 1566, 1, '10.00', '10.00'),
(2541, 336, 544, 3, '10.00', '30.00'),
(2542, 336, 1194, 1, '25.00', '25.00'),
(2543, 336, 1089, 1, '160.00', '160.00'),
(2544, 336, 846, 1, '140.00', '140.00'),
(2545, 336, 1096, 1, '30.00', '30.00'),
(2546, 336, 1019, 4, '3.00', '12.00'),
(2547, 336, 1562, 1, '10.00', '10.00'),
(2548, 336, 1238, 2, '25.00', '50.00'),
(2549, 336, 1241, 2, '40.00', '80.00'),
(2550, 336, 893, 1, '20.00', '20.00'),
(2551, 336, 1216, 2, '150.00', '300.00'),
(2552, 336, 1409, 2, '110.00', '220.00'),
(2553, 336, 1521, 1, '50.00', '50.00'),
(2554, 336, 1516, 2, '70.00', '140.00'),
(2555, 336, 587, 1, '100.00', '100.00'),
(2556, 336, 171, 1, '20.00', '20.00'),
(2557, 336, 398, 1, '20.00', '20.00'),
(2558, 337, 1593, 3, '50.00', '150.00'),
(2570, 341, 1300, 1, '25.00', '25.00'),
(2571, 341, 1027, 2, '5.00', '10.00'),
(2572, 341, 419, 1, '10.00', '10.00'),
(2573, 341, 450, 4, '45.00', '180.00'),
(2574, 341, 406, 3, '33.00', '99.00'),
(2575, 341, 327, 8, '20.00', '160.00'),
(2576, 341, 577, 1, '80.00', '80.00'),
(2577, 341, 1311, 1, '350.00', '350.00'),
(2578, 341, 679, 2, '25.00', '50.00'),
(2579, 341, 1121, 1, '280.00', '280.00'),
(2580, 341, 776, 1, '250.00', '250.00'),
(2581, 341, 1238, 2, '25.00', '50.00'),
(2582, 341, 1308, 1, '25.00', '25.00'),
(2583, 341, 1162, 1, '500.00', '500.00'),
(2584, 341, 199, 1, '770.00', '770.00'),
(2585, 341, 1117, 1, '180.00', '180.00'),
(2586, 341, 1389, 1, '250.00', '250.00'),
(2587, 342, 171, 2, '17.50', '35.00'),
(2588, 342, 1377, 10, '0.50', '5.00'),
(2589, 342, 1115, 2, '30.00', '60.00'),
(2590, 342, 1155, 1, '560.00', '560.00'),
(2591, 342, 1610, 1, '40.00', '40.00'),
(2592, 342, 1566, 2, '10.00', '20.00'),
(2593, 342, 802, 1, '10.00', '10.00'),
(2594, 342, 1044, 1, '10.00', '10.00'),
(2595, 342, 221, 1, '10.00', '10.00'),
(2596, 342, 685, 1, '50.00', '50.00'),
(2597, 342, 1019, 5, '4.00', '20.00'),
(2598, 343, 169, 1, '1600.00', '1600.00'),
(2599, 343, 804, 1, '30.00', '30.00'),
(2600, 343, 805, 1, '30.00', '30.00'),
(2601, 343, 615, 2, '12.00', '24.00'),
(2602, 343, 1095, 1, '6.00', '6.00'),
(2603, 343, 992, 1, '30.00', '30.00'),
(2604, 343, 1115, 2, '30.00', '60.00'),
(2605, 343, 809, 1, '20.00', '20.00'),
(2611, 345, 1622, 1, '120.00', '120.00'),
(2612, 345, 1308, 1, '25.00', '25.00'),
(2613, 345, 577, 1, '100.00', '100.00'),
(2614, 345, 496, 1, '10.00', '10.00'),
(2615, 345, 684, 1, '70.00', '70.00'),
(2616, 345, 323, 1, '10.00', '10.00'),
(2617, 345, 863, 1, '13.00', '13.00'),
(2618, 345, 978, 1, '55.00', '55.00'),
(2619, 346, 1564, 1, '10.00', '10.00'),
(2620, 346, 942, 2, '32.50', '65.00'),
(2621, 346, 900, 2, '20.00', '40.00'),
(2622, 346, 577, 1, '80.00', '80.00'),
(2623, 346, 606, 2, '15.00', '30.00'),
(2624, 346, 1343, 3, '10.00', '30.00'),
(2625, 346, 863, 2, '10.00', '20.00'),
(2626, 346, 1631, 2, '10.00', '20.00'),
(2637, 349, 1563, 1, '10.00', '10.00'),
(2638, 349, 214, 1, '25.00', '25.00'),
(2639, 349, 1030, 1, '5.00', '5.00'),
(2640, 349, 790, 1, '230.00', '230.00'),
(2641, 349, 1702, 1, '25.00', '25.00'),
(2642, 349, 829, 1, '600.00', '600.00'),
(2643, 349, 1128, 1, '25.00', '25.00'),
(2644, 349, 1131, 1, '55.00', '55.00'),
(2645, 349, 676, 2, '20.00', '40.00'),
(2646, 349, 694, 2, '25.00', '50.00'),
(2647, 350, 859, 1, '45.00', '45.00'),
(2648, 350, 1054, 1, '15.00', '15.00'),
(2649, 350, 1684, 1, '110.00', '110.00'),
(2650, 350, 1362, 1, '30.00', '30.00'),
(2651, 350, 992, 1, '30.00', '30.00'),
(2652, 351, 1526, 3, '90.00', '270.00'),
(2653, 351, 1373, 10, '0.50', '5.00'),
(2654, 351, 1240, 2, '37.50', '75.00'),
(2655, 351, 1239, 2, '30.00', '60.00'),
(2666, 353, 1275, 1, '110.00', '110.00'),
(2667, 353, 566, 1, '240.00', '240.00'),
(2668, 353, 679, 2, '22.50', '45.00'),
(2669, 353, 1019, 1, '5.00', '5.00'),
(2670, 353, 1243, 2, '50.00', '100.00'),
(2671, 353, 716, 2, '5.00', '10.00'),
(2672, 353, 1243, 2, '50.00', '100.00'),
(2673, 353, 1089, 1, '160.00', '160.00'),
(2674, 353, 617, 1, '20.00', '20.00'),
(2675, 353, 561, 1, '260.00', '260.00'),
(2676, 353, 249, 1, '10.00', '10.00'),
(2677, 353, 801, 1, '10.00', '10.00'),
(2678, 353, 1300, 1, '25.00', '25.00'),
(2679, 353, 1308, 1, '25.00', '25.00'),
(2680, 354, 1155, 1, '580.00', '580.00'),
(2681, 355, 594, 2, '70.00', '140.00'),
(2682, 355, 595, 2, '70.00', '140.00'),
(2683, 355, 1629, 1, '2.00', '2.00'),
(2684, 355, 814, 1, '10.00', '10.00'),
(2685, 355, 1252, 2, '60.00', '120.00'),
(2686, 355, 228, 1, '60.00', '60.00'),
(2687, 355, 265, 1, '20.00', '20.00'),
(2688, 355, 1194, 1, '20.00', '20.00'),
(2700, 357, 458, 1, '80.00', '80.00'),
(2701, 357, 577, 1, '100.00', '100.00'),
(2702, 357, 606, 2, '15.00', '30.00'),
(2703, 357, 616, 1, '20.00', '20.00'),
(2704, 357, 263, 3, '3.50', '10.50'),
(2705, 357, 220, 1, '35.00', '35.00'),
(2706, 357, 1509, 1, '40.00', '40.00'),
(2707, 357, 1506, 1, '40.00', '40.00'),
(2708, 357, 185, 1, '60.00', '60.00'),
(2709, 357, 1290, 1, '150.00', '150.00'),
(2710, 357, 616, 1, '20.00', '20.00'),
(2711, 357, 1055, 1, '25.00', '25.00'),
(2712, 357, 1044, 1, '6.00', '6.00'),
(2713, 357, 1089, 1, '160.00', '160.00'),
(2714, 357, 1308, 1, '25.00', '25.00'),
(2715, 357, 323, 1, '10.00', '10.00'),
(2716, 357, 171, 1, '20.00', '20.00'),
(2717, 358, 406, 1, '35.00', '35.00'),
(2718, 358, 185, 1, '60.00', '60.00'),
(2719, 358, 1134, 1, '70.00', '70.00'),
(2720, 358, 442, 3, '20.00', '60.00'),
(2721, 358, 587, 1, '100.00', '100.00'),
(2722, 358, 1060, 1, '30.00', '30.00'),
(2723, 358, 815, 1, '20.00', '20.00'),
(2724, 358, 1377, 10, '0.50', '5.00'),
(2725, 358, 1372, 10, '0.50', '5.00'),
(2726, 358, 1566, 1, '10.00', '10.00'),
(2727, 358, 865, 1, '24.00', '24.00'),
(2728, 359, 327, 1, '20.00', '20.00'),
(2729, 359, 323, 1, '10.00', '10.00'),
(2730, 359, 171, 4, '20.00', '80.00'),
(2731, 359, 1377, 20, '0.50', '10.00'),
(2732, 359, 897, 1, '20.00', '20.00'),
(2733, 359, 1320, 2, '35.00', '70.00'),
(2734, 359, 1311, 1, '350.00', '350.00'),
(2735, 359, 1506, 1, '40.00', '40.00'),
(2736, 359, 843, 4, '37.50', '150.00'),
(2737, 359, 1069, 1, '35.00', '35.00'),
(2738, 359, 1623, 2, '7.50', '15.00'),
(2752, 361, 865, 1, '25.00', '25.00'),
(2753, 361, 615, 1, '15.00', '15.00'),
(2754, 361, 1561, 1, '25.00', '25.00'),
(2755, 361, 425, 1, '25.00', '25.00'),
(2756, 361, 1662, 1, '20.00', '20.00'),
(2757, 361, 1290, 1, '150.00', '150.00'),
(2758, 361, 893, 1, '20.00', '20.00'),
(2759, 361, 265, 1, '20.00', '20.00'),
(2760, 361, 1196, 1, '50.00', '50.00'),
(2761, 361, 220, 1, '35.00', '35.00'),
(2762, 361, 265, 1, '20.00', '20.00'),
(2763, 361, 1662, 1, '20.00', '20.00'),
(2764, 361, 457, 1, '90.00', '90.00'),
(2765, 361, 456, 1, '75.00', '75.00'),
(2766, 361, 1308, 1, '25.00', '25.00'),
(2767, 361, 47, 5, '2.00', '10.00'),
(2768, 361, 1377, 10, '0.50', '5.00'),
(2769, 361, 718, 2, '35.00', '70.00'),
(2770, 361, 1029, 2, '5.00', '10.00'),
(2771, 361, 425, 1, '25.00', '25.00'),
(2772, 361, 810, 1, '5.00', '5.00'),
(2773, 361, 220, 1, '35.00', '35.00'),
(2774, 361, 166, 1, '10.00', '10.00'),
(2775, 361, 1362, 1, '30.00', '30.00'),
(2776, 361, 1284, 1, '135.00', '135.00'),
(2777, 361, 44, 4, '8.00', '32.00'),
(2778, 361, 1031, 1, '5.00', '5.00'),
(2779, 361, 1506, 1, '35.00', '35.00'),
(2780, 361, 784, 1, '60.00', '60.00'),
(2781, 361, 1616, 2, '5.00', '10.00'),
(2782, 361, 1208, 1, '50.00', '50.00'),
(2783, 361, 454, 8, '70.00', '560.00'),
(2784, 361, 47, 20, '1.50', '30.00'),
(2785, 362, 456, 3, '80.00', '240.00'),
(2786, 362, 47, 10, '1.00', '10.00'),
(2794, 364, 1157, 1, '460.00', '460.00'),
(2795, 364, 1162, 2, '430.00', '860.00'),
(2796, 364, 1155, 1, '605.00', '605.00'),
(2797, 364, 1025, 10, '4.00', '40.00'),
(2798, 364, 1006, 10, '3.00', '30.00'),
(2799, 364, 1017, 10, '3.50', '35.00'),
(2800, 364, 978, 2, '60.00', '120.00'),
(2801, 364, 20, 5, '40.00', '200.00'),
(2802, 364, 1404, 2, '120.00', '240.00'),
(2803, 364, 838, 40, '35.00', '1400.00'),
(2804, 364, 843, 40, '35.00', '1400.00'),
(2805, 364, 1385, 200, '1.00', '200.00'),
(2806, 364, 44, 20, '7.50', '150.00'),
(2807, 364, 1038, 10, '13.00', '130.00'),
(2808, 364, 1040, 10, '10.00', '100.00'),
(2809, 364, 1063, 10, '20.00', '200.00'),
(2810, 364, 1044, 10, '5.00', '50.00'),
(2811, 364, 171, 24, '13.00', '312.00'),
(2812, 364, 1306, 10, '15.00', '150.00'),
(2813, 364, 577, 10, '80.00', '800.00'),
(2814, 364, 596, 4, '40.00', '160.00'),
(2815, 365, 454, 5, '70.00', '350.00'),
(2816, 365, 456, 4, '75.00', '300.00'),
(2817, 365, 46, 34, '1.00', '34.00'),
(2818, 366, 274, 2, '25.00', '50.00'),
(2830, 368, 567, 2, '450.00', '900.00'),
(2831, 368, 1665, 1, '500.00', '500.00'),
(2832, 368, 1157, 1, '630.00', '630.00'),
(2833, 368, 1422, 1, '400.00', '400.00'),
(2834, 368, 1420, 1, '160.00', '160.00'),
(2835, 368, 1409, 1, '110.00', '110.00'),
(2836, 368, 1419, 1, '120.00', '120.00'),
(2837, 368, 1714, 2, '220.00', '440.00'),
(2838, 368, 577, 3, '80.00', '240.00'),
(2839, 368, 428, 1, '49.00', '49.00'),
(2840, 368, 406, 2, '30.00', '60.00'),
(2841, 368, 405, 2, '45.00', '90.00'),
(2842, 368, 1713, 8, '13.00', '104.00'),
(2843, 368, 213, 2, '20.00', '40.00'),
(2844, 368, 624, 5, '15.00', '75.00'),
(2845, 368, 809, 4, '20.00', '80.00'),
(2846, 368, 446, 3, '12.00', '36.00'),
(2847, 368, 45, 9, '6.67', '60.00'),
(2848, 368, 103, 2, '40.00', '80.00'),
(2849, 368, 1286, 1, '110.00', '110.00'),
(2850, 368, 453, 6, '13.33', '80.00'),
(2851, 368, 452, 3, '30.00', '90.00'),
(2852, 368, 1338, 1, '80.00', '80.00'),
(2853, 368, 606, 6, '13.00', '78.00'),
(2854, 368, 1343, 6, '10.00', '60.00'),
(2855, 368, 506, 4, '40.00', '160.00'),
(2856, 368, 1641, 10, '3.00', '30.00'),
(2857, 368, 810, 5, '10.00', '50.00'),
(2858, 368, 1029, 10, '5.00', '50.00'),
(2859, 368, 1019, 10, '3.00', '30.00'),
(2860, 368, 471, 10, '7.00', '70.00'),
(2861, 368, 1566, 5, '10.00', '50.00'),
(2862, 368, 1568, 5, '12.00', '60.00'),
(2863, 368, 1715, 2, '10.00', '20.00'),
(2864, 368, 449, 15, '25.00', '375.00'),
(2865, 368, 1716, 4, '20.00', '80.00'),
(2866, 368, 1645, 6, '10.00', '60.00'),
(2867, 368, 708, 2, '30.00', '60.00'),
(2868, 368, 745, 2, '45.00', '90.00'),
(2869, 368, 707, 2, '25.00', '50.00'),
(2870, 368, 747, 4, '60.00', '240.00'),
(2871, 368, 654, 2, '60.00', '120.00'),
(2872, 368, 1593, 2, '50.00', '100.00'),
(2873, 368, 551, 2, '35.00', '70.00'),
(2874, 368, 1046, 5, '10.00', '50.00'),
(2875, 368, 1271, 1, '160.00', '160.00'),
(2876, 368, 676, 5, '15.00', '75.00'),
(2877, 368, 675, 4, '13.00', '52.00'),
(2878, 368, 711, 4, '45.00', '180.00'),
(2879, 368, 1064, 4, '35.00', '140.00'),
(2880, 369, 1717, 20, '3.00', '60.00'),
(2881, 369, 840, 12, '30.00', '360.00'),
(2882, 369, 644, 20, '27.50', '550.00'),
(2883, 369, 1063, 6, '20.00', '120.00'),
(2902, 371, 544, 10, '10.00', '100.00'),
(2903, 371, 428, 2, '50.00', '100.00'),
(2904, 371, 1001, 10, '2.50', '25.00'),
(2905, 371, 419, 2, '6.00', '12.00'),
(2906, 371, 1662, 2, '20.00', '40.00'),
(2907, 371, 1645, 4, '8.00', '32.00'),
(2908, 371, 1081, 20, '3.00', '60.00'),
(2909, 371, 1079, 20, '2.00', '40.00'),
(2910, 371, 54, 2, '40.00', '80.00'),
(2911, 371, 1340, 2, '90.00', '180.00'),
(2912, 371, 1308, 4, '25.00', '100.00'),
(2913, 371, 1300, 4, '25.00', '100.00'),
(2914, 371, 846, 1, '135.00', '135.00'),
(2915, 371, 903, 1, '17.00', '17.00'),
(2916, 371, 1030, 5, '4.00', '20.00'),
(2917, 371, 1630, 5, '2.00', '10.00'),
(2918, 371, 293, 1, '55.00', '55.00'),
(2919, 371, 1641, 3, '5.00', '15.00'),
(2920, 371, 1286, 1, '110.00', '110.00'),
(2921, 371, 1521, 2, '45.00', '90.00'),
(2922, 371, 1506, 2, '35.00', '70.00'),
(2923, 371, 1680, 5, '7.00', '35.00'),
(2924, 371, 1343, 5, '10.00', '50.00'),
(2928, 373, 1019, 30, '3.00', '90.00'),
(2929, 373, 1013, 30, '3.00', '90.00'),
(2930, 373, 1308, 5, '25.00', '125.00'),
(2931, 373, 1300, 5, '25.00', '125.00'),
(2932, 373, 1611, 4, '32.50', '130.00'),
(2933, 373, 1275, 1, '100.00', '100.00'),
(2934, 373, 1274, 1, '105.00', '105.00'),
(2935, 373, 1268, 1, '155.00', '155.00'),
(2936, 373, 1277, 1, '135.00', '135.00'),
(2937, 373, 458, 6, '70.00', '420.00'),
(2938, 373, 166, 4, '8.00', '32.00'),
(2939, 373, 577, 4, '70.00', '280.00'),
(2940, 374, 323, 20, '6.50', '130.00'),
(2941, 374, 454, 10, '70.00', '700.00'),
(2942, 374, 865, 10, '20.00', '200.00'),
(2943, 374, 8, 2, '90.00', '180.00'),
(2944, 374, 1635, 20, '3.00', '60.00'),
(2945, 374, 504, 15, '40.00', '600.00'),
(2946, 374, 806, 10, '6.50', '65.00'),
(2947, 374, 807, 10, '6.50', '65.00'),
(2948, 374, 805, 10, '29.00', '290.00'),
(2949, 374, 804, 1, '27.00', '27.00'),
(2950, 374, 799, 10, '30.00', '300.00'),
(2955, 376, 274, 4, '25.00', '100.00'),
(2956, 376, 251, 2, '30.00', '60.00'),
(2957, 376, 1167, 2, '30.00', '60.00'),
(2958, 376, 1166, 2, '30.00', '60.00'),
(2959, 376, 1165, 2, '45.00', '90.00'),
(2960, 376, 1443, 4, '37.00', '148.00'),
(2961, 376, 323, 3, '6.50', '19.50'),
(2962, 376, 323, 80, '6.50', '520.00'),
(2963, 377, 169, 1, '1600.00', '1600.00'),
(2964, 377, 513, 1, '100.00', '100.00'),
(2965, 377, 322, 1, '270.00', '270.00'),
(2966, 377, 235, 1, '400.00', '400.00'),
(2967, 377, 185, 1, '40.00', '40.00'),
(2968, 377, 263, 10, '4.00', '40.00'),
(2969, 377, 1615, 10, '3.00', '30.00'),
(2970, 377, 383, 25, '9.60', '240.00'),
(2971, 378, 1638, 10, '3.00', '30.00'),
(2972, 378, 458, 9, '70.00', '630.00'),
(2973, 379, 790, 1, '210.00', '210.00'),
(2974, 379, 1415, 1, '100.00', '100.00'),
(2975, 379, 1429, 1, '45.00', '45.00'),
(2976, 380, 1097, 1, '650.00', '650.00'),
(2977, 380, 596, 2, '30.00', '60.00'),
(2978, 380, 449, 5, '30.00', '150.00'),
(2979, 380, 553, 2, '115.00', '230.00'),
(2980, 380, 1165, 2, '45.00', '90.00'),
(2981, 380, 577, 1, '100.00', '100.00'),
(2982, 380, 251, 2, '25.00', '50.00'),
(2983, 380, 486, 1, '40.00', '40.00'),
(2984, 380, 46, 30, '1.00', '30.00'),
(2985, 381, 340, 20, '13.75', '275.00'),
(2986, 381, 339, 20, '13.75', '275.00'),
(2987, 381, 644, 40, '27.50', '1100.00'),
(2988, 381, 841, 20, '30.00', '600.00'),
(2989, 381, 837, 20, '30.00', '600.00'),
(2990, 381, 1055, 10, '20.00', '200.00'),
(2991, 382, 323, 20, '6.50', '130.00'),
(2992, 383, 512, 2, '15.00', '30.00'),
(2993, 384, 454, 10, '70.00', '700.00'),
(3039, 387, 567, 1, '450.00', '450.00'),
(3040, 387, 1646, 10, '10.00', '100.00'),
(3041, 387, 622, 4, '20.00', '80.00'),
(3042, 387, 633, 2, '40.00', '80.00'),
(3043, 387, 367, 4, '45.00', '180.00'),
(3044, 387, 587, 2, '100.00', '200.00'),
(3045, 387, 769, 1, '250.00', '250.00'),
(3046, 387, 978, 1, '60.00', '60.00'),
(3047, 387, 976, 1, '120.00', '120.00'),
(3048, 387, 1662, 3, '20.00', '60.00'),
(3049, 387, 1611, 3, '35.00', '105.00'),
(3050, 387, 1406, 2, '70.00', '140.00'),
(3051, 387, 1005, 10, '2.50', '25.00'),
(3052, 387, 340, 4, '15.00', '60.00'),
(3053, 387, 339, 4, '15.00', '60.00'),
(3054, 387, 814, 4, '10.00', '40.00'),
(3055, 387, 561, 1, '260.00', '260.00'),
(3056, 387, 1151, 4, '40.00', '160.00'),
(3057, 387, 906, 3, '20.00', '60.00'),
(3058, 387, 706, 4, '20.00', '80.00'),
(3059, 387, 456, 10, '75.00', '750.00'),
(3060, 387, 47, 100, '1.50', '150.00'),
(3061, 387, 1526, 3, '85.00', '255.00'),
(3062, 387, 1521, 4, '100.00', '400.00'),
(3063, 387, 1516, 3, '70.00', '210.00'),
(3064, 387, 1147, 1, '475.00', '475.00'),
(3065, 387, 235, 1, '350.00', '350.00'),
(3066, 387, 445, 12, '10.00', '120.00'),
(3067, 387, 1067, 1, '680.00', '680.00'),
(3068, 387, 458, 6, '70.00', '420.00'),
(3069, 388, 327, 1, '20.00', '20.00'),
(3070, 388, 616, 2, '15.00', '30.00'),
(3071, 388, 551, 1, '35.00', '35.00'),
(3072, 388, 785, 1, '40.00', '40.00'),
(3073, 388, 454, 4, '70.00', '280.00'),
(3074, 388, 624, 1, '15.00', '15.00'),
(3075, 388, 199, 1, '785.00', '785.00'),
(3076, 388, 692, 1, '15.00', '15.00'),
(3077, 388, 673, 1, '10.00', '10.00'),
(3078, 388, 1005, 2, '2.50', '5.00'),
(3079, 388, 808, 1, '20.00', '20.00'),
(3080, 388, 323, 3, '6.67', '20.00'),
(3081, 388, 672, 2, '5.00', '10.00'),
(3082, 388, 767, 1, '150.00', '150.00'),
(3083, 388, 1707, 1, '100.00', '100.00'),
(3084, 388, 1232, 2, '45.00', '90.00'),
(3085, 388, 679, 1, '25.00', '25.00'),
(3086, 388, 673, 4, '10.00', '40.00'),
(3087, 388, 674, 2, '10.00', '20.00'),
(3088, 388, 323, 1, '10.00', '10.00'),
(3089, 388, 1060, 1, '20.00', '20.00'),
(3090, 388, 216, 1, '50.00', '50.00'),
(3091, 388, 218, 1, '10.00', '10.00'),
(3092, 388, 1055, 1, '40.00', '40.00'),
(3093, 388, 806, 1, '15.00', '15.00'),
(3094, 388, 1060, 1, '20.00', '20.00'),
(3095, 388, 1662, 1, '20.00', '20.00'),
(3096, 388, 1004, 2, '2.50', '5.00'),
(3097, 388, 1241, 4, '40.00', '160.00'),
(3098, 388, 490, 1, '100.00', '100.00'),
(3099, 388, 865, 1, '23.00', '23.00'),
(3100, 388, 456, 1, '80.00', '80.00'),
(3101, 388, 228, 1, '60.00', '60.00'),
(3102, 388, 1155, 1, '580.00', '580.00'),
(3107, 390, 577, 3, '80.00', '240.00'),
(3108, 390, 250, 1, '70.00', '70.00'),
(3109, 390, 1052, 1, '55.00', '55.00'),
(3110, 391, 379, 1, '350.00', '350.00'),
(3111, 391, 809, 1, '20.00', '20.00'),
(3112, 391, 171, 1, '20.00', '20.00'),
(3113, 391, 805, 1, '30.00', '30.00'),
(3114, 391, 804, 1, '30.00', '30.00'),
(3115, 391, 803, 1, '50.00', '50.00'),
(3116, 391, 113, 1, '85.00', '85.00'),
(3117, 391, 1077, 1, '15.00', '15.00'),
(3118, 392, 1218, 1, '1700.00', '1700.00'),
(3119, 392, 771, 1, '1100.00', '1100.00'),
(3120, 393, 450, 2, '45.00', '90.00'),
(3121, 393, 676, 1, '20.00', '20.00'),
(3122, 393, 678, 1, '20.00', '20.00'),
(3123, 393, 1610, 1, '40.00', '40.00'),
(3124, 393, 867, 1, '20.00', '20.00'),
(3125, 393, 863, 1, '10.00', '10.00'),
(3126, 393, 1106, 1, '600.00', '600.00'),
(3127, 393, 618, 1, '10.00', '10.00'),
(3128, 393, 594, 2, '75.00', '150.00'),
(3129, 393, 595, 2, '75.00', '150.00'),
(3130, 393, 758, 1, '100.00', '100.00'),
(3131, 393, 577, 1, '80.00', '80.00'),
(3132, 393, 553, 2, '110.00', '220.00'),
(3133, 393, 1362, 1, '30.00', '30.00'),
(3134, 393, 407, 1, '35.00', '35.00'),
(3135, 394, 17, 1, '90.00', '90.00'),
(3136, 395, 776, 1, '250.00', '250.00'),
(3137, 396, 846, 1, '140.00', '140.00'),
(3138, 396, 1089, 1, '160.00', '160.00'),
(3139, 396, 1372, 10, '0.50', '5.00'),
(3140, 396, 1195, 1, '25.00', '25.00'),
(3141, 396, 615, 1, '15.00', '15.00'),
(3142, 396, 188, 1, '130.00', '130.00'),
(3143, 396, 1325, 2, '20.00', '40.00'),
(3144, 396, 905, 1, '30.00', '30.00'),
(3145, 396, 744, 1, '50.00', '50.00'),
(3146, 397, 169, 1, '1860.00', '1860.00'),
(3147, 398, 1376, 10, '3.00', '30.00'),
(3148, 398, 1325, 1, '20.00', '20.00'),
(3149, 398, 757, 1, '10.00', '10.00'),
(3150, 399, 1291, 4, '25.00', '100.00'),
(3151, 399, 593, 2, '13.75', '27.50'),
(3152, 400, 877, 10, '10.00', '100.00'),
(3153, 400, 879, 10, '11.00', '110.00'),
(3154, 400, 1311, 1, '350.00', '350.00'),
(3155, 400, 1089, 2, '160.00', '320.00'),
(3156, 400, 863, 10, '7.00', '70.00'),
(3157, 400, 622, 12, '16.00', '192.00'),
(3158, 400, 373, 1, '165.00', '165.00'),
(3159, 400, 1024, 20, '3.50', '70.00'),
(3160, 400, 1019, 20, '3.00', '60.00'),
(3161, 400, 203, 1, '400.00', '400.00'),
(3162, 400, 561, 2, '250.00', '500.00'),
(3163, 400, 1240, 4, '40.00', '160.00'),
(3164, 400, 1244, 4, '45.00', '180.00'),
(3165, 400, 960, 4, '55.00', '220.00'),
(3166, 400, 693, 10, '11.50', '115.00'),
(3167, 400, 672, 20, '4.50', '90.00'),
(3168, 400, 577, 6, '70.00', '420.00'),
(3169, 400, 158, 12, '5.00', '60.00'),
(3170, 400, 684, 4, '70.00', '280.00'),
(3171, 400, 1155, 1, '520.00', '520.00'),
(3172, 400, 727, 4, '35.00', '140.00'),
(3173, 401, 1325, 3, '20.00', '60.00'),
(3177, 403, 594, 2, '70.00', '140.00'),
(3178, 403, 992, 1, '14.00', '14.00'),
(3179, 404, 809, 1, '20.00', '20.00'),
(3180, 404, 805, 1, '30.00', '30.00'),
(3181, 404, 804, 1, '30.00', '30.00'),
(3182, 404, 803, 1, '50.00', '50.00'),
(3183, 404, 511, 1, '10.00', '10.00'),
(3184, 404, 171, 1, '15.00', '15.00'),
(3185, 404, 1377, 5, '0.50', '2.50'),
(3186, 404, 1372, 5, '0.50', '2.50'),
(3187, 404, 1077, 1, '15.00', '15.00'),
(3188, 404, 1195, 1, '25.00', '25.00'),
(3189, 405, 1378, 6, '3.33', '20.00'),
(3190, 405, 811, 1, '60.00', '60.00'),
(3191, 405, 1410, 1, '100.00', '100.00'),
(3192, 405, 577, 2, '90.00', '180.00'),
(3193, 406, 1505, 2, '40.00', '80.00'),
(3194, 406, 1651, 1, '13.00', '13.00'),
(3195, 407, 1237, 2, '125.00', '250.00'),
(3196, 407, 758, 1, '270.00', '270.00'),
(3197, 408, 863, 4, '10.00', '40.00'),
(3198, 408, 865, 1, '25.00', '25.00'),
(3199, 408, 1562, 1, '10.00', '10.00'),
(3200, 408, 1702, 1, '25.00', '25.00'),
(3201, 408, 1197, 1, '25.00', '25.00'),
(3202, 408, 171, 1, '20.00', '20.00'),
(3203, 408, 1157, 1, '450.00', '450.00'),
(3204, 408, 1372, 10, '0.50', '5.00'),
(3205, 409, 1030, 1, '5.00', '5.00'),
(3206, 409, 1372, 10, '0.50', '5.00'),
(3207, 409, 459, 2, '55.00', '110.00'),
(3208, 410, 588, 1, '100.00', '100.00'),
(3209, 410, 228, 1, '55.00', '55.00'),
(3210, 410, 171, 1, '20.00', '20.00'),
(3211, 410, 1702, 1, '25.00', '25.00'),
(3212, 411, 340, 4, '15.00', '60.00'),
(3213, 411, 339, 4, '15.00', '60.00'),
(3214, 411, 1046, 1, '10.00', '10.00'),
(3215, 411, 809, 1, '20.00', '20.00'),
(3216, 411, 672, 4, '7.50', '30.00'),
(3234, 413, 171, 1, '20.00', '20.00'),
(3235, 413, 327, 1, '15.00', '15.00'),
(3236, 413, 808, 1, '20.00', '20.00'),
(3237, 413, 1077, 1, '15.00', '15.00'),
(3238, 413, 155, 1, '10.00', '10.00'),
(3239, 413, 95, 1, '140.00', '140.00'),
(3240, 413, 736, 2, '25.00', '50.00'),
(3241, 413, 1006, 2, '2.50', '5.00'),
(3242, 413, 979, 1, '60.00', '60.00'),
(3243, 413, 980, 1, '50.00', '50.00'),
(3244, 413, 554, 1, '70.00', '70.00'),
(3245, 413, 226, 1, '53.00', '53.00'),
(3246, 413, 577, 1, '90.00', '90.00'),
(3247, 413, 407, 1, '30.00', '30.00'),
(3248, 413, 1162, 2, '450.00', '900.00'),
(3249, 413, 454, 30, '70.00', '2100.00'),
(3250, 413, 1508, 2, '25.00', '50.00'),
(3251, 413, 1566, 5, '10.00', '50.00'),
(3252, 413, 1568, 5, '10.00', '50.00'),
(3253, 413, 866, 10, '8.00', '80.00'),
(3254, 413, 863, 5, '8.00', '40.00'),
(3255, 413, 1306, 10, '16.00', '160.00'),
(3256, 413, 1622, 1, '110.00', '110.00'),
(3257, 413, 676, 1, '20.00', '20.00'),
(3258, 413, 171, 1, '20.00', '20.00'),
(3259, 413, 1055, 1, '25.00', '25.00'),
(3260, 413, 718, 2, '40.00', '80.00'),
(3261, 413, 1554, 1, '75.00', '75.00'),
(3262, 413, 1221, 1, '2800.00', '2800.00'),
(3263, 414, 182, 1, '1500.00', '1500.00'),
(3264, 414, 800, 4, '2.50', '10.00'),
(3265, 414, 1068, 1, '15.00', '15.00'),
(3266, 414, 633, 1, '45.00', '45.00'),
(3272, 416, 454, 15, '70.00', '1050.00'),
(3273, 416, 455, 5, '80.00', '400.00'),
(3274, 416, 456, 15, '75.00', '1125.00'),
(3275, 416, 836, 24, '28.00', '672.00'),
(3276, 416, 840, 24, '28.00', '672.00'),
(3277, 416, 1665, 1, '495.00', '495.00'),
(3279, 418, 143, 2, '5.00', '10.00'),
(3483, 423, 1106, 8, '600.00', '4800.00'),
(3484, 423, 568, 4, '450.00', '1800.00'),
(3485, 423, 567, 2, '450.00', '900.00'),
(3486, 423, 584, 2, '100.00', '200.00'),
(3487, 423, 1244, 8, '45.00', '360.00'),
(3488, 423, 1308, 10, '25.00', '250.00'),
(3489, 423, 1300, 10, '25.00', '250.00'),
(3490, 423, 1065, 10, '7.00', '70.00'),
(3491, 423, 644, 12, '27.50', '330.00'),
(3492, 423, 841, 20, '30.00', '600.00'),
(3493, 423, 527, 40, '7.50', '300.00'),
(3494, 423, 1337, 3, '60.00', '180.00'),
(3495, 423, 436, 1, '155.00', '155.00'),
(3496, 423, 250, 2, '60.00', '120.00'),
(3497, 423, 1616, 10, '4.00', '40.00'),
(3498, 423, 21, 1, '47.00', '47.00'),
(3499, 423, 1177, 1, '400.00', '400.00'),
(3500, 423, 521, 2, '65.00', '130.00'),
(3501, 423, 182, 1, '1360.00', '1360.00'),
(3502, 423, 976, 1, '120.00', '120.00'),
(3503, 423, 235, 1, '350.00', '350.00'),
(3504, 423, 513, 2, '60.00', '120.00'),
(3505, 423, 1131, 2, '40.00', '80.00'),
(3506, 423, 1417, 2, '100.00', '200.00'),
(3507, 423, 1406, 2, '70.00', '140.00'),
(3508, 423, 1412, 1, '155.00', '155.00'),
(3509, 423, 934, 2, '195.00', '390.00'),
(3510, 423, 203, 1, '300.00', '300.00'),
(3511, 423, 894, 10, '13.00', '130.00'),
(3512, 423, 1637, 10, '2.50', '25.00'),
(3513, 423, 411, 1, '70.00', '70.00'),
(3514, 423, 790, 1, '210.00', '210.00'),
(3515, 423, 1207, 10, '22.00', '220.00'),
(3516, 423, 116, 1, '100.00', '100.00'),
(3517, 423, 117, 1, '65.00', '65.00'),
(3518, 423, 340, 12, '13.75', '165.00'),
(3519, 423, 339, 12, '13.75', '165.00'),
(3520, 423, 341, 12, '10.00', '120.00'),
(3521, 423, 342, 12, '10.00', '120.00'),
(3522, 423, 337, 12, '12.50', '150.00'),
(3523, 423, 338, 12, '12.50', '150.00'),
(3524, 423, 1062, 10, '10.00', '100.00'),
(3525, 423, 1519, 5, '35.00', '175.00'),
(3526, 423, 1524, 5, '65.00', '325.00'),
(3527, 423, 1515, 5, '40.00', '200.00'),
(3528, 423, 1629, 50, '1.00', '50.00'),
(3529, 423, 1707, 1, '100.00', '100.00'),
(3530, 423, 594, 2, '72.00', '144.00'),
(3531, 423, 595, 2, '72.00', '144.00'),
(3532, 423, 480, 1, '250.00', '250.00'),
(3533, 423, 377, 5, '300.00', '1500.00'),
(3534, 423, 1294, 8, '30.00', '240.00'),
(3535, 423, 1701, 2, '160.00', '320.00'),
(3536, 423, 800, 5, '6.00', '30.00'),
(3537, 423, 995, 20, '5.00', '100.00'),
(3538, 423, 684, 4, '70.00', '280.00'),
(3539, 423, 676, 10, '17.00', '170.00'),
(3540, 423, 679, 10, '18.00', '180.00'),
(3541, 423, 1157, 2, '450.00', '900.00'),
(3542, 423, 63, 2, '45.00', '90.00'),
(3543, 423, 1089, 2, '160.00', '320.00'),
(3544, 423, 16, 1, '115.00', '115.00'),
(3545, 423, 96, 2, '150.00', '300.00'),
(3546, 423, 362, 2, '140.00', '280.00'),
(3547, 423, 363, 2, '180.00', '360.00'),
(3548, 423, 361, 2, '350.00', '700.00'),
(3549, 423, 1340, 2, '90.00', '180.00'),
(3550, 423, 112, 1, '100.00', '100.00'),
(3551, 423, 113, 1, '70.00', '70.00'),
(3552, 423, 1238, 4, '25.00', '100.00'),
(3553, 423, 1387, 10, '20.00', '200.00'),
(3554, 423, 554, 4, '70.00', '280.00'),
(3555, 423, 600, 1, '60.00', '60.00'),
(3556, 423, 1069, 3, '30.00', '90.00'),
(3557, 423, 1372, 500, '0.20', '100.00'),
(3558, 423, 1155, 1, '520.00', '520.00'),
(3559, 423, 1311, 1, '350.00', '350.00'),
(3560, 423, 1380, 100, '2.50', '250.00'),
(3561, 423, 875, 10, '8.00', '80.00'),
(3562, 423, 60, 2, '28.00', '56.00'),
(3563, 423, 1029, 10, '3.50', '35.00'),
(3564, 423, 1563, 10, '10.00', '100.00'),
(3565, 423, 724, 20, '8.00', '160.00'),
(3566, 423, 671, 20, '4.00', '80.00'),
(3567, 423, 670, 20, '3.50', '70.00'),
(3568, 423, 674, 10, '9.50', '95.00'),
(3569, 423, 702, 3, '85.00', '255.00'),
(3570, 423, 1456, 2, '70.00', '140.00'),
(3571, 423, 1568, 10, '12.00', '120.00'),
(3572, 423, 1162, 2, '450.00', '900.00'),
(3573, 423, 482, 2, '220.00', '440.00'),
(3574, 423, 1092, 1, '325.00', '325.00'),
(3575, 423, 1624, 1, '160.00', '160.00'),
(3576, 423, 622, 12, '16.00', '192.00'),
(3577, 423, 582, 1, '740.00', '740.00'),
(3578, 423, 57, 10, '7.00', '70.00'),
(3579, 423, 1611, 10, '32.00', '320.00'),
(3580, 423, 442, 9, '20.00', '180.00'),
(3581, 423, 82, 1, '100.00', '100.00'),
(3582, 423, 978, 2, '55.00', '110.00'),
(3583, 423, 1096, 2, '25.00', '50.00'),
(3584, 423, 1454, 2, '60.00', '120.00'),
(3585, 423, 1133, 2, '25.00', '50.00'),
(3586, 423, 215, 4, '20.00', '80.00'),
(3587, 423, 213, 4, '22.00', '88.00'),
(3588, 423, 190, 5, '13.00', '65.00'),
(3589, 423, 400, 4, '100.00', '400.00'),
(3590, 423, 42, 32, '18.00', '576.00'),
(3591, 424, 672, 10, '4.50', '45.00'),
(3592, 424, 673, 10, '5.50', '55.00'),
(3593, 424, 674, 10, '9.50', '95.00'),
(3594, 424, 692, 10, '8.00', '80.00'),
(3595, 425, 672, 10, '4.50', '45.00'),
(3596, 425, 673, 10, '5.50', '55.00'),
(3597, 425, 674, 10, '9.50', '95.00'),
(3598, 425, 692, 10, '8.00', '80.00'),
(3599, 426, 1720, 100, '2.00', '200.00'),
(3600, 426, 1719, 20, '3.00', '60.00'),
(3601, 426, 1092, 1, '325.00', '325.00'),
(3602, 426, 1030, 20, '4.00', '80.00'),
(3603, 426, 1031, 20, '4.00', '80.00'),
(3604, 426, 1005, 20, '2.50', '50.00'),
(3605, 426, 607, 4, '36.00', '144.00'),
(3606, 426, 327, 8, '15.00', '120.00'),
(3607, 426, 42, 18, '20.00', '360.00'),
(3608, 426, 1718, 150, '3.00', '450.00'),
(3609, 427, 1053, 1, '36.00', '36.00'),
(3610, 427, 1040, 1, '10.00', '10.00'),
(3611, 427, 323, 130, '6.70', '871.00'),
(3612, 428, 29, 1, '900.00', '900.00'),
(3613, 428, 272, 2, '70.00', '140.00'),
(3614, 428, 263, 5, '4.00', '20.00'),
(3615, 429, 668, 2, '34.50', '69.00'),
(3616, 429, 666, 4, '27.25', '109.00'),
(3617, 429, 662, 2, '19.50', '39.00'),
(3618, 429, 60, 2, '28.75', '57.50'),
(3619, 429, 515, 1, '82.00', '82.00'),
(3620, 429, 1077, 1, '10.00', '10.00'),
(3621, 429, 517, 1, '40.00', '40.00'),
(3640, 432, 618, 1, '20.00', '20.00'),
(3641, 432, 1697, 1, '310.00', '310.00'),
(3642, 432, 992, 1, '20.00', '20.00'),
(3643, 432, 1019, 2, '5.00', '10.00'),
(3644, 432, 1399, 1, '250.00', '250.00'),
(3645, 432, 1363, 1, '10.00', '10.00'),
(3646, 432, 1162, 1, '550.00', '550.00'),
(3647, 432, 1024, 2, '5.00', '10.00'),
(3648, 432, 1286, 1, '100.00', '100.00'),
(3649, 432, 449, 2, '30.00', '60.00'),
(3650, 432, 397, 1, '10.00', '10.00'),
(3651, 432, 1055, 1, '20.00', '20.00'),
(3652, 432, 867, 1, '20.00', '20.00'),
(3653, 432, 815, 1, '20.00', '20.00'),
(3654, 432, 1306, 1, '20.00', '20.00'),
(3655, 432, 800, 4, '5.00', '20.00'),
(3656, 432, 296, 1, '60.00', '60.00'),
(3657, 432, 47, 7, '1.50', '10.50'),
(3658, 432, 865, 1, '25.00', '25.00'),
(3659, 432, 79, 1, '300.00', '300.00'),
(3660, 432, 18, 1, '110.00', '110.00'),
(3661, 432, 1308, 1, '25.00', '25.00'),
(3662, 432, 1241, 2, '40.00', '80.00'),
(3663, 432, 97, 1, '150.00', '150.00'),
(3664, 432, 96, 1, '150.00', '150.00'),
(3665, 432, 53, 2, '40.00', '80.00'),
(3666, 432, 1117, 1, '180.00', '180.00'),
(3667, 432, 1635, 2, '5.00', '10.00'),
(3668, 432, 190, 1, '20.00', '20.00'),
(3669, 432, 943, 2, '35.00', '70.00'),
(3670, 432, 1306, 1, '15.00', '15.00'),
(3671, 432, 1377, 10, '0.50', '5.00'),
(3672, 432, 1372, 10, '0.50', '5.00'),
(3673, 432, 767, 1, '155.00', '155.00'),
(3674, 432, 865, 1, '25.00', '25.00'),
(3675, 433, 300, 1, '1000.00', '1000.00'),
(3676, 433, 113, 1, '100.00', '100.00'),
(3677, 434, 265, 2, '20.00', '40.00'),
(3678, 434, 1162, 1, '450.00', '450.00'),
(3679, 434, 1343, 1, '15.00', '15.00'),
(3680, 434, 591, 5, '20.00', '100.00'),
(3684, 436, 499, 1, '90.00', '90.00'),
(3685, 436, 863, 2, '6.25', '12.50'),
(3686, 436, 834, 1, '34.00', '34.00'),
(3687, 437, 1289, 1, '130.00', '130.00'),
(3688, 437, 350, 4, '70.00', '280.00'),
(3689, 437, 1470, 1, '160.00', '160.00'),
(3690, 437, 627, 17, '50.00', '850.00'),
(3691, 437, 625, 20, '23.00', '460.00'),
(3692, 437, 1303, 1, '40.00', '40.00'),
(3693, 438, 1691, 1, '10.00', '10.00'),
(3694, 438, 846, 1, '140.00', '140.00'),
(3695, 438, 327, 1, '20.00', '20.00'),
(3696, 438, 171, 1, '20.00', '20.00'),
(3697, 438, 1505, 1, '40.00', '40.00'),
(3698, 438, 330, 1, '50.00', '50.00'),
(3699, 438, 1521, 1, '50.00', '50.00'),
(3700, 438, 47, 20, '1.50', '30.00'),
(3701, 438, 458, 4, '80.00', '320.00'),
(3702, 438, 215, 1, '20.00', '20.00'),
(3703, 438, 1227, 2, '20.00', '40.00'),
(3704, 438, 1385, 4, '1.00', '4.00'),
(3705, 438, 424, 1, '30.00', '30.00'),
(3706, 438, 1323, 1, '380.00', '380.00'),
(3707, 438, 1239, 2, '33.00', '66.00'),
(3708, 438, 692, 1, '15.00', '15.00'),
(3709, 438, 693, 1, '15.00', '15.00'),
(3710, 438, 1010, 1, '5.00', '5.00'),
(3711, 438, 614, 1, '15.00', '15.00'),
(3712, 438, 22, 6, '140.00', '840.00'),
(3713, 438, 456, 5, '75.00', '375.00'),
(3714, 438, 679, 4, '20.00', '80.00'),
(3715, 438, 694, 1, '25.00', '25.00'),
(3716, 438, 714, 1, '20.00', '20.00'),
(3717, 438, 1019, 1, '5.00', '5.00'),
(3718, 438, 1040, 1, '10.00', '10.00'),
(3719, 439, 1216, 1, '190.00', '190.00'),
(3720, 439, 1419, 1, '150.00', '150.00'),
(3721, 439, 1409, 1, '20.00', '20.00'),
(3722, 439, 166, 1, '10.00', '10.00'),
(3743, 442, 1662, 2, '20.00', '40.00'),
(3744, 442, 1030, 10, '5.00', '50.00'),
(3745, 442, 1017, 10, '3.50', '35.00'),
(3746, 442, 477, 10, '10.00', '100.00'),
(3747, 442, 472, 10, '6.00', '60.00'),
(3748, 442, 250, 2, '70.00', '140.00'),
(3749, 442, 1384, 5, '20.00', '100.00'),
(3750, 442, 736, 6, '25.00', '150.00'),
(3751, 442, 744, 2, '100.00', '200.00'),
(3752, 442, 746, 2, '65.00', '130.00'),
(3753, 442, 1697, 1, '330.00', '330.00'),
(3754, 442, 846, 2, '140.00', '280.00'),
(3755, 442, 442, 4, '20.00', '80.00'),
(3756, 442, 1095, 6, '5.00', '30.00'),
(3757, 442, 806, 5, '7.00', '35.00'),
(3758, 442, 807, 5, '8.00', '40.00'),
(3759, 442, 808, 4, '20.00', '80.00'),
(3760, 442, 1607, 2, '90.00', '180.00'),
(3761, 442, 1567, 5, '10.00', '50.00'),
(3762, 442, 1566, 5, '10.00', '50.00'),
(3763, 442, 1629, 30, '1.00', '30.00'),
(3764, 442, 865, 10, '20.00', '200.00'),
(3765, 442, 56, 10, '7.00', '70.00'),
(3766, 442, 1062, 5, '8.00', '40.00'),
(3767, 442, 46, 100, '1.00', '100.00'),
(3768, 442, 1306, 6, '25.00', '150.00'),
(3769, 442, 524, 1, '792.00', '792.00'),
(3770, 442, 426, 10, '10.00', '100.00'),
(3771, 442, 1290, 1, '845.00', '845.00'),
(3772, 442, 452, 3, '30.00', '90.00'),
(3773, 443, 1090, 1, '275.00', '275.00'),
(3774, 443, 1300, 1, '25.00', '25.00'),
(3775, 444, 1216, 1, '190.00', '190.00'),
(3776, 444, 1419, 1, '150.00', '150.00'),
(3777, 444, 1409, 1, '120.00', '120.00'),
(3778, 444, 166, 1, '10.00', '10.00'),
(3779, 445, 148, 1, '250.00', '250.00'),
(3780, 445, 21, 1, '50.00', '50.00'),
(3781, 445, 1300, 1, '30.00', '30.00'),
(3793, 448, 1238, 2, '25.00', '50.00'),
(3794, 448, 1013, 2, '5.00', '10.00'),
(3795, 448, 1340, 1, '90.00', '90.00'),
(3796, 448, 1300, 2, '22.50', '45.00'),
(3797, 448, 829, 1, '600.00', '600.00'),
(3798, 448, 171, 2, '20.00', '40.00'),
(3799, 448, 1504, 2, '25.00', '50.00'),
(3800, 448, 1300, 2, '25.00', '50.00'),
(3801, 448, 976, 1, '120.00', '120.00'),
(3802, 448, 1238, 2, '25.00', '50.00'),
(3803, 448, 1506, 2, '37.50', '75.00'),
(3804, 448, 1521, 2, '45.00', '90.00'),
(3805, 448, 53, 1, '40.00', '40.00'),
(3806, 448, 1635, 2, '5.00', '10.00'),
(3807, 448, 1646, 4, '10.00', '40.00'),
(3808, 448, 1644, 2, '10.00', '20.00'),
(3809, 448, 531, 1, '60.00', '60.00'),
(3810, 448, 1196, 1, '50.00', '50.00'),
(3811, 448, 1192, 1, '50.00', '50.00'),
(3812, 448, 213, 2, '20.00', '40.00'),
(3813, 448, 591, 5, '20.00', '100.00'),
(3814, 448, 1162, 1, '430.00', '430.00'),
(3815, 448, 591, 2, '20.00', '40.00'),
(3816, 449, 1505, 2, '40.00', '80.00'),
(3817, 450, 1629, 2, '2.00', '4.00'),
(3818, 450, 1630, 1, '2.00', '2.00'),
(3819, 450, 868, 1, '10.00', '10.00'),
(3820, 450, 869, 1, '10.00', '10.00'),
(3821, 450, 551, 1, '50.00', '50.00'),
(3822, 450, 1633, 3, '3.00', '9.00'),
(3823, 450, 1632, 1, '4.00', '4.00'),
(3824, 450, 114, 1, '150.00', '150.00'),
(3825, 450, 115, 1, '150.00', '150.00'),
(3826, 450, 1062, 1, '10.00', '10.00'),
(3827, 450, 805, 1, '30.00', '30.00'),
(3828, 450, 804, 1, '30.00', '30.00'),
(3829, 450, 809, 1, '20.00', '20.00'),
(3830, 450, 583, 1, '15.00', '15.00'),
(3831, 450, 634, 1, '60.00', '60.00'),
(3832, 450, 1046, 1, '10.00', '10.00'),
(3833, 450, 1019, 1, '4.00', '4.00'),
(3834, 450, 995, 1, '6.00', '6.00'),
(3835, 450, 511, 1, '55.00', '55.00'),
(3836, 450, 1697, 1, '300.00', '300.00'),
(3837, 450, 865, 1, '25.00', '25.00'),
(3838, 450, 1377, 15, '0.50', '7.50'),
(3839, 450, 1372, 10, '0.50', '5.00'),
(3840, 450, 1698, 1, '450.00', '450.00'),
(3841, 450, 1077, 1, '15.00', '15.00'),
(3842, 450, 171, 3, '20.00', '60.00'),
(3843, 451, 568, 1, '450.00', '450.00'),
(3844, 452, 1429, 1, '85.00', '85.00'),
(3845, 452, 606, 2, '15.00', '30.00'),
(3846, 452, 1095, 3, '5.00', '15.00'),
(3847, 453, 1332, 2, '20.00', '40.00'),
(3848, 454, 182, 1, '1360.00', '1360.00'),
(3849, 454, 201, 1, '510.00', '510.00'),
(3850, 454, 1117, 1, '180.00', '180.00'),
(3851, 454, 1514, 1, '50.00', '50.00'),
(3852, 454, 46, 20, '1.00', '20.00'),
(3853, 454, 558, 1, '70.00', '70.00'),
(3854, 454, 1641, 5, '3.00', '15.00'),
(3855, 454, 1645, 1, '6.00', '6.00'),
(3856, 454, 1635, 2, '3.00', '6.00'),
(3857, 454, 1227, 1, '10.00', '10.00'),
(3858, 455, 597, 1, '30.00', '30.00'),
(3859, 455, 1062, 2, '10.00', '20.00'),
(3860, 456, 1625, 1, '100.00', '100.00'),
(3861, 457, 1409, 2, '100.00', '200.00'),
(3862, 457, 1407, 1, '145.00', '145.00'),
(3863, 457, 1419, 1, '130.00', '130.00'),
(3864, 457, 1412, 1, '145.00', '145.00'),
(3865, 457, 1418, 1, '120.00', '120.00'),
(3866, 457, 1429, 2, '60.00', '120.00'),
(3867, 457, 16, 1, '110.00', '110.00'),
(3868, 458, 323, 20, '6.50', '130.00'),
(3869, 458, 1721, 10, '10.00', '100.00'),
(3870, 458, 405, 2, '35.00', '70.00'),
(3871, 458, 406, 12, '32.00', '384.00'),
(3872, 458, 554, 6, '70.00', '420.00'),
(3873, 458, 1275, 6, '100.00', '600.00'),
(3874, 458, 1293, 3, '30.00', '90.00'),
(3875, 458, 541, 40, '6.00', '240.00'),
(3876, 458, 543, 40, '6.00', '240.00'),
(3877, 458, 1224, 2, '100.00', '200.00'),
(3878, 458, 425, 3, '20.00', '60.00'),
(3879, 458, 424, 3, '20.00', '60.00'),
(3880, 458, 1320, 6, '20.00', '120.00'),
(3881, 458, 1680, 20, '7.00', '140.00'),
(3882, 458, 1672, 3, '120.00', '360.00'),
(3883, 458, 1669, 6, '55.00', '330.00'),
(3884, 458, 1360, 1, '140.00', '140.00'),
(3885, 458, 1722, 5, '10.00', '50.00'),
(3886, 458, 860, 4, '15.00', '60.00'),
(3887, 458, 1723, 2, '55.00', '110.00'),
(3888, 458, 1241, 4, '40.00', '160.00'),
(3889, 458, 805, 10, '29.00', '290.00'),
(3890, 458, 1678, 10, '55.00', '550.00'),
(3891, 458, 404, 2, '60.00', '120.00'),
(3892, 458, 1055, 10, '20.00', '200.00'),
(3893, 458, 1054, 10, '15.00', '150.00'),
(3916, 460, 1646, 2, '10.00', '20.00'),
(3917, 460, 1017, 2, '3.50', '7.00'),
(3918, 460, 767, 1, '160.00', '160.00'),
(3919, 460, 323, 1, '10.00', '10.00'),
(3920, 460, 583, 1, '10.00', '10.00'),
(3921, 460, 809, 1, '20.00', '20.00'),
(3922, 460, 759, 1, '160.00', '160.00'),
(3923, 460, 895, 1, '15.00', '15.00'),
(3924, 460, 862, 4, '3.50', '14.00'),
(3925, 460, 323, 1, '10.00', '10.00'),
(3926, 460, 1067, 1, '10.00', '10.00'),
(3927, 460, 1054, 1, '15.00', '15.00'),
(3928, 460, 644, 4, '30.00', '120.00'),
(3929, 460, 843, 4, '37.50', '150.00'),
(3930, 460, 513, 1, '75.00', '75.00'),
(3931, 460, 1389, 1, '250.00', '250.00'),
(3932, 460, 1019, 1, '3.00', '3.00'),
(3933, 460, 995, 1, '7.00', '7.00'),
(3934, 460, 803, 1, '50.00', '50.00'),
(3935, 460, 327, 1, '18.00', '18.00'),
(3936, 460, 863, 2, '10.00', '20.00'),
(3937, 461, 1089, 1, '170.00', '170.00'),
(3938, 461, 634, 2, '50.00', '100.00'),
(3939, 461, 47, 10, '1.50', '15.00'),
(3940, 462, 1420, 1, '180.00', '180.00'),
(3941, 462, 1407, 1, '150.00', '150.00'),
(3942, 462, 1412, 1, '170.00', '170.00'),
(3943, 462, 1410, 1, '100.00', '100.00'),
(3944, 462, 58, 1, '30.00', '30.00'),
(3945, 462, 1607, 1, '90.00', '90.00'),
(3946, 462, 61, 1, '150.00', '150.00'),
(3947, 462, 409, 1, '40.00', '40.00'),
(3948, 462, 1417, 1, '120.00', '120.00'),
(3949, 463, 1687, 1, '760.00', '760.00'),
(3950, 464, 1687, 1, '650.00', '650.00'),
(3951, 465, 1687, 1, '150.00', '150.00'),
(3952, 466, 1687, 1, '1000.00', '1000.00'),
(3953, 467, 1687, 1, '1050.00', '1050.00'),
(3954, 468, 1687, 1, '2300.00', '2300.00'),
(3955, 469, 1687, 1, '140.00', '140.00'),
(3956, 470, 1687, 1, '770.00', '770.00'),
(3957, 471, 1687, 1, '400.00', '400.00'),
(3958, 472, 1687, 1, '170.00', '170.00'),
(3959, 473, 1687, 1, '500.00', '500.00'),
(3960, 474, 829, 1, '600.00', '600.00'),
(3961, 475, 1687, 1, '420.00', '420.00'),
(3962, 476, 1687, 1, '300.00', '300.00'),
(3963, 477, 1687, 1, '530.00', '530.00'),
(3964, 478, 1687, 1, '1000.00', '1000.00'),
(3965, 479, 1687, 1, '480.00', '480.00'),
(3966, 480, 1687, 1, '520.00', '520.00'),
(3967, 481, 1687, 1, '950.00', '950.00'),
(3968, 482, 1687, 1, '950.00', '950.00'),
(3969, 483, 1687, 1, '475.00', '475.00'),
(3970, 484, 1687, 1, '600.00', '600.00'),
(3971, 485, 1687, 1, '500.00', '500.00'),
(3972, 486, 1687, 1, '1370.00', '1370.00'),
(3973, 487, 1687, 1, '700.00', '700.00'),
(3974, 488, 1687, 1, '700.00', '700.00'),
(3975, 489, 1687, 1, '50.00', '50.00'),
(3976, 490, 1687, 1, '300.00', '300.00'),
(3977, 491, 1687, 1, '120.00', '120.00'),
(3978, 492, 1687, 1, '80.00', '80.00'),
(3979, 493, 1687, 1, '140.00', '140.00'),
(3980, 494, 1687, 1, '1866.00', '1866.00'),
(3981, 495, 1687, 1, '365.00', '365.00'),
(3982, 496, 1687, 1, '70.00', '70.00'),
(3983, 497, 1687, 1, '298.00', '298.00'),
(3984, 498, 1687, 1, '825.00', '825.00'),
(3985, 499, 1687, 1, '1305.00', '1305.00'),
(3986, 500, 1687, 1, '1030.00', '1030.00'),
(3987, 501, 1687, 1, '2500.00', '2500.00'),
(3988, 502, 859, 1, '26.00', '26.00'),
(3989, 502, 60, 2, '30.00', '60.00'),
(3990, 503, 1220, 1, '2500.00', '2500.00'),
(3991, 503, 1687, 1, '1200.00', '1200.00'),
(3992, 504, 1687, 1, '1536.00', '1536.00'),
(3993, 505, 693, 8, '16.00', '128.00'),
(3994, 506, 182, 1, '1360.00', '1360.00'),
(3995, 506, 898, 3, '25.00', '75.00'),
(3996, 506, 97, 1, '150.00', '150.00'),
(3997, 507, 1702, 4, '20.00', '80.00'),
(3998, 507, 445, 9, '10.00', '90.00'),
(3999, 507, 44, 9, '8.00', '72.00'),
(4000, 507, 215, 5, '20.00', '100.00'),
(4001, 507, 1610, 3, '36.00', '108.00'),
(4002, 507, 458, 6, '75.00', '450.00'),
(4003, 507, 266, 3, '18.00', '54.00'),
(4004, 507, 746, 2, '60.00', '120.00'),
(4005, 507, 101, 1, '160.00', '160.00'),
(4006, 507, 1469, 1, '160.00', '160.00'),
(4007, 507, 1725, 2, '30.00', '60.00'),
(4008, 507, 1724, 2, '35.00', '70.00'),
(4009, 508, 767, 2, '140.00', '280.00'),
(4010, 508, 293, 5, '55.00', '275.00'),
(4011, 508, 1144, 5, '40.00', '200.00'),
(4037, 510, 1387, 10, '20.00', '200.00'),
(4038, 510, 1545, 6, '41.00', '246.00'),
(4039, 510, 644, 8, '27.50', '220.00'),
(4040, 510, 1286, 1, '110.00', '110.00'),
(4041, 510, 796, 1, '95.00', '95.00'),
(4042, 510, 1567, 10, '10.00', '100.00'),
(4043, 510, 1568, 10, '12.00', '120.00'),
(4044, 510, 134, 1, '60.00', '60.00'),
(4045, 510, 296, 3, '55.00', '165.00'),
(4046, 510, 1001, 20, '2.50', '50.00'),
(4047, 510, 685, 4, '47.00', '188.00'),
(4048, 510, 672, 20, '4.50', '90.00'),
(4049, 510, 1038, 4, '10.50', '42.00'),
(4050, 510, 174, 4, '140.00', '560.00'),
(4051, 510, 367, 8, '40.00', '320.00'),
(4052, 510, 1455, 2, '132.50', '265.00'),
(4053, 510, 1458, 2, '155.00', '310.00'),
(4054, 510, 1453, 2, '34.00', '68.00'),
(4055, 510, 1460, 1, '108.00', '108.00'),
(4056, 510, 1457, 2, '60.00', '120.00'),
(4057, 510, 1456, 2, '65.00', '130.00'),
(4058, 510, 676, 10, '17.00', '170.00'),
(4059, 510, 692, 10, '8.00', '80.00'),
(4060, 510, 1227, 6, '9.00', '54.00'),
(4061, 510, 1638, 10, '3.00', '30.00'),
(4062, 510, 1644, 10, '5.00', '50.00'),
(4063, 510, 354, 1, '49.00', '49.00'),
(4064, 510, 456, 5, '75.00', '375.00'),
(4065, 511, 80, 1, '100.00', '100.00'),
(4066, 511, 1320, 6, '30.00', '180.00'),
(4067, 511, 259, 2, '20.00', '40.00'),
(4068, 511, 260, 5, '20.00', '100.00'),
(4069, 511, 1707, 2, '100.00', '200.00'),
(4070, 511, 1554, 2, '57.00', '114.00'),
(4071, 511, 165, 30, '2.50', '75.00'),
(4072, 511, 1726, 100, '0.45', '45.00'),
(4073, 511, 56, 30, '6.00', '180.00'),
(4074, 511, 1420, 1, '150.00', '150.00'),
(4075, 511, 1419, 1, '120.00', '120.00'),
(4076, 511, 1418, 1, '120.00', '120.00'),
(4077, 511, 1415, 1, '110.00', '110.00'),
(4078, 511, 1410, 1, '90.00', '90.00'),
(4079, 511, 1412, 1, '150.00', '150.00'),
(4080, 511, 321, 2, '160.00', '320.00'),
(4081, 511, 1137, 2, '66.00', '132.00'),
(4082, 511, 463, 6, '50.00', '300.00'),
(4083, 511, 293, 2, '55.00', '110.00'),
(4084, 511, 33, 20, '6.00', '120.00'),
(4085, 511, 809, 10, '20.00', '200.00'),
(4086, 511, 1456, 2, '65.00', '130.00'),
(4087, 511, 1458, 2, '155.00', '310.00'),
(4088, 511, 1460, 2, '110.00', '220.00'),
(4089, 511, 1072, 10, '14.50', '145.00'),
(4090, 511, 577, 2, '70.00', '140.00'),
(4091, 511, 1324, 4, '20.00', '80.00'),
(4092, 511, 1241, 6, '40.00', '240.00'),
(4093, 511, 1328, 5, '20.00', '100.00'),
(4094, 511, 613, 2, '25.00', '50.00'),
(4095, 511, 1059, 4, '30.00', '120.00'),
(4096, 511, 81, 1, '175.00', '175.00'),
(4101, 513, 1207, 4, '20.00', '80.00'),
(4102, 513, 10, 40, '36.00', '1440.00'),
(4103, 513, 1385, 200, '0.60', '120.00'),
(4104, 513, 592, 24, '15.00', '360.00'),
(4105, 513, 616, 15, '15.00', '225.00'),
(4106, 513, 587, 4, '200.00', '800.00'),
(4107, 513, 1207, 1, '530.00', '530.00'),
(4108, 514, 670, 5, '5.00', '25.00'),
(4109, 514, 671, 5, '5.00', '25.00'),
(4110, 514, 672, 5, '5.00', '25.00'),
(4111, 514, 995, 10, '7.00', '70.00'),
(4112, 514, 591, 2, '20.00', '40.00'),
(4113, 514, 1306, 4, '16.00', '64.00'),
(4114, 515, 1239, 4, '40.00', '160.00'),
(4115, 516, 1734, 1, '350.00', '350.00'),
(4116, 516, 1286, 1, '100.00', '100.00');
INSERT INTO `sale_items` (`id`, `sale_id`, `product_id`, `quantity`, `unit_price`, `total_price`) VALUES
(4117, 516, 103, 1, '50.00', '50.00'),
(4118, 516, 1162, 1, '550.00', '550.00'),
(4119, 516, 296, 1, '60.00', '60.00'),
(4120, 516, 815, 1, '20.00', '20.00'),
(4121, 516, 800, 8, '2.50', '20.00'),
(4122, 516, 1306, 1, '20.00', '20.00'),
(4123, 516, 867, 1, '30.00', '30.00'),
(4124, 517, 1731, 1, '1660.00', '1660.00'),
(4125, 517, 43, 20, '15.00', '300.00'),
(4126, 517, 409, 2, '40.00', '80.00'),
(4127, 517, 1642, 10, '7.00', '70.00'),
(4128, 517, 978, 2, '45.00', '90.00'),
(4129, 517, 308, 4, '80.00', '320.00'),
(4130, 517, 1065, 10, '7.00', '70.00'),
(4131, 517, 1066, 10, '8.00', '80.00'),
(4132, 517, 1067, 10, '9.00', '90.00'),
(4133, 517, 1062, 10, '10.00', '100.00'),
(4134, 517, 1027, 20, '3.50', '70.00'),
(4135, 517, 1625, 2, '110.00', '220.00'),
(4136, 517, 32, 10, '7.50', '75.00'),
(4137, 517, 33, 10, '5.50', '55.00'),
(4138, 517, 577, 4, '70.00', '280.00'),
(4139, 517, 158, 8, '5.00', '40.00'),
(4140, 517, 554, 4, '75.00', '300.00'),
(4141, 517, 1461, 1, '80.00', '80.00'),
(4142, 517, 1463, 1, '120.00', '120.00'),
(4143, 517, 1457, 1, '60.00', '60.00'),
(4144, 517, 1453, 1, '50.00', '50.00'),
(4145, 517, 1458, 1, '155.00', '155.00'),
(4146, 517, 1325, 10, '15.00', '150.00'),
(4147, 517, 602, 16, '19.50', '312.00'),
(4148, 517, 622, 16, '17.50', '280.00'),
(4149, 517, 597, 4, '30.00', '120.00'),
(4150, 517, 596, 4, '30.00', '120.00'),
(4151, 517, 16, 2, '115.00', '230.00'),
(4152, 517, 174, 8, '140.00', '1120.00'),
(4153, 517, 629, 2, '30.00', '60.00'),
(4154, 517, 1377, 500, '0.20', '100.00'),
(4155, 517, 114, 4, '95.00', '380.00'),
(4156, 517, 115, 2, '62.00', '124.00'),
(4157, 517, 116, 2, '100.00', '200.00'),
(4158, 517, 119, 2, '70.00', '140.00'),
(4159, 517, 129, 2, '110.00', '220.00'),
(4160, 517, 130, 1, '60.00', '60.00'),
(4161, 517, 134, 1, '70.00', '70.00'),
(4162, 518, 270, 3, '50.00', '150.00'),
(4163, 518, 970, 1, '135.00', '135.00'),
(4164, 518, 1301, 2, '26.00', '52.00'),
(4165, 518, 263, 4, '1.75', '7.00'),
(4166, 518, 755, 2, '3.50', '7.00'),
(4167, 518, 260, 1, '15.00', '15.00'),
(4168, 518, 1276, 1, '330.00', '330.00'),
(4169, 519, 927, 3, '35.00', '105.00'),
(4170, 519, 890, 1, '15.00', '15.00'),
(4171, 519, 873, 1, '10.00', '10.00'),
(4172, 519, 1208, 1, '50.00', '50.00'),
(4173, 519, 458, 2, '75.00', '150.00'),
(4174, 519, 1006, 10, '4.00', '40.00'),
(4175, 519, 591, 1, '20.00', '20.00'),
(4176, 519, 561, 1, '250.00', '250.00'),
(4177, 519, 865, 1, '20.00', '20.00'),
(4178, 519, 1505, 1, '40.00', '40.00'),
(4179, 519, 692, 2, '15.00', '30.00'),
(4180, 519, 456, 3, '75.00', '225.00'),
(4181, 519, 23, 3, '140.00', '420.00'),
(4182, 519, 1565, 1, '25.00', '25.00'),
(4183, 519, 47, 10, '1.50', '15.00'),
(4184, 520, 767, 1, '160.00', '160.00'),
(4185, 520, 47, 7, '1.50', '10.50'),
(4186, 520, 1308, 1, '25.00', '25.00'),
(4187, 520, 1561, 1, '25.00', '25.00'),
(4188, 520, 869, 6, '7.00', '42.00'),
(4189, 520, 928, 1, '32.00', '32.00'),
(4190, 521, 509, 1, '120.00', '120.00'),
(4191, 521, 200, 1, '720.00', '720.00'),
(4192, 521, 60, 2, '28.00', '56.00'),
(4193, 521, 411, 1, '70.00', '70.00'),
(4194, 521, 361, 1, '350.00', '350.00'),
(4195, 521, 1737, 6, '7.00', '42.00'),
(4196, 521, 1676, 4, '28.00', '112.00'),
(4197, 521, 534, 10, '5.00', '50.00'),
(4198, 521, 1665, 2, '500.00', '1000.00'),
(4199, 521, 1271, 1, '160.00', '160.00'),
(4200, 521, 1268, 1, '155.00', '155.00'),
(4201, 521, 428, 2, '45.00', '90.00'),
(4202, 521, 427, 2, '50.00', '100.00'),
(4203, 522, 521, 1, '60.00', '60.00'),
(4204, 522, 340, 4, '14.50', '58.00'),
(4205, 522, 339, 4, '14.50', '58.00'),
(4206, 522, 541, 8, '6.00', '48.00'),
(4207, 522, 490, 1, '100.00', '100.00'),
(4208, 523, 848, 1, '280.00', '280.00'),
(4209, 524, 1356, 1, '320.00', '320.00'),
(4210, 524, 1357, 2, '270.00', '540.00'),
(4211, 524, 275, 5, '25.00', '125.00'),
(4212, 524, 274, 5, '25.00', '125.00'),
(4213, 524, 1734, 1, '350.00', '350.00'),
(4214, 524, 129, 1, '110.00', '110.00'),
(4215, 524, 132, 1, '60.00', '60.00'),
(4216, 524, 815, 1, '15.00', '15.00'),
(4217, 524, 800, 1, '5.00', '5.00'),
(4218, 524, 816, 1, '5.00', '5.00'),
(4219, 524, 1619, 2, '1.00', '2.00'),
(4232, 529, 487, 1, '30.00', '30.00'),
(4233, 529, 1543, 1, '40.00', '40.00'),
(4234, 529, 270, 4, '50.00', '200.00'),
(4235, 530, 1319, 2, '130.00', '260.00'),
(4236, 530, 275, 1, '25.00', '25.00'),
(4237, 530, 274, 3, '25.00', '75.00'),
(4272, 533, 1279, 1, '330.00', '330.00'),
(4273, 533, 846, 1, '140.00', '140.00'),
(4274, 533, 1308, 4, '25.00', '100.00'),
(4275, 533, 1077, 5, '13.00', '65.00'),
(4276, 533, 577, 3, '80.00', '240.00'),
(4277, 533, 250, 2, '65.00', '130.00'),
(4278, 533, 1459, 1, '150.00', '150.00'),
(4279, 533, 1337, 2, '60.00', '120.00'),
(4280, 533, 1701, 1, '150.00', '150.00'),
(4281, 533, 1134, 1, '65.00', '65.00'),
(4282, 533, 588, 1, '100.00', '100.00'),
(4283, 533, 363, 1, '170.00', '170.00'),
(4284, 533, 1429, 2, '50.00', '100.00'),
(4285, 533, 741, 2, '55.00', '110.00'),
(4286, 533, 599, 2, '55.00', '110.00'),
(4287, 533, 1068, 4, '15.00', '60.00'),
(4288, 533, 708, 6, '25.00', '150.00'),
(4289, 533, 339, 8, '20.00', '160.00'),
(4290, 533, 1646, 10, '10.00', '100.00'),
(4291, 533, 1642, 5, '15.00', '75.00'),
(4292, 533, 1521, 5, '50.00', '250.00'),
(4293, 533, 644, 12, '27.50', '330.00'),
(4294, 533, 1089, 1, '369.00', '369.00'),
(4295, 533, 21, 1, '340.00', '340.00'),
(4296, 533, 1505, 5, '40.00', '200.00'),
(4297, 533, 616, 4, '15.00', '60.00'),
(4298, 533, 1151, 2, '40.00', '80.00'),
(4299, 534, 1738, 40, '17.00', '680.00'),
(4300, 534, 989, 40, '20.00', '800.00'),
(4301, 534, 1696, 2, '260.00', '520.00'),
(4302, 534, 561, 4, '260.00', '1040.00'),
(4303, 534, 86, 1, '190.00', '190.00'),
(4304, 534, 86, 1, '210.00', '210.00'),
(4305, 535, 1739, 10, '8.00', '80.00'),
(4306, 535, 263, 20, '3.00', '60.00'),
(4307, 535, 262, 20, '3.00', '60.00'),
(4308, 535, 1115, 2, '22.00', '44.00'),
(4309, 535, 1354, 9, '120.00', '1080.00'),
(4310, 535, 1216, 2, '150.00', '300.00'),
(4311, 535, 406, 10, '28.00', '280.00'),
(4312, 535, 405, 5, '35.00', '175.00'),
(4313, 535, 1259, 4, '30.00', '120.00'),
(4314, 535, 1257, 4, '65.00', '260.00'),
(4315, 535, 1300, 30, '25.00', '750.00'),
(4316, 535, 1308, 8, '25.00', '200.00'),
(4317, 535, 1309, 5, '40.00', '200.00'),
(4318, 535, 1301, 5, '40.00', '200.00'),
(4319, 535, 1117, 4, '176.00', '704.00'),
(4326, 542, 10, 5, '34.00', '170.00'),
(4327, 542, 545, 5, '6.00', '30.00'),
(4430, 551, 908, 1, '30.00', '30.00'),
(4431, 551, 846, 1, '140.00', '140.00'),
(4432, 551, 577, 1, '90.00', '90.00'),
(4434, 551, 759, 1, '160.00', '160.00'),
(4436, 551, 1162, 1, '450.00', '450.00'),
(4438, 551, 171, 1, '15.00', '15.00'),
(4440, 551, 1074, 1, '450.00', '450.00'),
(4442, 551, 1054, 1, '20.00', '20.00'),
(4444, 551, 1115, 2, '25.00', '50.00'),
(4446, 551, 1208, 1, '50.00', '50.00'),
(4448, 551, 403, 1, '130.00', '130.00'),
(4450, 551, 190, 1, '20.00', '20.00'),
(4452, 551, 427, 1, '55.00', '55.00'),
(4457, 553, 306, 10, '22.00', '220.00'),
(4473, 555, 361, 1, '350.00', '350.00'),
(4474, 555, 1241, 2, '40.00', '80.00'),
(4475, 555, 427, 1, '50.00', '50.00'),
(4476, 555, 811, 2, '30.00', '60.00'),
(4477, 555, 803, 1, '50.00', '50.00'),
(4478, 555, 1702, 1, '20.00', '20.00'),
(4479, 555, 591, 1, '20.00', '20.00'),
(4480, 555, 634, 1, '50.00', '50.00'),
(4481, 555, 422, 1, '15.00', '15.00'),
(4482, 555, 18, 1, '110.00', '110.00'),
(4483, 555, 403, 1, '10.00', '10.00'),
(4484, 555, 112, 1, '150.00', '150.00'),
(4485, 555, 113, 1, '150.00', '150.00'),
(4486, 555, 1308, 1, '175.00', '175.00'),
(4487, 555, 805, 1, '30.00', '30.00'),
(4488, 555, 804, 1, '30.00', '30.00'),
(4489, 556, 905, 2, '25.00', '50.00'),
(4492, 558, 377, 2, '300.00', '600.00'),
(4493, 558, 1048, 5, '50.00', '250.00'),
(4494, 558, 1700, 10, '17.00', '170.00'),
(4495, 559, 1097, 1, '650.00', '650.00'),
(4496, 559, 1521, 10, '42.00', '420.00'),
(4497, 559, 1505, 10, '32.00', '320.00'),
(4498, 559, 1420, 1, '175.00', '175.00'),
(4499, 559, 1419, 1, '135.00', '135.00'),
(4500, 559, 597, 4, '30.00', '120.00'),
(4501, 559, 207, 2, '110.00', '220.00'),
(4502, 559, 1702, 5, '20.00', '100.00'),
(4503, 559, 456, 10, '75.00', '750.00'),
(4504, 559, 1115, 4, '22.00', '88.00'),
(4505, 559, 1400, 1, '240.00', '240.00'),
(4506, 559, 1399, 1, '250.00', '250.00'),
(4507, 559, 1429, 2, '46.00', '92.00'),
(4508, 559, 1019, 20, '3.00', '60.00'),
(4509, 559, 692, 10, '8.00', '80.00'),
(4510, 559, 398, 20, '16.00', '320.00'),
(4529, 561, 1665, 1, '495.00', '495.00'),
(4530, 561, 848, 1, '270.00', '270.00'),
(4531, 561, 1740, 223, '0.80', '178.40'),
(4532, 561, 837, 12, '30.00', '360.00'),
(4533, 561, 1066, 10, '8.00', '80.00'),
(4534, 561, 1067, 10, '9.00', '90.00'),
(4535, 561, 1065, 10, '7.00', '70.00'),
(4536, 561, 373, 1, '165.00', '165.00'),
(4537, 561, 1225, 1, '180.00', '180.00'),
(4538, 561, 1658, 30, '1.00', '30.00'),
(4539, 561, 46, 200, '1.00', '200.00'),
(4540, 561, 1155, 1, '520.00', '520.00'),
(4541, 561, 1238, 6, '25.00', '150.00'),
(4542, 561, 1308, 5, '25.00', '125.00'),
(4543, 561, 55, 10, '10.00', '100.00'),
(4544, 561, 163, 10, '4.00', '40.00'),
(4545, 561, 340, 8, '13.75', '110.00'),
(4546, 561, 339, 8, '13.75', '110.00'),
(4547, 561, 18, 1, '110.00', '110.00'),
(4548, 561, 1306, 20, '15.00', '300.00'),
(4549, 561, 1455, 2, '135.00', '270.00'),
(4550, 561, 1463, 2, '120.00', '240.00'),
(4551, 561, 1060, 5, '20.00', '100.00'),
(4552, 561, 128, 1, '65.00', '65.00'),
(4553, 561, 127, 1, '110.00', '110.00'),
(4554, 561, 171, 12, '12.50', '150.00'),
(4555, 561, 867, 20, '12.00', '240.00'),
(4556, 562, 1420, 1, '200.00', '200.00'),
(4557, 562, 1417, 1, '140.00', '140.00'),
(4558, 562, 676, 1, '20.00', '20.00'),
(4559, 562, 679, 2, '20.00', '40.00'),
(4560, 562, 695, 1, '30.00', '30.00'),
(4561, 562, 171, 1, '20.00', '20.00'),
(4562, 563, 300, 1, '1000.00', '1000.00'),
(4563, 563, 323, 1, '10.00', '10.00'),
(4564, 563, 808, 1, '20.00', '20.00'),
(4565, 563, 171, 1, '20.00', '20.00'),
(4566, 563, 1019, 1, '3.00', '3.00'),
(4567, 563, 995, 1, '7.00', '7.00'),
(4568, 564, 1162, 1, '450.00', '450.00'),
(4569, 564, 220, 1, '40.00', '40.00'),
(4570, 565, 764, 1, '950.00', '950.00'),
(4571, 565, 684, 1, '80.00', '80.00'),
(4572, 565, 635, 1, '50.00', '50.00'),
(4573, 566, 1543, 1, '50.00', '50.00'),
(4574, 566, 47, 7, '1.50', '10.50'),
(4575, 566, 1194, 1, '30.00', '30.00'),
(4576, 566, 1321, 1, '50.00', '50.00'),
(4577, 566, 814, 1, '10.00', '10.00'),
(4578, 567, 620, 27, '20.00', '540.00'),
(4579, 568, 1160, 1, '800.00', '800.00'),
(4580, 569, 1683, 1, '190.00', '190.00'),
(4581, 570, 567, 1, '450.00', '450.00'),
(4582, 570, 1554, 1, '80.00', '80.00'),
(4583, 570, 1651, 1, '10.00', '10.00'),
(4584, 570, 1035, 1, '10.00', '10.00'),
(4585, 570, 685, 1, '50.00', '50.00'),
(4586, 570, 728, 2, '45.00', '90.00'),
(4587, 570, 1029, 4, '5.00', '20.00'),
(4588, 570, 47, 7, '1.50', '10.50'),
(4589, 570, 323, 1, '10.00', '10.00'),
(4590, 570, 594, 2, '75.00', '150.00'),
(4591, 570, 595, 2, '75.00', '150.00'),
(4592, 570, 1166, 2, '30.00', '60.00'),
(4593, 570, 1696, 1, '260.00', '260.00'),
(4594, 570, 454, 4, '70.00', '280.00'),
(4595, 570, 263, 4, '5.00', '20.00'),
(4596, 570, 805, 1, '30.00', '30.00'),
(4597, 570, 804, 1, '30.00', '30.00'),
(4598, 570, 65, 1, '250.00', '250.00'),
(4599, 570, 676, 1, '25.00', '25.00'),
(4600, 570, 678, 1, '25.00', '25.00'),
(4601, 570, 1030, 1, '5.00', '5.00'),
(4602, 570, 577, 1, '90.00', '90.00'),
(4603, 570, 207, 1, '110.00', '110.00'),
(4604, 570, 1728, 1, '110.00', '110.00'),
(4605, 570, 1362, 1, '30.00', '30.00'),
(4606, 570, 624, 1, '15.00', '15.00'),
(4607, 570, 1115, 2, '25.00', '50.00'),
(4608, 571, 1226, 2, '250.00', '500.00'),
(4609, 571, 1294, 2, '35.00', '70.00'),
(4610, 571, 594, 2, '75.00', '150.00'),
(4611, 571, 1029, 2, '5.00', '10.00'),
(4612, 571, 895, 2, '15.00', '30.00'),
(4613, 571, 894, 2, '15.00', '30.00'),
(4614, 571, 674, 2, '10.00', '20.00'),
(4619, 573, 587, 1, '100.00', '100.00'),
(4620, 573, 1729, 1, '450.00', '450.00'),
(4621, 573, 1300, 1, '25.00', '25.00'),
(4622, 573, 616, 2, '22.50', '45.00'),
(4623, 573, 32, 2, '10.00', '20.00'),
(4624, 573, 1363, 1, '7.00', '7.00'),
(4625, 573, 673, 1, '10.00', '10.00'),
(4626, 573, 691, 1, '10.00', '10.00'),
(4627, 573, 805, 1, '30.00', '30.00'),
(4628, 573, 804, 1, '30.00', '30.00'),
(4629, 573, 803, 1, '40.00', '40.00'),
(4630, 573, 676, 1, '25.00', '25.00'),
(4631, 573, 679, 1, '25.00', '25.00'),
(4632, 574, 946, 1, '50.00', '50.00'),
(4658, 576, 1420, 1, '170.00', '170.00'),
(4659, 576, 1421, 1, '190.00', '190.00'),
(4660, 576, 1419, 1, '130.00', '130.00'),
(4661, 576, 1407, 1, '140.00', '140.00'),
(4662, 576, 1412, 1, '173.00', '173.00'),
(4663, 576, 1418, 1, '140.00', '140.00'),
(4664, 576, 1404, 1, '120.00', '120.00'),
(4665, 576, 1410, 1, '100.00', '100.00'),
(4666, 576, 1406, 1, '80.00', '80.00'),
(4667, 576, 1214, 1, '170.00', '170.00'),
(4668, 576, 790, 1, '230.00', '230.00'),
(4669, 576, 166, 1, '75.00', '75.00'),
(4670, 576, 153, 1, '10.00', '10.00'),
(4671, 576, 1720, 25, '1.80', '45.00'),
(4672, 576, 109, 1, '30.00', '30.00'),
(4673, 576, 323, 1, '10.00', '10.00'),
(4674, 576, 171, 1, '15.00', '15.00'),
(4675, 576, 676, 1, '20.00', '20.00'),
(4676, 576, 679, 2, '20.00', '40.00'),
(4677, 576, 680, 1, '30.00', '30.00'),
(4678, 576, 681, 2, '35.00', '70.00'),
(4679, 576, 715, 1, '30.00', '30.00'),
(4680, 576, 723, 1, '60.00', '60.00'),
(4681, 576, 746, 1, '72.00', '72.00'),
(4682, 577, 1376, 2, '3.00', '6.00'),
(4683, 578, 1266, 2, '165.00', '330.00'),
(4684, 578, 568, 1, '450.00', '450.00'),
(4685, 579, 517, 1, '50.00', '50.00'),
(4686, 579, 865, 1, '20.00', '20.00'),
(4687, 579, 1506, 1, '40.00', '40.00'),
(4688, 579, 171, 1, '20.00', '20.00'),
(4689, 580, 672, 10, '5.00', '50.00'),
(4690, 581, 1089, 1, '185.00', '185.00'),
(4701, 583, 1516, 2, '70.00', '140.00'),
(4702, 583, 1511, 2, '40.00', '80.00'),
(4703, 583, 1639, 6, '10.00', '60.00'),
(4704, 583, 1637, 4, '5.00', '20.00'),
(4705, 583, 103, 1, '35.00', '35.00'),
(4706, 583, 815, 1, '20.00', '20.00'),
(4707, 583, 1060, 1, '20.00', '20.00'),
(4708, 583, 624, 4, '20.00', '80.00'),
(4709, 583, 398, 1, '20.00', '20.00'),
(4710, 583, 1095, 1, '40.00', '40.00'),
(4711, 584, 199, 1, '750.00', '750.00'),
(4712, 585, 199, 1, '750.00', '750.00'),
(4713, 586, 460, 2, '55.00', '110.00'),
(4714, 587, 149, 1, '1670.00', '1670.00'),
(4715, 588, 1300, 5, '22.00', '110.00'),
(4716, 589, 1733, 1, '2400.00', '2400.00'),
(4717, 590, 171, 1, '20.00', '20.00'),
(4718, 590, 551, 1, '40.00', '40.00'),
(4719, 591, 1687, 1, '300.00', '300.00'),
(4739, 611, 1657, 11, '1.00', '11.00'),
(4740, 612, 1657, 1, '1.00', '1.00'),
(4741, 613, 1506, 10, '28.00', '280.00'),
(4742, 613, 1509, 10, '34.00', '340.00'),
(4743, 614, 1657, 1, '1.00', '1.00'),
(4744, 615, 1657, 1, '4.00', '4.00'),
(4745, 616, 805, 10, '29.00', '290.00'),
(4746, 616, 804, 10, '27.00', '270.00'),
(4747, 617, 555, 2, '60.00', '120.00'),
(4748, 617, 171, 2, '15.00', '30.00'),
(4749, 618, 736, 4, '25.00', '100.00'),
(4750, 618, 805, 1, '30.00', '30.00'),
(4751, 618, 799, 1, '30.00', '30.00'),
(4752, 619, 874, 1, '10.00', '10.00'),
(4753, 619, 863, 1, '10.00', '10.00'),
(4754, 620, 1696, 12, '240.00', '2880.00'),
(4755, 620, 1511, 10, '32.00', '320.00'),
(4756, 620, 1554, 6, '60.00', '360.00'),
(4757, 620, 1545, 6, '41.00', '246.00'),
(4758, 620, 1227, 10, '9.00', '90.00'),
(4759, 620, 1059, 6, '30.00', '180.00'),
(4760, 620, 456, 20, '75.00', '1500.00'),
(4761, 620, 454, 20, '70.00', '1400.00'),
(4762, 621, 329, 1, '440.00', '440.00'),
(4763, 621, 323, 1, '7.00', '7.00'),
(4764, 621, 171, 1, '13.00', '13.00');

-- --------------------------------------------------------

--
-- Структура таблицы `stock_changes`
--
-- Создание: Фев 05 2026 г., 10:43
-- Последнее обновление: Мар 19 2026 г., 04:21
--

DROP TABLE IF EXISTS `stock_changes`;
CREATE TABLE `stock_changes` (
  `id` int NOT NULL,
  `warehouse_id` int NOT NULL,
  `product_id` int NOT NULL,
  `user_id` int NOT NULL,
  `change_type` enum('IN','OUT','ADJUSTMENT') NOT NULL,
  `old_weight_kg` decimal(10,2) DEFAULT '0.00',
  `new_weight_kg` decimal(10,2) DEFAULT '0.00',
  `old_volume_cbm` decimal(10,2) DEFAULT '0.00',
  `new_volume_cbm` decimal(10,2) DEFAULT '0.00',
  `reason` varchar(500) DEFAULT NULL,
  `created_at` timestamp NULL DEFAULT CURRENT_TIMESTAMP,
  `old_total_pieces` int NOT NULL DEFAULT '0',
  `new_total_pieces` int NOT NULL DEFAULT '0'
) ENGINE=InnoDB DEFAULT CHARSET=utf8mb3;

--
-- Дамп данных таблицы `stock_changes`
--

INSERT INTO `stock_changes` (`id`, `warehouse_id`, `product_id`, `user_id`, `change_type`, `old_weight_kg`, `new_weight_kg`, `old_volume_cbm`, `new_volume_cbm`, `reason`, `created_at`, `old_total_pieces`, `new_total_pieces`) VALUES
(1, 11, 1657, 1, 'IN', '0.00', '0.00', '0.00', '0.00', 'Receipt #2', '2026-02-02 04:46:07', 0, 125),
(2, 11, 1657, 1, 'IN', '0.00', '0.00', '0.00', '0.00', 'Return #16', '2026-02-02 05:10:03', 122, 123),
(3, 11, 1657, 1, 'IN', '0.00', '0.00', '0.00', '0.00', 'Retail debt return #17 (debtor #1)', '2026-02-02 05:32:08', 115, 118),
(4, 11, 1657, 1, 'IN', '0.00', '0.00', '0.00', '0.00', 'Retail debt return #18 (debtor #1)', '2026-02-02 05:42:13', 118, 120),
(5, 11, 1657, 1, 'IN', '0.00', '0.00', '0.00', '0.00', 'Retail cash return #19', '2026-02-02 05:48:22', 120, 125),
(6, 11, 1657, 1, 'IN', '0.00', '0.00', '0.00', '0.00', 'Retail debt return #20 (debtor #2)', '2026-02-02 06:00:26', 120, 125),
(7, 11, 1657, 1, 'IN', '0.00', '0.00', '0.00', '0.00', 'Retail cash return #21', '2026-02-02 07:14:42', 125, 126),
(8, 11, 1657, 1, 'IN', '0.00', '0.00', '0.00', '0.00', 'Return #22', '2026-02-02 07:30:23', 115, 120),
(9, 11, 1657, 1, 'IN', '0.00', '0.00', '0.00', '0.00', 'Return #23', '2026-02-02 07:32:51', 115, 120),
(10, 11, 1657, 1, 'IN', '0.00', '0.00', '0.00', '0.00', 'Receipt #3', '2026-02-02 17:04:56', 120, 121),
(11, 11, 1, 1, 'ADJUSTMENT', '0.00', '0.00', '0.00', '0.00', NULL, '2026-02-02 17:22:03', 6, 6),
(12, 11, 1657, 1, 'ADJUSTMENT', '0.00', '0.00', '0.00', '0.00', NULL, '2026-02-02 17:24:28', 121, 0),
(13, 11, 1657, 1, 'ADJUSTMENT', '0.00', '0.00', '0.00', '0.00', NULL, '2026-02-02 17:24:59', 0, 0),
(14, 11, 454, 1, 'ADJUSTMENT', '0.00', '0.00', '0.00', '0.00', NULL, '2026-02-02 17:36:48', 517, 497),
(15, 11, 1280, 13, 'ADJUSTMENT', '0.00', '0.00', '0.00', '0.00', NULL, '2026-02-03 05:52:18', 61, 59),
(16, 11, 1511, 12, 'IN', '0.00', '0.00', '0.00', '0.00', 'Retail cash return #24', '2026-02-03 14:32:26', 279, 283),
(17, 11, 1173, 12, 'IN', '0.00', '0.00', '0.00', '0.00', 'Retail cash return #24', '2026-02-03 14:32:27', 16, 17),
(18, 11, 547, 13, 'ADJUSTMENT', '0.00', '0.00', '0.00', '0.00', NULL, '2026-02-04 04:16:10', 4, 3),
(19, 11, 1658, 13, 'IN', '0.00', '0.00', '0.00', '0.00', 'Receipt #4', '2026-02-04 05:48:29', 0, 20),
(20, 11, 321, 13, 'ADJUSTMENT', '0.00', '0.00', '0.00', '0.00', NULL, '2026-02-04 06:02:59', 0, 2),
(21, 11, 1659, 13, 'IN', '0.00', '0.00', '0.00', '0.00', 'Receipt #5', '2026-02-04 10:37:00', 0, 3),
(22, 11, 1660, 13, 'IN', '0.00', '0.00', '0.00', '0.00', 'Receipt #6', '2026-02-05 13:43:06', 0, 5),
(23, 11, 1661, 13, 'IN', '0.00', '0.00', '0.00', '0.00', 'Receipt #6', '2026-02-05 13:43:07', 0, 3),
(24, 11, 1662, 13, 'IN', '0.00', '0.00', '0.00', '0.00', 'Receipt #6', '2026-02-05 13:43:08', 0, 2),
(25, 11, 1663, 13, 'IN', '0.00', '0.00', '0.00', '0.00', 'Receipt #6', '2026-02-05 13:43:08', 0, 1),
(26, 11, 567, 13, 'IN', '0.00', '0.00', '0.00', '0.00', 'Receipt #7', '2026-02-05 14:10:53', 0, 1),
(27, 11, 1664, 12, 'IN', '0.00', '0.00', '0.00', '0.00', 'Receipt #8', '2026-02-05 14:30:39', 0, 8),
(28, 11, 1665, 12, 'IN', '0.00', '0.00', '0.00', '0.00', 'Receipt #9', '2026-02-05 14:44:00', 0, 1),
(29, 11, 1666, 12, 'IN', '0.00', '0.00', '0.00', '0.00', 'Receipt #10', '2026-02-05 15:18:53', 0, 2),
(30, 11, 1667, 12, 'IN', '0.00', '0.00', '0.00', '0.00', 'Receipt #10', '2026-02-05 15:18:54', 0, 5),
(31, 11, 1668, 12, 'IN', '0.00', '0.00', '0.00', '0.00', 'Receipt #10', '2026-02-05 15:18:54', 0, 10),
(32, 11, 1669, 13, 'IN', '0.00', '0.00', '0.00', '0.00', 'Receipt #11', '2026-02-05 16:23:49', 0, 10),
(33, 13, 1218, 13, 'ADJUSTMENT', '0.00', '0.00', '0.00', '0.00', NULL, '2026-02-07 08:48:22', 3, 2),
(34, 13, 1218, 13, 'ADJUSTMENT', '0.00', '0.00', '0.00', '0.00', NULL, '2026-02-07 08:50:41', 2, 3),
(35, 11, 865, 13, 'IN', '0.00', '0.00', '0.00', '0.00', 'Receipt #12', '2026-02-07 08:53:59', 0, 10),
(36, 11, 1670, 13, 'IN', '0.00', '0.00', '0.00', '0.00', 'Receipt #12', '2026-02-07 08:54:00', 0, 10),
(37, 11, 1671, 13, 'IN', '0.00', '0.00', '0.00', '0.00', 'Receipt #13', '2026-02-07 10:33:02', 0, 20),
(38, 11, 1669, 13, 'IN', '0.00', '0.00', '0.00', '0.00', 'Receipt #14', '2026-02-07 10:43:39', 0, 10),
(39, 11, 1672, 13, 'IN', '0.00', '0.00', '0.00', '0.00', 'Receipt #14', '2026-02-07 10:43:40', 0, 2),
(40, 11, 1673, 13, 'IN', '0.00', '0.00', '0.00', '0.00', 'Receipt #14', '2026-02-07 10:43:41', 0, 15),
(41, 11, 1674, 13, 'IN', '0.00', '0.00', '0.00', '0.00', 'Receipt #14', '2026-02-07 10:43:42', 0, 2),
(42, 11, 1675, 13, 'IN', '0.00', '0.00', '0.00', '0.00', 'Receipt #14', '2026-02-07 10:43:42', 0, 4),
(43, 11, 1676, 13, 'IN', '0.00', '0.00', '0.00', '0.00', 'Receipt #15', '2026-02-08 04:56:08', 0, 4),
(44, 11, 1677, 1, 'IN', '0.00', '0.00', '0.00', '0.00', 'Receipt #16', '2026-02-08 06:30:52', 0, 10),
(45, 11, 829, 13, 'ADJUSTMENT', '0.00', '0.00', '0.00', '0.00', NULL, '2026-02-08 08:49:09', 37, 36),
(46, 11, 561, 12, 'IN', '0.00', '0.00', '0.00', '0.00', 'Receipt #17', '2026-02-08 09:35:27', 0, 1),
(47, 11, 1336, 12, 'ADJUSTMENT', '0.00', '0.00', '0.00', '0.00', NULL, '2026-02-08 10:49:35', 0, 3),
(48, 11, 1218, 13, 'ADJUSTMENT', '0.00', '0.00', '0.00', '0.00', NULL, '2026-02-09 05:29:37', 7, 6),
(49, 11, 829, 13, 'ADJUSTMENT', '0.00', '0.00', '0.00', '0.00', NULL, '2026-02-09 05:30:10', 34, 33),
(50, 11, 829, 13, 'IN', '0.00', '0.00', '0.00', '0.00', 'Receipt #18', '2026-02-09 05:32:18', 33, 34),
(51, 11, 428, 13, 'IN', '0.00', '0.00', '0.00', '0.00', 'Receipt #19', '2026-02-09 05:41:47', 0, 2),
(52, 11, 1678, 13, 'IN', '0.00', '0.00', '0.00', '0.00', 'Receipt #19', '2026-02-09 05:41:48', 0, 10),
(53, 11, 1679, 13, 'IN', '0.00', '0.00', '0.00', '0.00', 'Receipt #19', '2026-02-09 05:41:49', 0, 12),
(54, 11, 1641, 13, 'IN', '0.00', '0.00', '0.00', '0.00', 'Receipt #19', '2026-02-09 05:41:50', 0, 50),
(55, 11, 1680, 13, 'IN', '0.00', '0.00', '0.00', '0.00', 'Receipt #19', '2026-02-09 05:41:51', 0, 20),
(56, 11, 1681, 13, 'IN', '0.00', '0.00', '0.00', '0.00', 'Receipt #19', '2026-02-09 05:41:51', 0, 3),
(57, 11, 472, 13, 'ADJUSTMENT', '0.00', '0.00', '0.00', '0.00', NULL, '2026-02-09 06:29:28', 80, 40),
(58, 11, 1682, 13, 'IN', '0.00', '0.00', '0.00', '0.00', 'Receipt #20', '2026-02-10 08:48:34', 0, 4),
(59, 11, 1683, 12, 'IN', '0.00', '0.00', '0.00', '0.00', 'Receipt #21', '2026-02-10 09:18:57', 0, 1),
(60, 11, 630, 12, 'IN', '0.00', '0.00', '0.00', '0.00', 'Receipt #21', '2026-02-10 09:18:58', 3, 8),
(61, 11, 1684, 12, 'IN', '0.00', '0.00', '0.00', '0.00', 'Receipt #21', '2026-02-10 09:18:58', 0, 6),
(62, 11, 551, 13, 'ADJUSTMENT', '0.00', '0.00', '0.00', '0.00', NULL, '2026-02-10 15:50:32', 22, 21),
(63, 11, 551, 13, 'IN', '0.00', '0.00', '0.00', '0.00', 'Receipt #22', '2026-02-10 15:51:29', 21, 22),
(64, 11, 297, 12, 'IN', '0.00', '0.00', '0.00', '0.00', 'Retail cash return #25', '2026-02-10 16:04:22', 30, 31),
(65, 11, 294, 12, 'IN', '0.00', '0.00', '0.00', '0.00', 'Retail cash return #25', '2026-02-10 16:04:23', 8, 9),
(66, 11, 894, 12, 'IN', '0.00', '0.00', '0.00', '0.00', 'Retail cash return #25', '2026-02-10 16:04:24', 88, 90),
(67, 11, 492, 12, 'IN', '0.00', '0.00', '0.00', '0.00', 'Retail cash return #26', '2026-02-10 16:08:01', 70, 71),
(68, 11, 330, 12, 'IN', '0.00', '0.00', '0.00', '0.00', 'Retail cash return #26', '2026-02-10 16:08:02', 3, 4),
(69, 11, 1537, 12, 'ADJUSTMENT', '0.00', '0.00', '0.00', '0.00', NULL, '2026-02-10 16:26:59', 0, 3),
(70, 11, 1086, 12, 'IN', '0.00', '0.00', '0.00', '0.00', 'Retail cash return #27', '2026-02-10 16:38:12', 25, 26),
(71, 11, 1510, 12, 'IN', '0.00', '0.00', '0.00', '0.00', 'Retail debt return #28 (debtor #27)', '2026-02-11 15:39:34', 19, 20),
(72, 11, 1227, 12, 'IN', '0.00', '0.00', '0.00', '0.00', 'Retail debt return #28 (debtor #27)', '2026-02-11 15:39:34', 84, 85),
(73, 11, 1422, 12, 'IN', '0.00', '0.00', '0.00', '0.00', 'Retail cash return #29', '2026-02-12 14:35:36', 13, 14),
(74, 11, 723, 12, 'IN', '0.00', '0.00', '0.00', '0.00', 'Retail cash return #29', '2026-02-12 14:35:37', 26, 27),
(75, 11, 1139, 12, 'IN', '0.00', '0.00', '0.00', '0.00', 'Retail cash return #30', '2026-02-12 14:39:10', 23, 24),
(76, 11, 1062, 13, 'ADJUSTMENT', '0.00', '0.00', '0.00', '0.00', NULL, '2026-02-13 08:44:42', 331, 321),
(77, 11, 1632, 13, 'ADJUSTMENT', '0.00', '0.00', '0.00', '0.00', NULL, '2026-02-13 08:45:18', 421, 401),
(78, 11, 1054, 13, 'ADJUSTMENT', '0.00', '0.00', '0.00', '0.00', NULL, '2026-02-13 08:45:39', 117, 107),
(79, 11, 533, 13, 'ADJUSTMENT', '0.00', '0.00', '0.00', '0.00', NULL, '2026-02-13 08:46:46', 996, 971),
(80, 11, 1658, 13, 'IN', '0.00', '0.00', '0.00', '0.00', 'Receipt #23', '2026-02-14 05:29:55', 0, 100),
(81, 11, 1641, 13, 'IN', '0.00', '0.00', '0.00', '0.00', 'Receipt #23', '2026-02-14 05:29:55', 0, 60),
(82, 11, 1685, 13, 'IN', '0.00', '0.00', '0.00', '0.00', 'Receipt #23', '2026-02-14 05:29:56', 0, 30),
(83, 11, 1680, 13, 'IN', '0.00', '0.00', '0.00', '0.00', 'Receipt #23', '2026-02-14 05:29:57', 0, 30),
(84, 11, 1686, 13, 'IN', '0.00', '0.00', '0.00', '0.00', 'Receipt #23', '2026-02-14 05:29:58', 0, 5),
(85, 11, 424, 13, 'ADJUSTMENT', '0.00', '0.00', '0.00', '0.00', NULL, '2026-02-14 05:40:22', 3, 5),
(86, 11, 1337, 13, 'ADJUSTMENT', '0.00', '0.00', '0.00', '0.00', NULL, '2026-02-14 05:41:36', 0, 5),
(87, 11, 1687, 12, 'IN', '0.00', '0.00', '0.00', '0.00', 'Receipt #24', '2026-02-14 14:20:21', 0, 100),
(88, 11, 1419, 12, 'IN', '0.00', '0.00', '0.00', '0.00', 'Retail cash return #31', '2026-02-14 14:49:37', 73, 74),
(89, 11, 785, 12, 'IN', '0.00', '0.00', '0.00', '0.00', 'Retail cash return #32', '2026-02-14 14:54:02', 52, 53),
(90, 11, 293, 12, 'ADJUSTMENT', '0.00', '0.00', '0.00', '0.00', NULL, '2026-02-15 06:12:51', 0, 2),
(91, 11, 1659, 12, 'ADJUSTMENT', '0.00', '0.00', '0.00', '0.00', NULL, '2026-02-15 06:13:19', 0, 3),
(92, 11, 1659, 12, 'ADJUSTMENT', '0.00', '0.00', '0.00', '0.00', NULL, '2026-02-15 06:13:58', 3, 3),
(93, 11, 1688, 12, 'IN', '0.00', '0.00', '0.00', '0.00', 'Receipt #25', '2026-02-15 06:16:56', 0, 2),
(94, 11, 1689, 13, 'IN', '0.00', '0.00', '0.00', '0.00', 'Receipt #26', '2026-02-15 06:31:31', 0, 2),
(95, 11, 807, 12, 'IN', '0.00', '0.00', '0.00', '0.00', 'Return #33', '2026-02-15 06:42:05', 42, 47),
(96, 11, 1645, 12, 'IN', '0.00', '0.00', '0.00', '0.00', 'Retail cash return #34', '2026-02-15 09:54:09', 49, 50),
(97, 11, 1645, 12, 'IN', '0.00', '0.00', '0.00', '0.00', 'Retail cash return #35', '2026-02-15 09:55:00', 50, 53),
(98, 11, 1690, 13, 'IN', '0.00', '0.00', '0.00', '0.00', 'Receipt #27', '2026-02-15 15:25:11', 0, 5),
(99, 11, 1691, 13, 'IN', '0.00', '0.00', '0.00', '0.00', 'Receipt #27', '2026-02-15 15:25:12', 0, 5),
(100, 11, 1665, 13, 'ADJUSTMENT', '0.00', '0.00', '0.00', '0.00', NULL, '2026-02-17 05:32:57', 0, 1),
(101, 11, 1692, 13, 'IN', '0.00', '0.00', '0.00', '0.00', 'Receipt #28', '2026-02-17 06:05:13', 0, 3),
(102, 11, 1693, 13, 'IN', '0.00', '0.00', '0.00', '0.00', 'Receipt #28', '2026-02-17 06:05:14', 0, 3),
(103, 11, 1308, 12, 'IN', '0.00', '0.00', '0.00', '0.00', 'Retail debt return #36 (debtor #45)', '2026-02-17 14:19:25', 17, 18),
(104, 11, 567, 12, 'ADJUSTMENT', '0.00', '0.00', '0.00', '0.00', NULL, '2026-02-17 14:24:42', 0, 1),
(105, 11, 865, 12, 'ADJUSTMENT', '0.00', '0.00', '0.00', '0.00', NULL, '2026-02-17 14:25:12', 0, 10),
(106, 11, 817, 12, 'ADJUSTMENT', '0.00', '0.00', '0.00', '0.00', NULL, '2026-02-17 14:29:40', 0, 3),
(107, 11, 46, 12, 'ADJUSTMENT', '0.00', '0.00', '0.00', '0.00', NULL, '2026-02-17 14:43:54', 0, 200),
(108, 11, 1694, 13, 'IN', '0.00', '0.00', '0.00', '0.00', 'Receipt #29', '2026-02-18 05:16:20', 0, 4),
(109, 11, 399, 13, 'IN', '0.00', '0.00', '0.00', '0.00', 'Return #37', '2026-02-19 04:57:07', 32, 40),
(110, 11, 567, 13, 'ADJUSTMENT', '0.00', '0.00', '0.00', '0.00', NULL, '2026-02-19 07:45:18', 0, 2),
(111, 11, 1641, 13, 'ADJUSTMENT', '0.00', '0.00', '0.00', '0.00', NULL, '2026-02-19 08:23:56', 0, 10),
(112, 11, 1204, 13, 'ADJUSTMENT', '0.00', '0.00', '0.00', '0.00', NULL, '2026-02-19 08:24:20', 0, 4),
(113, 11, 993, 13, 'ADJUSTMENT', '0.00', '0.00', '0.00', '0.00', NULL, '2026-02-22 04:25:07', 2, 1),
(114, 11, 127, 13, 'ADJUSTMENT', '0.00', '0.00', '0.00', '0.00', NULL, '2026-02-22 04:25:55', 34, 32),
(115, 11, 128, 13, 'ADJUSTMENT', '0.00', '0.00', '0.00', '0.00', NULL, '2026-02-22 04:26:14', 3, 1),
(116, 11, 1046, 13, 'ADJUSTMENT', '0.00', '0.00', '0.00', '0.00', NULL, '2026-02-22 04:26:40', 218, 213),
(117, 11, 454, 13, 'ADJUSTMENT', '0.00', '0.00', '0.00', '0.00', NULL, '2026-02-22 04:27:01', 489, 487),
(118, 11, 521, 13, 'ADJUSTMENT', '0.00', '0.00', '0.00', '0.00', NULL, '2026-02-22 04:27:23', 18, 17),
(119, 11, 492, 13, 'ADJUSTMENT', '0.00', '0.00', '0.00', '0.00', NULL, '2026-02-22 04:27:54', 71, 70),
(120, 11, 1233, 13, 'ADJUSTMENT', '0.00', '0.00', '0.00', '0.00', NULL, '2026-02-22 04:28:34', 39, 37),
(121, 11, 1069, 13, 'ADJUSTMENT', '0.00', '0.00', '0.00', '0.00', NULL, '2026-02-22 04:28:53', 23, 22),
(122, 11, 547, 13, 'ADJUSTMENT', '0.00', '0.00', '0.00', '0.00', NULL, '2026-02-22 04:29:17', 3, 2),
(123, 11, 188, 13, 'ADJUSTMENT', '0.00', '0.00', '0.00', '0.00', NULL, '2026-02-22 04:31:06', 2, 1),
(124, 11, 554, 13, 'ADJUSTMENT', '0.00', '0.00', '0.00', '0.00', NULL, '2026-02-22 04:31:24', 65, 63),
(125, 11, 1344, 13, 'ADJUSTMENT', '0.00', '0.00', '0.00', '0.00', NULL, '2026-02-22 04:32:03', 19, 9),
(126, 11, 692, 13, 'ADJUSTMENT', '0.00', '0.00', '0.00', '0.00', NULL, '2026-02-22 04:32:26', 74, 66),
(127, 11, 1013, 13, 'ADJUSTMENT', '0.00', '0.00', '0.00', '0.00', NULL, '2026-02-22 04:33:01', 120, 110),
(128, 11, 551, 13, 'ADJUSTMENT', '0.00', '0.00', '0.00', '0.00', NULL, '2026-02-22 04:34:31', 15, 13),
(129, 11, 1343, 13, 'ADJUSTMENT', '0.00', '0.00', '0.00', '0.00', NULL, '2026-02-22 04:34:56', 23, 17),
(130, 11, 606, 13, 'ADJUSTMENT', '0.00', '0.00', '0.00', '0.00', NULL, '2026-02-22 04:35:25', 130, 128),
(131, 11, 1062, 13, 'ADJUSTMENT', '0.00', '0.00', '0.00', '0.00', NULL, '2026-02-22 04:36:18', 319, 329),
(132, 11, 548, 13, 'ADJUSTMENT', '0.00', '0.00', '0.00', '0.00', NULL, '2026-02-22 05:25:47', 0, 1),
(133, 11, 323, 13, 'ADJUSTMENT', '0.00', '0.00', '0.00', '0.00', NULL, '2026-02-22 08:55:28', 9940, 8000),
(134, 11, 293, 13, 'IN', '0.00', '0.00', '0.00', '0.00', 'Retail debt return #38 (debtor #70)', '2026-02-23 03:59:17', 0, 1),
(135, 11, 291, 13, 'IN', '0.00', '0.00', '0.00', '0.00', 'Retail debt return #38 (debtor #70)', '2026-02-23 03:59:18', 7, 8),
(136, 11, 511, 13, 'IN', '0.00', '0.00', '0.00', '0.00', 'Retail debt return #38 (debtor #70)', '2026-02-23 03:59:19', 299, 300),
(137, 11, 176, 12, 'ADJUSTMENT', '0.00', '0.00', '0.00', '0.00', NULL, '2026-02-24 12:54:53', 0, 1),
(138, 11, 593, 12, 'ADJUSTMENT', '0.00', '0.00', '0.00', '0.00', NULL, '2026-02-24 12:55:18', 2, 4),
(139, 11, 1695, 12, 'IN', '0.00', '0.00', '0.00', '0.00', 'Receipt #30', '2026-02-24 12:56:33', 0, 2),
(140, 11, 561, 13, 'IN', '0.00', '0.00', '0.00', '0.00', 'Receipt #31', '2026-02-26 04:56:35', 0, 24),
(141, 11, 1696, 13, 'IN', '0.00', '0.00', '0.00', '0.00', 'Receipt #31', '2026-02-26 04:56:36', 0, 12),
(142, 11, 560, 13, 'IN', '0.00', '0.00', '0.00', '0.00', 'Receipt #31', '2026-02-26 04:56:37', 1, 13),
(143, 11, 567, 13, 'IN', '0.00', '0.00', '0.00', '0.00', 'Receipt #31', '2026-02-26 04:56:37', 0, 18),
(144, 11, 568, 13, 'IN', '0.00', '0.00', '0.00', '0.00', 'Receipt #31', '2026-02-26 04:56:38', 0, 18),
(145, 11, 1665, 13, 'IN', '0.00', '0.00', '0.00', '0.00', 'Receipt #31', '2026-02-26 04:56:39', 0, 18),
(146, 11, 808, 13, 'IN', '0.00', '0.00', '0.00', '0.00', 'Receipt #31', '2026-02-26 04:56:40', 0, 100),
(147, 11, 1671, 13, 'IN', '0.00', '0.00', '0.00', '0.00', 'Receipt #31', '2026-02-26 04:56:41', 0, 100),
(148, 11, 865, 13, 'IN', '0.00', '0.00', '0.00', '0.00', 'Receipt #31', '2026-02-26 04:56:41', 0, 200),
(149, 11, 1697, 13, 'IN', '0.00', '0.00', '0.00', '0.00', 'Receipt #31', '2026-02-26 04:56:42', 0, 10),
(150, 11, 1698, 13, 'IN', '0.00', '0.00', '0.00', '0.00', 'Receipt #31', '2026-02-26 04:56:43', 0, 2),
(151, 11, 1699, 13, 'IN', '0.00', '0.00', '0.00', '0.00', 'Receipt #31', '2026-02-26 04:56:44', 0, 2),
(152, 11, 1700, 13, 'IN', '0.00', '0.00', '0.00', '0.00', 'Receipt #31', '2026-02-26 04:56:45', 0, 200),
(153, 11, 1077, 13, 'IN', '0.00', '0.00', '0.00', '0.00', 'Receipt #31', '2026-02-26 04:56:45', 50, 250),
(154, 11, 1059, 13, 'IN', '0.00', '0.00', '0.00', '0.00', 'Receipt #31', '2026-02-26 04:56:46', 4, 54),
(155, 11, 1069, 13, 'IN', '0.00', '0.00', '0.00', '0.00', 'Receipt #31', '2026-02-26 04:56:47', 22, 72),
(156, 11, 1701, 13, 'IN', '0.00', '0.00', '0.00', '0.00', 'Receipt #31', '2026-02-26 04:56:48', 0, 10),
(157, 11, 1702, 13, 'IN', '0.00', '0.00', '0.00', '0.00', 'Receipt #32', '2026-02-26 05:10:50', 0, 50),
(158, 11, 1662, 13, 'IN', '0.00', '0.00', '0.00', '0.00', 'Receipt #32', '2026-02-26 05:10:51', 0, 60),
(159, 11, 1703, 13, 'IN', '0.00', '0.00', '0.00', '0.00', 'Receipt #32', '2026-02-26 05:10:52', 0, 5),
(160, 11, 425, 13, 'IN', '0.00', '0.00', '0.00', '0.00', 'Receipt #32', '2026-02-26 05:10:53', 4, 24),
(161, 11, 424, 13, 'IN', '0.00', '0.00', '0.00', '0.00', 'Receipt #32', '2026-02-26 05:10:53', 0, 10),
(162, 11, 810, 13, 'IN', '0.00', '0.00', '0.00', '0.00', 'Receipt #32', '2026-02-26 05:10:54', 0, 100),
(163, 11, 1704, 13, 'IN', '0.00', '0.00', '0.00', '0.00', 'Receipt #32', '2026-02-26 05:10:55', 0, 1),
(164, 11, 1705, 13, 'IN', '0.00', '0.00', '0.00', '0.00', 'Receipt #32', '2026-02-26 05:10:56', 0, 2),
(165, 11, 1659, 13, 'ADJUSTMENT', '0.00', '0.00', '0.00', '0.00', NULL, '2026-02-26 05:13:25', 0, 5),
(166, 11, 644, 13, 'ADJUSTMENT', '0.00', '0.00', '0.00', '0.00', NULL, '2026-02-26 05:14:05', 0, 16),
(167, 11, 1706, 13, 'IN', '0.00', '0.00', '0.00', '0.00', 'Receipt #33', '2026-02-26 05:15:15', 0, 100),
(168, 11, 1707, 13, 'IN', '0.00', '0.00', '0.00', '0.00', 'Receipt #34', '2026-02-26 06:24:31', 0, 6),
(169, 11, 1708, 13, 'IN', '0.00', '0.00', '0.00', '0.00', 'Receipt #34', '2026-02-26 06:24:31', 0, 2),
(170, 11, 1709, 13, 'IN', '0.00', '0.00', '0.00', '0.00', 'Receipt #34', '2026-02-26 06:24:32', 0, 2),
(171, 11, 809, 13, 'IN', '0.00', '0.00', '0.00', '0.00', 'Receipt #34', '2026-02-26 06:24:33', 6, 56),
(172, 11, 128, 13, 'IN', '0.00', '0.00', '0.00', '0.00', 'Receipt #34', '2026-02-26 06:24:34', 0, 6),
(173, 11, 58, 13, 'IN', '0.00', '0.00', '0.00', '0.00', 'Receipt #34', '2026-02-26 06:24:35', 4, 14),
(174, 11, 1704, 13, 'IN', '0.00', '0.00', '0.00', '0.00', 'Receipt #34', '2026-02-26 06:24:36', 1, 2),
(175, 11, 113, 13, 'IN', '0.00', '0.00', '0.00', '0.00', 'Receipt #34', '2026-02-26 06:24:36', 3, 8),
(176, 11, 112, 13, 'IN', '0.00', '0.00', '0.00', '0.00', 'Receipt #34', '2026-02-26 06:24:37', 0, 5),
(177, 11, 1710, 13, 'IN', '0.00', '0.00', '0.00', '0.00', 'Receipt #34', '2026-02-26 06:24:38', 0, 5),
(178, 13, 1266, 13, 'ADJUSTMENT', '0.00', '0.00', '0.00', '0.00', NULL, '2026-02-26 06:33:26', 0, 2),
(179, 11, 1264, 13, 'OUT', '0.00', '0.00', '0.00', '0.00', 'Transfer to warehouse 13', '2026-02-26 06:37:32', 14, 10),
(180, 13, 1264, 13, 'IN', '0.00', '0.00', '0.00', '0.00', 'Transfer from warehouse 11', '2026-02-26 06:37:32', 0, 4),
(181, 11, 1086, 13, 'OUT', '0.00', '0.00', '0.00', '0.00', 'Transfer to warehouse 13', '2026-02-26 06:37:58', 24, 22),
(182, 13, 1086, 13, 'IN', '0.00', '0.00', '0.00', '0.00', 'Transfer from warehouse 11', '2026-02-26 06:37:59', 0, 2),
(183, 11, 1662, 13, 'OUT', '0.00', '0.00', '0.00', '0.00', 'Transfer to warehouse 13', '2026-02-26 06:38:25', 60, 40),
(184, 13, 1662, 13, 'IN', '0.00', '0.00', '0.00', '0.00', 'Transfer from warehouse 11', '2026-02-26 06:38:26', 0, 20),
(185, 11, 417, 13, 'OUT', '0.00', '0.00', '0.00', '0.00', 'Transfer to warehouse 13', '2026-02-26 06:38:46', 81, 66),
(186, 13, 417, 13, 'IN', '0.00', '0.00', '0.00', '0.00', 'Transfer from warehouse 11', '2026-02-26 06:38:46', 22, 37),
(187, 11, 108, 13, 'OUT', '0.00', '0.00', '0.00', '0.00', 'Transfer to warehouse 13', '2026-02-26 06:39:05', 100, 85),
(188, 13, 108, 13, 'IN', '0.00', '0.00', '0.00', '0.00', 'Transfer from warehouse 11', '2026-02-26 06:39:06', 0, 15),
(189, 11, 861, 13, 'ADJUSTMENT', '0.00', '0.00', '0.00', '0.00', NULL, '2026-02-26 06:39:44', 73, 65),
(190, 11, 861, 13, 'OUT', '0.00', '0.00', '0.00', '0.00', 'Transfer to warehouse 13', '2026-02-26 06:39:54', 65, 0),
(191, 13, 861, 13, 'IN', '0.00', '0.00', '0.00', '0.00', 'Transfer from warehouse 11', '2026-02-26 06:39:55', 0, 65),
(192, 11, 797, 13, 'OUT', '0.00', '0.00', '0.00', '0.00', 'Transfer to warehouse 13', '2026-02-26 06:40:18', 50, 45),
(193, 13, 797, 13, 'IN', '0.00', '0.00', '0.00', '0.00', 'Transfer from warehouse 11', '2026-02-26 06:40:19', 0, 5),
(194, 11, 541, 13, 'OUT', '0.00', '0.00', '0.00', '0.00', 'Transfer to warehouse 13', '2026-02-26 06:42:34', 173, 149),
(195, 13, 541, 13, 'IN', '0.00', '0.00', '0.00', '0.00', 'Transfer from warehouse 11', '2026-02-26 06:42:35', 204, 228),
(196, 11, 542, 13, 'ADJUSTMENT', '0.00', '0.00', '0.00', '0.00', NULL, '2026-02-26 06:43:10', 275, 24),
(197, 11, 1078, 13, 'ADJUSTMENT', '0.00', '0.00', '0.00', '0.00', NULL, '2026-02-26 06:43:32', 275, 200),
(198, 13, 861, 13, 'IN', '0.00', '0.00', '0.00', '0.00', 'Receipt #35', '2026-02-26 06:47:10', 65, 200),
(199, 13, 1711, 13, 'IN', '0.00', '0.00', '0.00', '0.00', 'Receipt #35', '2026-02-26 06:47:11', 0, 50),
(200, 13, 1712, 13, 'IN', '0.00', '0.00', '0.00', '0.00', 'Receipt #35', '2026-02-26 06:47:12', 0, 50),
(201, 13, 625, 13, 'ADJUSTMENT', '0.00', '0.00', '0.00', '0.00', NULL, '2026-02-26 07:11:20', 70, 80),
(202, 13, 1078, 13, 'ADJUSTMENT', '0.00', '0.00', '0.00', '0.00', NULL, '2026-02-26 07:22:43', 100, 200),
(203, 11, 1661, 13, 'ADJUSTMENT', '0.00', '0.00', '0.00', '0.00', NULL, '2026-02-26 11:45:15', 1, 2),
(204, 11, 232, 13, 'ADJUSTMENT', '0.00', '0.00', '0.00', '0.00', NULL, '2026-02-26 11:46:23', 0, 1),
(205, 11, 1220, 13, 'IN', '0.00', '0.00', '0.00', '0.00', 'Retail cash return #39', '2026-02-26 11:52:59', 4, 5),
(206, 13, 597, 13, 'OUT', '0.00', '0.00', '0.00', '0.00', 'Transfer to warehouse 11', '2026-02-28 08:28:28', 71, 56),
(207, 11, 597, 13, 'IN', '0.00', '0.00', '0.00', '0.00', 'Transfer from warehouse 13', '2026-02-28 08:28:29', 0, 15),
(208, 11, 684, 12, 'IN', '0.00', '0.00', '0.00', '0.00', 'Retail cash return #40', '2026-02-28 11:18:41', 17, 18),
(209, 11, 1075, 12, 'IN', '0.00', '0.00', '0.00', '0.00', 'Retail cash return #41', '2026-02-28 11:25:40', 20, 21),
(210, 11, 214, 12, 'IN', '0.00', '0.00', '0.00', '0.00', 'Retail cash return #42', '2026-03-01 04:48:16', 153, 154),
(211, 11, 1563, 12, 'IN', '0.00', '0.00', '0.00', '0.00', 'Retail cash return #42', '2026-03-01 04:48:17', 235, 236),
(212, 11, 1031, 12, 'IN', '0.00', '0.00', '0.00', '0.00', 'Retail cash return #42', '2026-03-01 04:48:18', 276, 277),
(213, 11, 790, 12, 'IN', '0.00', '0.00', '0.00', '0.00', 'Retail cash return #42', '2026-03-01 04:48:19', 15, 16),
(214, 11, 1702, 12, 'IN', '0.00', '0.00', '0.00', '0.00', 'Retail cash return #42', '2026-03-01 04:48:19', 49, 50),
(215, 11, 829, 12, 'IN', '0.00', '0.00', '0.00', '0.00', 'Retail cash return #42', '2026-03-01 04:48:20', 29, 30),
(216, 11, 1128, 12, 'IN', '0.00', '0.00', '0.00', '0.00', 'Retail cash return #42', '2026-03-01 04:48:21', 4, 5),
(217, 11, 1131, 12, 'IN', '0.00', '0.00', '0.00', '0.00', 'Retail cash return #42', '2026-03-01 04:48:22', 4, 5),
(218, 11, 676, 12, 'IN', '0.00', '0.00', '0.00', '0.00', 'Retail cash return #42', '2026-03-01 04:48:23', 164, 166),
(219, 11, 694, 12, 'IN', '0.00', '0.00', '0.00', '0.00', 'Retail cash return #42', '2026-03-01 04:48:23', 214, 216),
(220, 11, 557, 12, 'IN', '0.00', '0.00', '0.00', '0.00', 'Retail cash return #43', '2026-03-01 05:57:24', 9, 10),
(221, 11, 1713, 13, 'IN', '0.00', '0.00', '0.00', '0.00', 'Receipt #36', '2026-03-01 11:58:20', 0, 8),
(222, 11, 1714, 13, 'IN', '0.00', '0.00', '0.00', '0.00', 'Receipt #36', '2026-03-01 11:58:21', 0, 2),
(223, 11, 1715, 13, 'IN', '0.00', '0.00', '0.00', '0.00', 'Receipt #36', '2026-03-01 11:58:22', 0, 2),
(224, 11, 1641, 13, 'IN', '0.00', '0.00', '0.00', '0.00', 'Receipt #36', '2026-03-01 11:58:23', 0, 10),
(225, 11, 1716, 13, 'IN', '0.00', '0.00', '0.00', '0.00', 'Receipt #36', '2026-03-01 11:58:24', 0, 4),
(226, 11, 428, 13, 'ADJUSTMENT', '0.00', '0.00', '0.00', '0.00', NULL, '2026-03-01 12:02:01', 0, 1),
(227, 11, 446, 13, 'ADJUSTMENT', '0.00', '0.00', '0.00', '0.00', NULL, '2026-03-01 12:03:50', 0, 3),
(228, 11, 406, 13, 'ADJUSTMENT', '0.00', '0.00', '0.00', '0.00', NULL, '2026-03-01 12:14:41', 0, 2),
(229, 13, 644, 13, 'OUT', '0.00', '0.00', '0.00', '0.00', 'Transfer to warehouse 11', '2026-03-01 12:18:15', 124, 24),
(230, 11, 644, 13, 'IN', '0.00', '0.00', '0.00', '0.00', 'Transfer from warehouse 13', '2026-03-01 12:18:16', 0, 100),
(231, 13, 840, 13, 'OUT', '0.00', '0.00', '0.00', '0.00', 'Transfer to warehouse 11', '2026-03-01 12:18:54', 40, 4),
(232, 11, 840, 13, 'IN', '0.00', '0.00', '0.00', '0.00', 'Transfer from warehouse 13', '2026-03-01 12:18:55', 0, 36),
(233, 11, 1717, 13, 'IN', '0.00', '0.00', '0.00', '0.00', 'Receipt #37', '2026-03-01 12:28:06', 0, 20),
(234, 11, 428, 13, 'ADJUSTMENT', '0.00', '0.00', '0.00', '0.00', NULL, '2026-03-02 05:26:38', 0, 2),
(235, 11, 1680, 13, 'ADJUSTMENT', '0.00', '0.00', '0.00', '0.00', NULL, '2026-03-02 05:27:07', 0, 5),
(236, 11, 1641, 13, 'ADJUSTMENT', '0.00', '0.00', '0.00', '0.00', NULL, '2026-03-02 05:27:28', 0, 3),
(237, 13, 174, 13, 'OUT', '0.00', '0.00', '0.00', '0.00', 'Transfer to warehouse 11', '2026-03-02 05:29:19', 20, 8),
(238, 11, 174, 13, 'IN', '0.00', '0.00', '0.00', '0.00', 'Transfer from warehouse 13', '2026-03-02 05:29:20', 2, 14),
(239, 13, 46, 13, 'OUT', '0.00', '0.00', '0.00', '0.00', 'Transfer to warehouse 11', '2026-03-02 05:29:53', 1566, 766),
(240, 11, 46, 13, 'IN', '0.00', '0.00', '0.00', '0.00', 'Transfer from warehouse 13', '2026-03-02 05:29:54', 4, 804),
(241, 13, 458, 13, 'OUT', '0.00', '0.00', '0.00', '0.00', 'Transfer to warehouse 11', '2026-03-02 05:30:17', 112, 67),
(242, 11, 458, 13, 'IN', '0.00', '0.00', '0.00', '0.00', 'Transfer from warehouse 13', '2026-03-02 05:30:17', 20, 65),
(243, 13, 434, 13, 'OUT', '0.00', '0.00', '0.00', '0.00', 'Transfer to warehouse 11', '2026-03-02 05:30:36', 11, 5),
(244, 11, 434, 13, 'IN', '0.00', '0.00', '0.00', '0.00', 'Transfer from warehouse 13', '2026-03-02 05:30:37', 0, 6),
(245, 13, 841, 13, 'ADJUSTMENT', '0.00', '0.00', '0.00', '0.00', NULL, '2026-03-02 05:32:01', 32, 128),
(246, 13, 841, 13, 'OUT', '0.00', '0.00', '0.00', '0.00', 'Transfer to warehouse 11', '2026-03-02 05:32:13', 128, 80),
(247, 11, 841, 13, 'IN', '0.00', '0.00', '0.00', '0.00', 'Transfer from warehouse 13', '2026-03-02 05:32:14', 0, 48),
(248, 13, 837, 13, 'OUT', '0.00', '0.00', '0.00', '0.00', 'Transfer to warehouse 11', '2026-03-02 05:32:44', 116, 68),
(249, 11, 837, 13, 'IN', '0.00', '0.00', '0.00', '0.00', 'Transfer from warehouse 13', '2026-03-02 05:32:44', 0, 48),
(250, 13, 836, 13, 'ADJUSTMENT', '0.00', '0.00', '0.00', '0.00', NULL, '2026-03-02 05:34:14', 20, 24),
(251, 13, 836, 13, 'OUT', '0.00', '0.00', '0.00', '0.00', 'Transfer to warehouse 11', '2026-03-02 05:34:26', 24, 0),
(252, 11, 836, 13, 'IN', '0.00', '0.00', '0.00', '0.00', 'Transfer from warehouse 13', '2026-03-02 05:34:26', 0, 24),
(253, 13, 644, 13, 'ADJUSTMENT', '0.00', '0.00', '0.00', '0.00', NULL, '2026-03-02 05:35:14', 24, 96),
(254, 13, 644, 13, 'OUT', '0.00', '0.00', '0.00', '0.00', 'Transfer to warehouse 11', '2026-03-02 05:35:49', 96, 16),
(255, 11, 644, 13, 'IN', '0.00', '0.00', '0.00', '0.00', 'Transfer from warehouse 13', '2026-03-02 05:35:50', 80, 160),
(256, 13, 640, 13, 'ADJUSTMENT', '0.00', '0.00', '0.00', '0.00', NULL, '2026-03-02 05:36:50', 4, 20),
(257, 13, 640, 13, 'OUT', '0.00', '0.00', '0.00', '0.00', 'Transfer to warehouse 11', '2026-03-02 05:37:06', 20, 0),
(258, 11, 640, 13, 'IN', '0.00', '0.00', '0.00', '0.00', 'Transfer from warehouse 13', '2026-03-02 05:37:07', 195, 215),
(259, 13, 293, 13, 'OUT', '0.00', '0.00', '0.00', '0.00', 'Transfer to warehouse 11', '2026-03-02 05:37:42', 15, 6),
(260, 11, 293, 13, 'IN', '0.00', '0.00', '0.00', '0.00', 'Transfer from warehouse 13', '2026-03-02 05:37:43', 1, 10),
(261, 13, 582, 13, 'OUT', '0.00', '0.00', '0.00', '0.00', 'Transfer to warehouse 11', '2026-03-02 05:38:03', 2, 1),
(262, 11, 582, 13, 'IN', '0.00', '0.00', '0.00', '0.00', 'Transfer from warehouse 13', '2026-03-02 05:38:04', 0, 1),
(263, 13, 1611, 13, 'OUT', '0.00', '0.00', '0.00', '0.00', 'Transfer to warehouse 11', '2026-03-02 05:43:28', 80, 40),
(264, 11, 1611, 13, 'IN', '0.00', '0.00', '0.00', '0.00', 'Transfer from warehouse 13', '2026-03-02 05:43:29', 0, 40),
(265, 13, 1092, 13, 'OUT', '0.00', '0.00', '0.00', '0.00', 'Transfer to warehouse 11', '2026-03-02 05:44:14', 10, 5),
(266, 11, 1092, 13, 'IN', '0.00', '0.00', '0.00', '0.00', 'Transfer from warehouse 13', '2026-03-02 05:44:14', 5, 10),
(267, 13, 1091, 13, 'OUT', '0.00', '0.00', '0.00', '0.00', 'Transfer to warehouse 11', '2026-03-02 05:44:32', 3, 2),
(268, 11, 1091, 13, 'IN', '0.00', '0.00', '0.00', '0.00', 'Transfer from warehouse 13', '2026-03-02 05:44:33', 3, 4),
(269, 13, 1055, 13, 'OUT', '0.00', '0.00', '0.00', '0.00', 'Transfer to warehouse 11', '2026-03-02 05:45:13', 34, 19),
(270, 11, 1055, 13, 'IN', '0.00', '0.00', '0.00', '0.00', 'Transfer from warehouse 13', '2026-03-02 05:45:14', 69, 84),
(271, 13, 180, 13, 'OUT', '0.00', '0.00', '0.00', '0.00', 'Transfer to warehouse 11', '2026-03-02 05:46:43', 3, 1),
(272, 11, 180, 13, 'IN', '0.00', '0.00', '0.00', '0.00', 'Transfer from warehouse 13', '2026-03-02 05:46:43', 1, 3),
(273, 11, 182, 13, 'ADJUSTMENT', '0.00', '0.00', '0.00', '0.00', NULL, '2026-03-02 05:48:03', 3, 4),
(274, 11, 1374, 13, 'ADJUSTMENT', '0.00', '0.00', '0.00', '0.00', NULL, '2026-03-02 05:48:59', 2890, 2790),
(275, 11, 1377, 13, 'ADJUSTMENT', '0.00', '0.00', '0.00', '0.00', NULL, '2026-03-02 05:49:28', 3115, 2615),
(276, 11, 1372, 13, 'ADJUSTMENT', '0.00', '0.00', '0.00', '0.00', NULL, '2026-03-02 05:49:51', 6355, 5855),
(277, 11, 1619, 13, 'ADJUSTMENT', '0.00', '0.00', '0.00', '0.00', NULL, '2026-03-02 05:50:25', 676, 570),
(278, 11, 1619, 13, 'ADJUSTMENT', '0.00', '0.00', '0.00', '0.00', NULL, '2026-03-02 05:51:02', 570, 576),
(279, 11, 1620, 13, 'ADJUSTMENT', '0.00', '0.00', '0.00', '0.00', NULL, '2026-03-02 05:51:20', 696, 646),
(280, 11, 916, 13, 'ADJUSTMENT', '0.00', '0.00', '0.00', '0.00', NULL, '2026-03-02 05:56:09', 49, 43),
(281, 11, 1629, 13, 'ADJUSTMENT', '0.00', '0.00', '0.00', '0.00', NULL, '2026-03-02 06:02:04', 5561, 5551),
(282, 11, 1280, 13, 'ADJUSTMENT', '0.00', '0.00', '0.00', '0.00', NULL, '2026-03-02 06:02:50', 59, 57),
(283, 11, 137, 13, 'ADJUSTMENT', '0.00', '0.00', '0.00', '0.00', NULL, '2026-03-02 06:03:45', 1, 0),
(284, 11, 138, 13, 'ADJUSTMENT', '0.00', '0.00', '0.00', '0.00', NULL, '2026-03-02 06:04:01', 4, 3),
(285, 11, 863, 13, 'ADJUSTMENT', '0.00', '0.00', '0.00', '0.00', NULL, '2026-03-02 06:13:33', 168, 158),
(286, 11, 568, 13, 'ADJUSTMENT', '0.00', '0.00', '0.00', '0.00', NULL, '2026-03-02 06:15:14', 18, 17),
(287, 11, 643, 13, 'ADJUSTMENT', '0.00', '0.00', '0.00', '0.00', NULL, '2026-03-02 06:15:51', 31, 19),
(288, 11, 1545, 13, 'ADJUSTMENT', '0.00', '0.00', '0.00', '0.00', NULL, '2026-03-02 06:16:27', 117, 107),
(289, 11, 1557, 13, 'ADJUSTMENT', '0.00', '0.00', '0.00', '0.00', NULL, '2026-03-02 06:16:49', 17, 12),
(290, 11, 1455, 13, 'ADJUSTMENT', '0.00', '0.00', '0.00', '0.00', NULL, '2026-03-02 06:17:17', 43, 41),
(291, 11, 1459, 13, 'ADJUSTMENT', '0.00', '0.00', '0.00', '0.00', NULL, '2026-03-02 06:17:49', 7, 6),
(292, 11, 1148, 13, 'ADJUSTMENT', '0.00', '0.00', '0.00', '0.00', NULL, '2026-03-02 06:18:17', 9, 7),
(293, 11, 263, 13, 'ADJUSTMENT', '0.00', '0.00', '0.00', '0.00', NULL, '2026-03-02 06:18:36', 145, 125),
(294, 11, 1308, 13, 'ADJUSTMENT', '0.00', '0.00', '0.00', '0.00', NULL, '2026-03-02 06:36:51', 2, 35),
(295, 13, 1308, 13, 'ADJUSTMENT', '0.00', '0.00', '0.00', '0.00', NULL, '2026-03-02 06:37:24', 122, 87),
(296, 11, 1638, 13, 'ADJUSTMENT', '0.00', '0.00', '0.00', '0.00', NULL, '2026-03-02 07:08:44', 0, 10),
(297, 11, 143, 13, 'OUT', '0.00', '0.00', '0.00', '0.00', 'Transfer to warehouse 13', '2026-03-04 05:45:01', 50, 40),
(298, 13, 143, 13, 'IN', '0.00', '0.00', '0.00', '0.00', 'Transfer from warehouse 11', '2026-03-04 05:45:02', 0, 10),
(299, 11, 144, 13, 'OUT', '0.00', '0.00', '0.00', '0.00', 'Transfer to warehouse 13', '2026-03-04 05:45:27', 50, 40),
(300, 13, 144, 13, 'IN', '0.00', '0.00', '0.00', '0.00', 'Transfer from warehouse 11', '2026-03-04 05:45:28', 0, 10),
(301, 11, 145, 13, 'OUT', '0.00', '0.00', '0.00', '0.00', 'Transfer to warehouse 13', '2026-03-04 05:45:48', 50, 40),
(302, 13, 145, 13, 'IN', '0.00', '0.00', '0.00', '0.00', 'Transfer from warehouse 11', '2026-03-04 05:45:49', 0, 10),
(303, 13, 1337, 13, 'OUT', '0.00', '0.00', '0.00', '0.00', 'Transfer to warehouse 11', '2026-03-04 06:43:19', 16, 8),
(304, 11, 1337, 13, 'IN', '0.00', '0.00', '0.00', '0.00', 'Transfer from warehouse 13', '2026-03-04 06:43:20', 0, 8),
(305, 11, 1177, 13, 'ADJUSTMENT', '0.00', '0.00', '0.00', '0.00', NULL, '2026-03-04 06:44:10', 0, 1),
(306, 11, 361, 13, 'ADJUSTMENT', '0.00', '0.00', '0.00', '0.00', NULL, '2026-03-04 06:45:31', 0, 2),
(307, 11, 42, 13, 'ADJUSTMENT', '0.00', '0.00', '0.00', '0.00', NULL, '2026-03-04 06:47:27', 19, 32),
(308, 11, 190, 13, 'ADJUSTMENT', '0.00', '0.00', '0.00', '0.00', NULL, '2026-03-04 06:55:35', 81, 74),
(309, 11, 79, 13, 'ADJUSTMENT', '0.00', '0.00', '0.00', '0.00', NULL, '2026-03-04 06:55:54', 12, 11),
(310, 11, 1718, 12, 'IN', '0.00', '0.00', '0.00', '0.00', 'Receipt #38', '2026-03-05 05:41:56', 0, 150),
(311, 11, 42, 12, 'IN', '0.00', '0.00', '0.00', '0.00', 'Receipt #38', '2026-03-05 05:41:57', 0, 18),
(312, 11, 672, 12, 'IN', '0.00', '0.00', '0.00', '0.00', 'Return #44', '2026-03-05 05:45:36', 1378, 1388),
(313, 11, 673, 12, 'IN', '0.00', '0.00', '0.00', '0.00', 'Return #44', '2026-03-05 05:45:37', 457, 467),
(314, 11, 674, 12, 'IN', '0.00', '0.00', '0.00', '0.00', 'Return #44', '2026-03-05 05:45:38', 533, 543),
(315, 11, 692, 12, 'IN', '0.00', '0.00', '0.00', '0.00', 'Return #44', '2026-03-05 05:45:39', 55, 65),
(316, 11, 1719, 12, 'IN', '0.00', '0.00', '0.00', '0.00', 'Receipt #39', '2026-03-05 05:48:23', 0, 100),
(317, 11, 1720, 12, 'IN', '0.00', '0.00', '0.00', '0.00', 'Receipt #39', '2026-03-05 05:48:24', 0, 200),
(318, 11, 1049, 12, 'ADJUSTMENT', '0.00', '0.00', '0.00', '0.00', NULL, '2026-03-05 06:49:20', 154, 153),
(319, 11, 1289, 13, 'ADJUSTMENT', '0.00', '0.00', '0.00', '0.00', NULL, '2026-03-06 10:13:16', 0, 1),
(320, 13, 182, 13, 'ADJUSTMENT', '0.00', '0.00', '0.00', '0.00', NULL, '2026-03-07 13:17:58', 0, 1),
(321, 11, 1429, 13, 'ADJUSTMENT', '0.00', '0.00', '0.00', '0.00', NULL, '2026-03-08 17:20:51', 31, 33),
(322, 11, 1721, 13, 'IN', '0.00', '0.00', '0.00', '0.00', 'Receipt #40', '2026-03-08 17:31:15', 0, 10),
(323, 11, 1722, 13, 'IN', '0.00', '0.00', '0.00', '0.00', 'Receipt #40', '2026-03-08 17:31:15', 0, 5),
(324, 11, 1723, 13, 'IN', '0.00', '0.00', '0.00', '0.00', 'Receipt #40', '2026-03-08 17:31:16', 0, 2),
(325, 11, 406, 13, 'ADJUSTMENT', '0.00', '0.00', '0.00', '0.00', NULL, '2026-03-08 17:31:56', 0, 12),
(326, 11, 1293, 13, 'ADJUSTMENT', '0.00', '0.00', '0.00', '0.00', NULL, '2026-03-08 17:32:22', 0, 4),
(327, 11, 1224, 13, 'ADJUSTMENT', '0.00', '0.00', '0.00', '0.00', NULL, '2026-03-08 17:34:45', 1, 3),
(328, 11, 1680, 13, 'ADJUSTMENT', '0.00', '0.00', '0.00', '0.00', NULL, '2026-03-08 17:35:27', 0, 20),
(329, 11, 1672, 13, 'ADJUSTMENT', '0.00', '0.00', '0.00', '0.00', NULL, '2026-03-08 17:35:56', 0, 3),
(330, 11, 1669, 13, 'ADJUSTMENT', '0.00', '0.00', '0.00', '0.00', NULL, '2026-03-08 17:36:28', 0, 6),
(331, 11, 1678, 13, 'ADJUSTMENT', '0.00', '0.00', '0.00', '0.00', NULL, '2026-03-08 17:37:26', 0, 10),
(332, 11, 404, 13, 'ADJUSTMENT', '0.00', '0.00', '0.00', '0.00', NULL, '2026-03-08 17:37:53', 0, 2),
(333, 11, 1216, 12, 'IN', '0.00', '0.00', '0.00', '0.00', 'Retail debt return #45 (debtor #90)', '2026-03-09 06:13:36', 42, 43),
(334, 11, 166, 12, 'IN', '0.00', '0.00', '0.00', '0.00', 'Retail debt return #46 (debtor #90)', '2026-03-09 06:16:30', 235, 236),
(335, 11, 1724, 13, 'IN', '0.00', '0.00', '0.00', '0.00', 'Receipt #41', '2026-03-09 10:08:08', 0, 2),
(336, 11, 1725, 13, 'IN', '0.00', '0.00', '0.00', '0.00', 'Receipt #41', '2026-03-09 10:08:09', 0, 2),
(337, 11, 1638, 13, 'ADJUSTMENT', '0.00', '0.00', '0.00', '0.00', NULL, '2026-03-09 10:32:34', 0, 10),
(338, 11, 80, 13, 'ADJUSTMENT', '0.00', '0.00', '0.00', '0.00', NULL, '2026-03-09 10:40:30', 0, 1),
(339, 11, 1324, 13, 'ADJUSTMENT', '0.00', '0.00', '0.00', '0.00', NULL, '2026-03-09 10:45:18', 0, 4),
(340, 11, 321, 13, 'ADJUSTMENT', '0.00', '0.00', '0.00', '0.00', NULL, '2026-03-09 10:47:27', 0, 2),
(341, 11, 1726, 13, 'IN', '0.00', '0.00', '0.00', '0.00', 'Receipt #42', '2026-03-09 10:48:20', 0, 100),
(342, 11, 1683, 13, 'IN', '0.00', '0.00', '0.00', '0.00', 'Receipt #43', '2026-03-09 11:22:59', 0, 4),
(343, 11, 1727, 13, 'IN', '0.00', '0.00', '0.00', '0.00', 'Receipt #43', '2026-03-09 11:23:00', 0, 8),
(344, 11, 1728, 13, 'IN', '0.00', '0.00', '0.00', '0.00', 'Receipt #43', '2026-03-09 11:23:00', 0, 5),
(345, 11, 1729, 13, 'IN', '0.00', '0.00', '0.00', '0.00', 'Receipt #43', '2026-03-09 11:23:01', 0, 6),
(346, 11, 630, 13, 'IN', '0.00', '0.00', '0.00', '0.00', 'Receipt #43', '2026-03-09 11:23:02', 6, 10),
(347, 11, 1696, 13, 'IN', '0.00', '0.00', '0.00', '0.00', 'Receipt #44', '2026-03-09 11:26:42', 0, 24),
(348, 11, 1730, 13, 'IN', '0.00', '0.00', '0.00', '0.00', 'Receipt #44', '2026-03-09 11:26:43', 0, 2),
(349, 11, 1731, 13, 'IN', '0.00', '0.00', '0.00', '0.00', 'Receipt #45', '2026-03-09 11:43:09', 0, 10),
(350, 11, 1732, 13, 'IN', '0.00', '0.00', '0.00', '0.00', 'Receipt #45', '2026-03-09 11:43:10', 0, 3),
(351, 11, 1733, 13, 'IN', '0.00', '0.00', '0.00', '0.00', 'Receipt #45', '2026-03-09 11:43:11', 0, 3),
(352, 11, 361, 13, 'IN', '0.00', '0.00', '0.00', '0.00', 'Receipt #45', '2026-03-09 11:43:12', 0, 20),
(353, 11, 1734, 13, 'IN', '0.00', '0.00', '0.00', '0.00', 'Receipt #45', '2026-03-09 11:43:13', 0, 20),
(354, 11, 1735, 13, 'IN', '0.00', '0.00', '0.00', '0.00', 'Receipt #45', '2026-03-09 11:43:13', 0, 20),
(355, 11, 1660, 13, 'IN', '0.00', '0.00', '0.00', '0.00', 'Receipt #45', '2026-03-09 11:43:14', 0, 50),
(356, 11, 1736, 13, 'IN', '0.00', '0.00', '0.00', '0.00', 'Receipt #45', '2026-03-09 11:43:15', 0, 2),
(357, 11, 1729, 13, 'OUT', '0.00', '0.00', '0.00', '0.00', 'Transfer to warehouse 13', '2026-03-09 11:44:17', 6, 3),
(358, 13, 1729, 13, 'IN', '0.00', '0.00', '0.00', '0.00', 'Transfer from warehouse 11', '2026-03-09 11:44:18', 0, 3),
(359, 11, 1732, 13, 'OUT', '0.00', '0.00', '0.00', '0.00', 'Transfer to warehouse 13', '2026-03-09 11:44:49', 3, 2),
(360, 13, 1732, 13, 'IN', '0.00', '0.00', '0.00', '0.00', 'Transfer from warehouse 11', '2026-03-09 11:44:49', 0, 1),
(361, 11, 1733, 13, 'OUT', '0.00', '0.00', '0.00', '0.00', 'Transfer to warehouse 13', '2026-03-09 11:46:00', 3, 2),
(362, 13, 1733, 13, 'IN', '0.00', '0.00', '0.00', '0.00', 'Transfer from warehouse 11', '2026-03-09 11:46:01', 0, 1),
(363, 11, 1731, 13, 'OUT', '0.00', '0.00', '0.00', '0.00', 'Transfer to warehouse 13', '2026-03-09 11:46:21', 10, 9),
(364, 13, 1731, 13, 'IN', '0.00', '0.00', '0.00', '0.00', 'Transfer from warehouse 11', '2026-03-09 11:46:22', 0, 1),
(365, 11, 361, 13, 'ADJUSTMENT', '0.00', '0.00', '0.00', '0.00', NULL, '2026-03-09 11:46:57', 20, 18),
(366, 11, 560, 13, 'OUT', '0.00', '0.00', '0.00', '0.00', 'Transfer to warehouse 13', '2026-03-09 11:48:57', 13, 11),
(367, 13, 560, 13, 'IN', '0.00', '0.00', '0.00', '0.00', 'Transfer from warehouse 11', '2026-03-09 11:48:57', 0, 2),
(368, 11, 1696, 13, 'OUT', '0.00', '0.00', '0.00', '0.00', 'Transfer to warehouse 13', '2026-03-09 11:49:24', 24, 22),
(369, 13, 1696, 13, 'IN', '0.00', '0.00', '0.00', '0.00', 'Transfer from warehouse 11', '2026-03-09 11:49:25', 0, 2),
(370, 11, 1734, 13, 'OUT', '0.00', '0.00', '0.00', '0.00', 'Transfer to warehouse 13', '2026-03-09 11:50:02', 20, 18),
(371, 13, 1734, 13, 'IN', '0.00', '0.00', '0.00', '0.00', 'Transfer from warehouse 11', '2026-03-09 11:50:02', 0, 2),
(372, 11, 361, 13, 'OUT', '0.00', '0.00', '0.00', '0.00', 'Transfer to warehouse 13', '2026-03-09 11:50:28', 18, 16),
(373, 13, 361, 13, 'IN', '0.00', '0.00', '0.00', '0.00', 'Transfer from warehouse 11', '2026-03-09 11:50:28', 21, 23),
(374, 11, 1665, 13, 'OUT', '0.00', '0.00', '0.00', '0.00', 'Transfer to warehouse 13', '2026-03-09 11:50:48', 16, 14),
(375, 13, 1665, 13, 'IN', '0.00', '0.00', '0.00', '0.00', 'Transfer from warehouse 11', '2026-03-09 11:50:48', 0, 2),
(376, 11, 865, 13, 'OUT', '0.00', '0.00', '0.00', '0.00', 'Transfer to warehouse 13', '2026-03-09 11:51:13', 168, 153),
(377, 13, 865, 13, 'IN', '0.00', '0.00', '0.00', '0.00', 'Transfer from warehouse 11', '2026-03-09 11:51:14', 48, 63),
(378, 11, 1728, 13, 'OUT', '0.00', '0.00', '0.00', '0.00', 'Transfer to warehouse 13', '2026-03-09 11:51:35', 5, 3),
(379, 13, 1728, 13, 'IN', '0.00', '0.00', '0.00', '0.00', 'Transfer from warehouse 11', '2026-03-09 11:51:35', 0, 2),
(380, 11, 1683, 13, 'OUT', '0.00', '0.00', '0.00', '0.00', 'Transfer to warehouse 13', '2026-03-09 11:52:00', 4, 2),
(381, 13, 1683, 13, 'IN', '0.00', '0.00', '0.00', '0.00', 'Transfer from warehouse 11', '2026-03-09 11:52:01', 0, 2),
(382, 11, 1727, 13, 'OUT', '0.00', '0.00', '0.00', '0.00', 'Transfer to warehouse 13', '2026-03-09 11:52:18', 8, 6),
(383, 13, 1727, 13, 'IN', '0.00', '0.00', '0.00', '0.00', 'Transfer from warehouse 11', '2026-03-09 11:52:19', 0, 2),
(384, 11, 1700, 13, 'OUT', '0.00', '0.00', '0.00', '0.00', 'Transfer to warehouse 13', '2026-03-09 11:52:40', 190, 168),
(385, 13, 1700, 13, 'IN', '0.00', '0.00', '0.00', '0.00', 'Transfer from warehouse 11', '2026-03-09 11:52:41', 0, 22),
(386, 11, 1059, 13, 'OUT', '0.00', '0.00', '0.00', '0.00', 'Transfer to warehouse 13', '2026-03-09 11:52:58', 50, 38),
(387, 13, 1059, 13, 'IN', '0.00', '0.00', '0.00', '0.00', 'Transfer from warehouse 11', '2026-03-09 11:52:59', 0, 12),
(388, 11, 1055, 13, 'OUT', '0.00', '0.00', '0.00', '0.00', 'Transfer to warehouse 13', '2026-03-09 11:53:22', 61, 56),
(389, 13, 1055, 13, 'IN', '0.00', '0.00', '0.00', '0.00', 'Transfer from warehouse 11', '2026-03-09 11:53:22', 19, 24),
(390, 11, 60, 13, 'ADJUSTMENT', '0.00', '0.00', '0.00', '0.00', NULL, '2026-03-11 05:22:09', 4, 6),
(391, 11, 411, 13, 'ADJUSTMENT', '0.00', '0.00', '0.00', '0.00', NULL, '2026-03-11 05:22:30', 0, 1),
(392, 11, 1737, 13, 'IN', '0.00', '0.00', '0.00', '0.00', 'Receipt #46', '2026-03-11 05:24:15', 0, 6),
(393, 11, 1676, 13, 'ADJUSTMENT', '0.00', '0.00', '0.00', '0.00', NULL, '2026-03-11 05:24:37', 0, 4),
(394, 11, 534, 13, 'ADJUSTMENT', '0.00', '0.00', '0.00', '0.00', NULL, '2026-03-11 05:25:01', 0, 10),
(395, 11, 428, 13, 'ADJUSTMENT', '0.00', '0.00', '0.00', '0.00', NULL, '2026-03-11 05:25:21', 0, 2),
(396, 11, 889, 13, 'ADJUSTMENT', '0.00', '0.00', '0.00', '0.00', NULL, '2026-03-11 05:26:23', 40, 30),
(397, 11, 484, 13, 'ADJUSTMENT', '0.00', '0.00', '0.00', '0.00', NULL, '2026-03-11 05:26:42', 12, 11),
(398, 11, 1565, 13, 'ADJUSTMENT', '0.00', '0.00', '0.00', '0.00', NULL, '2026-03-11 05:27:05', 25, 15),
(399, 11, 1035, 13, 'ADJUSTMENT', '0.00', '0.00', '0.00', '0.00', NULL, '2026-03-11 05:27:23', 207, 197),
(400, 11, 1738, 13, 'IN', '0.00', '0.00', '0.00', '0.00', 'Receipt #47', '2026-03-11 12:42:31', 0, 40),
(401, 11, 989, 13, 'ADJUSTMENT', '0.00', '0.00', '0.00', '0.00', NULL, '2026-03-11 12:42:55', 35, 40),
(402, 13, 274, 13, 'ADJUSTMENT', '0.00', '0.00', '0.00', '0.00', NULL, '2026-03-12 10:13:37', 1, 7),
(403, 11, 280, 13, 'OUT', '0.00', '0.00', '0.00', '0.00', 'Transfer to warehouse 13', '2026-03-12 10:14:51', 28, 22),
(404, 13, 280, 13, 'IN', '0.00', '0.00', '0.00', '0.00', 'Transfer from warehouse 11', '2026-03-12 10:14:52', 0, 6),
(405, 11, 1739, 13, 'IN', '0.00', '0.00', '0.00', '0.00', 'Receipt #48', '2026-03-12 17:14:28', 0, 15),
(406, 11, 406, 13, 'ADJUSTMENT', '0.00', '0.00', '0.00', '0.00', NULL, '2026-03-12 17:15:04', 0, 10),
(407, 11, 1259, 13, 'ADJUSTMENT', '0.00', '0.00', '0.00', '0.00', NULL, '2026-03-12 17:16:17', 0, 4),
(408, 11, 1257, 13, 'ADJUSTMENT', '0.00', '0.00', '0.00', '0.00', NULL, '2026-03-12 17:17:05', 0, 4),
(409, 11, 403, 12, 'IN', '0.00', '0.00', '0.00', '0.00', 'Retail cash return #47', '2026-03-13 15:13:07', 85, 87),
(410, 11, 1048, 13, 'ADJUSTMENT', '0.00', '0.00', '0.00', '0.00', NULL, '2026-03-14 07:38:28', 0, 5),
(411, 11, 1225, 13, 'ADJUSTMENT', '0.00', '0.00', '0.00', '0.00', NULL, '2026-03-14 08:34:08', 0, 1),
(412, 11, 163, 13, 'ADJUSTMENT', '0.00', '0.00', '0.00', '0.00', NULL, '2026-03-14 08:34:41', 0, 20),
(413, 11, 1658, 13, 'ADJUSTMENT', '0.00', '0.00', '0.00', '0.00', NULL, '2026-03-14 08:35:51', 0, 30),
(414, 11, 1740, 13, 'IN', '0.00', '0.00', '0.00', '0.00', 'Receipt #49', '2026-03-14 08:44:40', 0, 500),
(415, 11, 339, 13, 'ADJUSTMENT', '0.00', '0.00', '0.00', '0.00', NULL, '2026-03-14 08:56:41', 4, 8),
(416, 11, 599, 12, 'IN', '0.00', '0.00', '0.00', '0.00', 'Retail cash return #48', '2026-03-14 09:19:02', 8, 10),
(417, 13, 323, 18, 'IN', '0.00', '0.00', '0.00', '0.00', 'Retail cash return #49', '2026-03-15 08:00:52', 786, 787),
(418, 13, 323, 18, 'IN', '0.00', '0.00', '0.00', '0.00', 'Retail cash return #50', '2026-03-15 08:01:23', 787, 886),
(419, 11, 1641, 13, 'ADJUSTMENT', '0.00', '0.00', '0.00', '0.00', NULL, '2026-03-15 08:50:57', 0, 20),
(420, 11, 199, 12, 'IN', '0.00', '0.00', '0.00', '0.00', 'Retail debt return #51 (debtor #144)', '2026-03-16 17:29:14', 25, 26),
(421, 11, 1657, 1, 'IN', '0.00', '0.00', '0.00', '0.00', 'Receipt #50', '2026-03-17 16:45:57', 0, 1),
(422, 11, 1657, 1, 'IN', '0.00', '0.00', '0.00', '0.00', 'Receipt #51', '2026-03-17 16:49:03', 1, 6),
(423, 11, 1657, 1, 'IN', '0.00', '0.00', '0.00', '0.00', 'Receipt #52', '2026-03-17 16:52:18', 6, 7),
(424, 11, 1657, 1, 'IN', '0.00', '0.00', '0.00', '0.00', 'Receipt #53', '2026-03-17 17:00:06', 7, 12),
(425, 11, 1657, 1, 'IN', '0.00', '0.00', '0.00', '0.00', 'Receipt #54', '2026-03-17 17:12:26', 12, 18),
(426, 11, 1742, 1, 'IN', '0.00', '0.00', '0.00', '0.00', 'Receipt #55', '2026-03-18 09:06:22', 0, 1),
(427, 13, 1119, 13, 'OUT', '0.00', '0.00', '0.00', '0.00', 'Transfer to warehouse 11', '2026-03-19 04:20:50', 1, 0),
(428, 11, 1119, 13, 'IN', '0.00', '0.00', '0.00', '0.00', 'Transfer from warehouse 13', '2026-03-19 04:20:50', 0, 1),
(429, 13, 113, 13, 'OUT', '0.00', '0.00', '0.00', '0.00', 'Transfer to warehouse 11', '2026-03-19 04:21:26', 5, 4),
(430, 11, 113, 13, 'IN', '0.00', '0.00', '0.00', '0.00', 'Transfer from warehouse 13', '2026-03-19 04:21:27', 2, 3);

-- --------------------------------------------------------

--
-- Структура таблицы `stock_receipts`
--
-- Создание: Мар 19 2026 г., 11:21
--

DROP TABLE IF EXISTS `stock_receipts`;
CREATE TABLE `stock_receipts` (
  `id` int NOT NULL,
  `warehouse_id` int NOT NULL,
  `created_by` int NOT NULL,
  `created_at` timestamp NULL DEFAULT CURRENT_TIMESTAMP,
  `total_amount` decimal(10,2) NOT NULL,
  `supplier_id` int DEFAULT NULL,
  `delivery_driver_id` int DEFAULT NULL
) ENGINE=InnoDB DEFAULT CHARSET=utf8mb3;

--
-- Дамп данных таблицы `stock_receipts`
--

INSERT INTO `stock_receipts` (`id`, `warehouse_id`, `created_by`, `created_at`, `total_amount`, `supplier_id`, `delivery_driver_id`) VALUES
(1, 11, 1, '2026-02-01 12:08:15', '0.00', NULL, NULL),
(3, 11, 1, '2026-02-02 17:04:55', '17.00', 1, NULL),
(4, 11, 13, '2026-02-04 05:48:28', '20.00', 1, NULL),
(5, 11, 13, '2026-02-04 10:36:58', '300.00', 1, NULL),
(6, 11, 13, '2026-02-05 13:43:04', '1060.00', 1, NULL),
(7, 11, 13, '2026-02-05 14:10:51', '450.00', 1, NULL),
(8, 11, 12, '2026-02-05 14:30:38', '320.00', 1, NULL),
(9, 11, 12, '2026-02-05 14:43:59', '500.00', 1, NULL),
(10, 11, 12, '2026-02-05 15:18:51', '165.00', 1, NULL),
(11, 11, 13, '2026-02-05 16:23:48', '550.00', 1, NULL),
(12, 11, 13, '2026-02-07 08:53:57', '230.00', 1, NULL),
(13, 11, 13, '2026-02-07 10:33:01', '400.00', 1, NULL),
(14, 11, 13, '2026-02-07 10:43:37', '2060.00', 1, NULL),
(15, 11, 13, '2026-02-08 04:56:06', '112.00', 1, NULL),
(16, 11, 1, '2026-02-08 06:30:50', '20.00', 1, NULL),
(17, 11, 12, '2026-02-08 09:35:26', '250.00', 1, NULL),
(18, 11, 13, '2026-02-09 05:32:16', '260.00', 1, NULL),
(19, 11, 13, '2026-02-09 05:41:46', '2010.00', 1, NULL),
(20, 11, 13, '2026-02-10 08:48:33', '80.00', 1, NULL),
(21, 11, 12, '2026-02-10 09:18:55', '1430.00', 1, NULL),
(22, 11, 13, '2026-02-10 15:51:27', '14.00', 1, NULL),
(23, 11, 13, '2026-02-14 05:29:53', '875.00', 1, NULL),
(24, 11, 12, '2026-02-14 14:20:20', '100.00', 1, NULL),
(25, 11, 12, '2026-02-15 06:16:55', '600.00', 1, NULL),
(26, 11, 13, '2026-02-15 06:31:29', '220.00', 1, NULL),
(27, 11, 13, '2026-02-15 15:25:10', '100.00', 1, NULL),
(28, 11, 13, '2026-02-17 06:05:12', '210.00', 1, NULL),
(29, 11, 13, '2026-02-18 05:16:19', '80.00', 1, NULL),
(30, 11, 12, '2026-02-24 12:56:32', '100.00', 1, NULL),
(31, 11, 13, '2026-02-26 04:56:33', '4747.06', 3, NULL),
(32, 11, 13, '2026-02-26 05:10:48', '381.50', 4, NULL),
(33, 11, 13, '2026-02-26 05:15:13', '40.00', 1, NULL),
(34, 11, 13, '2026-02-26 06:24:29', '419.70', 5, NULL),
(35, 13, 13, '2026-02-26 06:47:08', '1042.50', 1, NULL),
(36, 11, 13, '2026-03-01 11:58:19', '674.00', 1, NULL),
(37, 11, 13, '2026-03-01 12:28:04', '60.00', 1, NULL),
(38, 11, 12, '2026-03-05 05:41:55', '810.00', 1, NULL),
(39, 11, 12, '2026-03-05 05:48:22', '700.00', 1, NULL),
(40, 11, 13, '2026-03-08 17:31:13', '260.00', 1, NULL),
(41, 11, 13, '2026-03-09 10:08:07', '130.00', 1, NULL),
(42, 11, 13, '2026-03-09 10:48:18', '45.00', 1, NULL),
(43, 11, 13, '2026-03-09 11:22:57', '423.70', 5, NULL),
(44, 11, 13, '2026-03-09 11:26:40', '678.40', 3, NULL),
(45, 11, 13, '2026-03-09 11:43:08', '4449.00', 8, NULL),
(46, 11, 13, '2026-03-11 05:24:13', '42.00', 1, NULL),
(47, 11, 13, '2026-03-11 12:42:30', '680.00', 1, NULL),
(48, 11, 13, '2026-03-12 17:14:26', '120.00', 1, NULL),
(49, 11, 13, '2026-03-14 08:44:39', '400.00', 1, NULL),
(50, 11, 1, '2026-03-17 16:45:55', '1.00', 1, NULL),
(51, 11, 1, '2026-03-17 16:49:02', '5.00', 1, NULL),
(52, 11, 1, '2026-03-17 16:52:16', '1.00', 1, NULL),
(53, 11, 1, '2026-03-17 17:00:05', '5.00', 1, NULL),
(54, 11, 1, '2026-03-17 17:12:24', '6.00', 1, NULL),
(55, 11, 1, '2026-03-18 09:06:21', '1.00', 1, NULL);

-- --------------------------------------------------------

--
-- Структура таблицы `stock_receipt_items`
--
-- Создание: Фев 05 2026 г., 10:43
-- Последнее обновление: Мар 18 2026 г., 09:06
--

DROP TABLE IF EXISTS `stock_receipt_items`;
CREATE TABLE `stock_receipt_items` (
  `id` int NOT NULL,
  `receipt_id` int NOT NULL,
  `product_id` int NOT NULL,
  `boxes_qty` int NOT NULL,
  `weight_kg` decimal(10,2) DEFAULT NULL,
  `volume_cbm` decimal(10,2) DEFAULT NULL,
  `amount` decimal(10,2) NOT NULL,
  `purchase_cost` decimal(10,2) DEFAULT NULL,
  `selling_price` decimal(10,2) DEFAULT NULL,
  `pieces_per_box` int NOT NULL DEFAULT '1',
  `loose_pieces` int NOT NULL DEFAULT '0',
  `total_pieces` int NOT NULL DEFAULT '0'
) ENGINE=InnoDB DEFAULT CHARSET=utf8mb3;

--
-- Дамп данных таблицы `stock_receipt_items`
--

INSERT INTO `stock_receipt_items` (`id`, `receipt_id`, `product_id`, `boxes_qty`, `weight_kg`, `volume_cbm`, `amount`, `purchase_cost`, `selling_price`, `pieces_per_box`, `loose_pieces`, `total_pieces`) VALUES
(4100, 1, 1, 1, NULL, NULL, '640.00', '80.00', '160.00', 8, 0, 8),
(4101, 1, 2, 1, NULL, NULL, '0.00', '0.00', '0.00', 0, 0, 0),
(4102, 1, 3, 1, NULL, NULL, '360.00', '15.00', '37.50', 24, 0, 24),
(4103, 1, 4, 1, NULL, NULL, '380.00', '19.00', '47.50', 20, 0, 20),
(4104, 1, 5, 1, NULL, NULL, '528.00', '16.00', '40.00', 33, 0, 33),
(4105, 1, 6, 1, NULL, NULL, '306.00', '17.00', '42.50', 18, 0, 18),
(4106, 1, 7, 1, NULL, NULL, '1440.00', '45.00', '90.00', 32, 0, 32),
(4107, 1, 8, 1, NULL, NULL, '765.00', '45.00', '90.00', 17, 0, 17),
(4108, 1, 9, 1, NULL, NULL, '1350.00', '50.00', '100.00', 27, 0, 27),
(4109, 1, 10, 1, NULL, NULL, '2820.00', '30.00', '36.00', 94, 0, 94),
(4110, 1, 11, 1, NULL, NULL, '2475.00', '25.00', '30.00', 99, 0, 99),
(4111, 1, 12, 1, NULL, NULL, '450.00', '30.00', '60.00', 15, 0, 15),
(4112, 1, 13, 1, NULL, NULL, '825.00', '25.00', '50.00', 33, 0, 33),
(4113, 1, 14, 1, NULL, NULL, '658.00', '94.00', '235.00', 7, 0, 7),
(4114, 1, 15, 1, NULL, NULL, '0.00', '0.00', '0.00', 2, 0, 2),
(4115, 1, 16, 1, NULL, NULL, '276.00', '46.00', '115.00', 6, 0, 6),
(4116, 1, 17, 1, NULL, NULL, '495.00', '33.00', '82.50', 15, 0, 15),
(4117, 1, 18, 1, NULL, NULL, '7150.00', '55.00', '110.00', 130, 0, 130),
(4118, 1, 19, 1, NULL, NULL, '612.00', '8.50', '21.25', 72, 0, 72),
(4119, 1, 20, 1, NULL, NULL, '1577.00', '19.00', '38.00', 83, 0, 83),
(4120, 1, 21, 1, NULL, NULL, '1102.00', '19.00', '47.50', 58, 0, 58),
(4121, 1, 22, 1, NULL, NULL, '9060.00', '60.00', '150.00', 151, 0, 151),
(4122, 1, 23, 1, NULL, NULL, '9840.00', '60.00', '150.00', 164, 0, 164),
(4123, 1, 24, 1, NULL, NULL, '1155.00', '165.00', '412.50', 7, 0, 7),
(4124, 1, 25, 1, NULL, NULL, '330.00', '110.00', '275.00', 3, 0, 3),
(4125, 1, 26, 1, NULL, NULL, '10188.00', '36.00', '90.00', 283, 0, 283),
(4126, 1, 27, 1, NULL, NULL, '646.00', '38.00', '95.00', 17, 0, 17),
(4127, 1, 28, 1, NULL, NULL, '1160.00', '58.00', '116.00', 20, 0, 20),
(4128, 1, 29, 1, NULL, NULL, '2400.00', '400.00', '1000.00', 6, 0, 6),
(4129, 1, 30, 1, NULL, NULL, '48.00', '4.00', '10.00', 12, 0, 12),
(4130, 1, 31, 1, NULL, NULL, '168.00', '6.00', '15.00', 28, 0, 28),
(4131, 1, 32, 1, NULL, NULL, '744.00', '3.00', '7.50', 248, 0, 248),
(4132, 1, 33, 1, NULL, NULL, '488.40', '2.20', '5.50', 222, 0, 222),
(4133, 1, 34, 1, NULL, NULL, '5376.00', '0.80', '1.60', 6720, 0, 6720),
(4134, 1, 35, 1, NULL, NULL, '768.00', '3.00', '6.00', 256, 0, 256),
(4135, 1, 36, 1, NULL, NULL, '792.00', '3.00', '6.00', 264, 0, 264),
(4136, 1, 37, 1, NULL, NULL, '220.00', '4.00', '10.00', 55, 0, 55),
(4137, 1, 38, 1, NULL, NULL, '255.50', '3.50', '8.75', 73, 0, 73),
(4138, 1, 39, 1, NULL, NULL, '187.00', '8.50', '21.25', 22, 0, 22),
(4139, 1, 40, 1, NULL, NULL, '295.50', '1.50', '3.75', 197, 0, 197),
(4140, 1, 41, 1, NULL, NULL, '474.00', '1.00', '1.02', 474, 0, 474),
(4141, 1, 42, 1, NULL, NULL, '285.00', '15.00', '18.00', 19, 0, 19),
(4142, 1, 43, 1, NULL, NULL, '1040.00', '13.00', '15.60', 80, 0, 80),
(4143, 1, 44, 1, NULL, NULL, '662.40', '3.20', '8.00', 207, 0, 207),
(4144, 1, 45, 1, NULL, NULL, '474.00', '3.00', '7.50', 158, 0, 158),
(4145, 1, 46, 1, NULL, NULL, '726.80', '0.40', '1.00', 1817, 0, 1817),
(4146, 1, 47, 1, NULL, NULL, '523.80', '0.60', '1.50', 873, 0, 873),
(4147, 1, 48, 1, NULL, NULL, '400.00', '1.00', '2.50', 400, 0, 400),
(4148, 1, 49, 1, NULL, NULL, '40.00', '2.00', '5.00', 20, 0, 20),
(4149, 1, 50, 1, NULL, NULL, '759.20', '2.60', '6.50', 292, 0, 292),
(4150, 1, 51, 1, NULL, NULL, '360.00', '4.00', '5.00', 90, 0, 90),
(4151, 1, 52, 1, NULL, NULL, '776.00', '0.80', '2.00', 970, 0, 970),
(4152, 1, 53, 1, NULL, NULL, '735.00', '17.50', '35.00', 42, 0, 42),
(4153, 1, 54, 1, NULL, NULL, '630.00', '17.50', '35.00', 36, 0, 36),
(4154, 1, 55, 1, NULL, NULL, '469.20', '2.30', '5.75', 204, 0, 204),
(4155, 1, 56, 1, NULL, NULL, '549.60', '2.40', '6.00', 229, 0, 229),
(4156, 1, 57, 1, NULL, NULL, '770.00', '3.50', '7.00', 220, 0, 220),
(4157, 1, 58, 1, NULL, NULL, '40.00', '10.00', '20.00', 4, 0, 4),
(4158, 1, 59, 1, NULL, NULL, '1470.00', '14.00', '35.00', 105, 0, 105),
(4159, 1, 60, 1, NULL, NULL, '161.00', '11.50', '28.75', 14, 0, 14),
(4160, 1, 61, 1, NULL, NULL, '1904.00', '68.00', '170.00', 28, 0, 28),
(4161, 1, 62, 1, NULL, NULL, '430.00', '86.00', '172.00', 5, 0, 5),
(4162, 1, 63, 1, NULL, NULL, '588.00', '21.00', '42.00', 28, 0, 28),
(4163, 1, 64, 1, NULL, NULL, '880.00', '220.00', '550.00', 4, 0, 4),
(4164, 1, 65, 1, NULL, NULL, '400.00', '100.00', '250.00', 4, 0, 4),
(4165, 1, 66, 1, NULL, NULL, '330.00', '110.00', '275.00', 3, 0, 3),
(4166, 1, 67, 1, NULL, NULL, '288.00', '48.00', '120.00', 6, 0, 6),
(4167, 1, 68, 1, NULL, NULL, '0.00', '0.00', '0.00', 0, 0, 0),
(4168, 1, 69, 1, NULL, NULL, '100.00', '100.00', '250.00', 1, 0, 1),
(4169, 1, 70, 1, NULL, NULL, '2080.00', '65.00', '162.50', 32, 0, 32),
(4170, 1, 71, 1, NULL, NULL, '525.00', '75.00', '187.50', 7, 0, 7),
(4171, 1, 72, 1, NULL, NULL, '525.00', '35.00', '87.50', 15, 0, 15),
(4172, 1, 73, 1, NULL, NULL, '95.00', '95.00', '237.50', 1, 0, 1),
(4173, 1, 74, 1, NULL, NULL, '348.00', '58.00', '145.00', 6, 0, 6),
(4174, 1, 75, 1, NULL, NULL, '220.00', '220.00', '550.00', 1, 0, 1),
(4175, 1, 76, 1, NULL, NULL, '750.00', '250.00', '625.00', 3, 0, 3),
(4176, 1, 77, 1, NULL, NULL, '825.00', '165.00', '412.50', 5, 0, 5),
(4177, 1, 78, 1, NULL, NULL, '2296.00', '28.00', '70.00', 82, 0, 82),
(4178, 1, 79, 1, NULL, NULL, '3000.00', '125.00', '312.50', 24, 0, 24),
(4179, 1, 80, 1, NULL, NULL, '0.00', '0.00', '0.00', 0, 0, 0),
(4180, 1, 81, 1, NULL, NULL, '700.00', '70.00', '175.00', 10, 0, 10),
(4181, 1, 82, 1, NULL, NULL, '282.00', '47.00', '94.00', 6, 0, 6),
(4182, 1, 83, 1, NULL, NULL, '423.00', '47.00', '117.50', 9, 0, 9),
(4183, 1, 84, 1, NULL, NULL, '950.00', '50.00', '125.00', 19, 0, 19),
(4184, 1, 85, 1, NULL, NULL, '660.00', '55.00', '137.50', 12, 0, 12),
(4185, 1, 86, 1, NULL, NULL, '1566.00', '58.00', '116.00', 27, 0, 27),
(4186, 1, 87, 1, NULL, NULL, '104.00', '52.00', '130.00', 2, 0, 2),
(4187, 1, 88, 1, NULL, NULL, '130.00', '65.00', '162.50', 2, 0, 2),
(4188, 1, 89, 1, NULL, NULL, '420.00', '42.00', '84.00', 10, 0, 10),
(4189, 1, 90, 1, NULL, NULL, '232.00', '58.00', '145.00', 4, 0, 4),
(4190, 1, 91, 1, NULL, NULL, '960.00', '48.00', '120.00', 20, 0, 20),
(4191, 1, 92, 1, NULL, NULL, '558.00', '62.00', '155.00', 9, 0, 9),
(4192, 1, 93, 1, NULL, NULL, '434.00', '62.00', '155.00', 7, 0, 7),
(4193, 1, 94, 1, NULL, NULL, '1300.00', '52.00', '130.00', 25, 0, 25),
(4194, 1, 95, 1, NULL, NULL, '936.00', '52.00', '130.00', 18, 0, 18),
(4195, 1, 96, 1, NULL, NULL, '4125.00', '75.00', '150.00', 55, 0, 55),
(4196, 1, 97, 1, NULL, NULL, '4650.00', '75.00', '150.00', 62, 0, 62),
(4197, 1, 98, 1, NULL, NULL, '782.00', '46.00', '115.00', 17, 0, 17),
(4198, 1, 99, 1, NULL, NULL, '585.00', '39.00', '78.00', 15, 0, 15),
(4199, 1, 100, 1, NULL, NULL, '320.00', '40.00', '100.00', 8, 0, 8),
(4200, 1, 101, 1, NULL, NULL, '1024.00', '64.00', '160.00', 16, 0, 16),
(4201, 1, 102, 1, NULL, NULL, '891.00', '11.00', '27.50', 81, 0, 81),
(4202, 1, 103, 1, NULL, NULL, '1026.00', '13.50', '33.75', 76, 0, 76),
(4203, 1, 104, 1, NULL, NULL, '1978.00', '11.50', '28.75', 172, 0, 172),
(4204, 1, 105, 1, NULL, NULL, '77.00', '11.00', '27.50', 7, 0, 7),
(4205, 1, 106, 1, NULL, NULL, '427.50', '5.70', '11.40', 75, 0, 75),
(4206, 1, 107, 1, NULL, NULL, '135.00', '45.00', '112.50', 3, 0, 3),
(4207, 1, 108, 1, NULL, NULL, '700.00', '7.00', '14.00', 100, 0, 100),
(4208, 1, 109, 1, NULL, NULL, '130.00', '6.50', '16.25', 20, 0, 20),
(4209, 1, 110, 1, NULL, NULL, '255.00', '51.00', '102.00', 5, 0, 5),
(4210, 1, 111, 1, NULL, NULL, '450.00', '75.00', '150.00', 6, 0, 6),
(4211, 1, 112, 1, NULL, NULL, '456.00', '38.00', '95.00', 12, 0, 12),
(4212, 1, 113, 1, NULL, NULL, '325.00', '25.00', '62.50', 13, 0, 13),
(4213, 1, 114, 1, NULL, NULL, '874.00', '38.00', '95.00', 23, 0, 23),
(4214, 1, 115, 1, NULL, NULL, '850.00', '25.00', '62.50', 34, 0, 34),
(4215, 1, 116, 1, NULL, NULL, '1680.00', '40.00', '100.00', 42, 0, 42),
(4216, 1, 117, 1, NULL, NULL, '1040.00', '26.00', '65.00', 40, 0, 40),
(4217, 1, 118, 1, NULL, NULL, '1764.00', '42.00', '105.00', 42, 0, 42),
(4218, 1, 119, 1, NULL, NULL, '702.00', '27.00', '67.50', 26, 0, 26),
(4219, 1, 120, 1, NULL, NULL, '132.00', '44.00', '110.00', 3, 0, 3),
(4220, 1, 121, 1, NULL, NULL, '58.00', '29.00', '72.50', 2, 0, 2),
(4221, 1, 122, 1, NULL, NULL, '184.00', '46.00', '115.00', 4, 0, 4),
(4222, 1, 123, 1, NULL, NULL, '250.00', '250.00', '300.00', 1, 0, 1),
(4223, 1, 124, 1, NULL, NULL, '200.00', '200.00', '250.00', 1, 0, 1),
(4224, 1, 125, 1, NULL, NULL, '250.00', '250.00', '300.00', 1, 0, 1),
(4225, 1, 126, 1, NULL, NULL, '200.00', '200.00', '250.00', 1, 0, 1),
(4226, 1, 127, 1, NULL, NULL, '1804.00', '44.00', '110.00', 41, 0, 41),
(4227, 1, 128, 1, NULL, NULL, '286.00', '22.00', '55.00', 13, 0, 13),
(4228, 1, 129, 1, NULL, NULL, '924.00', '44.00', '110.00', 21, 0, 21),
(4229, 1, 130, 1, NULL, NULL, '220.00', '22.00', '55.00', 10, 0, 10),
(4230, 1, 131, 1, NULL, NULL, '900.00', '45.00', '112.50', 20, 0, 20),
(4231, 1, 132, 1, NULL, NULL, '299.00', '23.00', '57.50', 13, 0, 13),
(4232, 1, 133, 1, NULL, NULL, '598.00', '46.00', '115.00', 13, 0, 13),
(4233, 1, 134, 1, NULL, NULL, '312.00', '24.00', '60.00', 13, 0, 13),
(4234, 1, 135, 1, NULL, NULL, '0.00', '0.00', '0.00', 0, 0, 0),
(4235, 1, 136, 1, NULL, NULL, '832.00', '26.00', '65.00', 32, 0, 32),
(4236, 1, 137, 1, NULL, NULL, '385.00', '77.00', '192.50', 5, 0, 5),
(4237, 1, 138, 1, NULL, NULL, '186.00', '31.00', '77.50', 6, 0, 6),
(4238, 1, 139, 1, NULL, NULL, '1406.00', '74.00', '185.00', 19, 0, 19),
(4239, 1, 140, 1, NULL, NULL, '540.00', '30.00', '75.00', 18, 0, 18),
(4240, 1, 141, 1, NULL, NULL, '320.00', '80.00', '200.00', 4, 0, 4),
(4241, 1, 142, 1, NULL, NULL, '102.00', '34.00', '85.00', 3, 0, 3),
(4242, 1, 143, 1, NULL, NULL, '115.00', '2.30', '4.60', 50, 0, 50),
(4243, 1, 144, 1, NULL, NULL, '115.00', '2.30', '4.60', 50, 0, 50),
(4244, 1, 145, 1, NULL, NULL, '115.00', '2.30', '4.60', 50, 0, 50),
(4245, 1, 146, 1, NULL, NULL, '115.00', '2.30', '4.60', 50, 0, 50),
(4246, 1, 147, 1, NULL, NULL, '115.00', '2.30', '4.60', 50, 0, 50),
(4247, 1, 148, 1, NULL, NULL, '420.00', '105.00', '210.00', 4, 0, 4),
(4248, 1, 149, 1, NULL, NULL, '4100.00', '820.00', '1640.00', 5, 0, 5),
(4249, 1, 150, 1, NULL, NULL, '4450.00', '890.00', '1780.00', 5, 0, 5),
(4250, 1, 151, 1, NULL, NULL, '1365.00', '65.00', '130.00', 21, 0, 21),
(4251, 1, 152, 1, NULL, NULL, '2236.00', '86.00', '215.00', 26, 0, 26),
(4252, 1, 153, 1, NULL, NULL, '403.30', '3.70', '7.40', 109, 0, 109),
(4253, 1, 154, 1, NULL, NULL, '238.80', '1.20', '3.00', 199, 0, 199),
(4254, 1, 155, 1, NULL, NULL, '90.00', '15.00', '18.00', 6, 0, 6),
(4255, 1, 156, 1, NULL, NULL, '2041.00', '6.50', '16.25', 314, 0, 314),
(4256, 1, 157, 1, NULL, NULL, '0.00', '0.00', '0.00', 0, 0, 0),
(4257, 1, 158, 1, NULL, NULL, '310.70', '1.30', '3.25', 239, 0, 239),
(4258, 1, 159, 1, NULL, NULL, '952.50', '1.50', '3.75', 635, 0, 635),
(4259, 1, 160, 1, NULL, NULL, '912.00', '8.00', '20.00', 114, 0, 114),
(4260, 1, 161, 1, NULL, NULL, '563.50', '3.50', '7.00', 161, 0, 161),
(4261, 1, 162, 1, NULL, NULL, '8.00', '8.00', '20.00', 1, 0, 1),
(4262, 1, 163, 1, NULL, NULL, '25.60', '0.80', '2.00', 32, 0, 32),
(4263, 1, 164, 1, NULL, NULL, '723.00', '1.50', '3.75', 482, 0, 482),
(4264, 1, 165, 1, NULL, NULL, '109.20', '0.60', '1.50', 182, 0, 182),
(4265, 1, 166, 1, NULL, NULL, '1368.00', '3.80', '7.60', 360, 0, 360),
(4266, 1, 167, 1, NULL, NULL, '422.40', '1.20', '3.00', 352, 0, 352),
(4267, 1, 168, 1, NULL, NULL, '1380.00', '690.00', '1380.00', 2, 0, 2),
(4268, 1, 169, 1, NULL, NULL, '6360.00', '795.00', '1590.00', 8, 0, 8),
(4269, 1, 170, 1, NULL, NULL, '4050.00', '1350.00', '3375.00', 3, 0, 3),
(4270, 1, 171, 1, NULL, NULL, '2365.00', '11.00', '12.54', 215, 0, 215),
(4271, 1, 172, 1, NULL, NULL, '600.00', '150.00', '375.00', 4, 0, 4),
(4272, 1, 173, 1, NULL, NULL, '204.00', '68.00', '136.00', 3, 0, 3),
(4273, 1, 174, 1, NULL, NULL, '1456.00', '56.00', '140.00', 26, 0, 26),
(4274, 1, 175, 1, NULL, NULL, '570.00', '95.00', '190.00', 6, 0, 6),
(4275, 1, 176, 1, NULL, NULL, '689.00', '53.00', '132.50', 13, 0, 13),
(4276, 1, 177, 1, NULL, NULL, '1050.00', '175.00', '437.50', 6, 0, 6),
(4277, 1, 178, 1, NULL, NULL, '1300.00', '650.00', '754.00', 2, 0, 2),
(4278, 1, 179, 1, NULL, NULL, '1540.00', '1540.00', '1750.98', 1, 0, 1),
(4279, 1, 180, 1, NULL, NULL, '4200.00', '600.00', '1500.00', 7, 0, 7),
(4280, 1, 181, 1, NULL, NULL, '1240.00', '155.00', '387.50', 8, 0, 8),
(4281, 1, 182, 1, NULL, NULL, '5440.00', '680.00', '1360.00', 8, 0, 8),
(4282, 1, 183, 1, NULL, NULL, '1748.00', '92.00', '184.00', 19, 0, 19),
(4283, 1, 184, 1, NULL, NULL, '3200.00', '640.00', '1600.00', 5, 0, 5),
(4284, 1, 185, 1, NULL, NULL, '324.00', '18.00', '45.00', 18, 0, 18),
(4285, 1, 186, 1, NULL, NULL, '1547.00', '1.70', '4.25', 910, 0, 910),
(4286, 1, 187, 1, NULL, NULL, '250.00', '50.00', '125.00', 5, 0, 5),
(4287, 1, 188, 1, NULL, NULL, '392.00', '49.00', '122.50', 8, 0, 8),
(4288, 1, 189, 1, NULL, NULL, '0.00', '0.00', '0.00', 0, 0, 0),
(4289, 1, 190, 1, NULL, NULL, '650.00', '6.50', '13.00', 100, 0, 100),
(4290, 1, 191, 1, NULL, NULL, '5720.00', '2860.00', '7722.00', 2, 0, 2),
(4291, 1, 192, 1, NULL, NULL, '6140.00', '3070.00', '8289.00', 2, 0, 2),
(4292, 1, 193, 1, NULL, NULL, '16000.00', '8000.00', '21600.00', 2, 0, 2),
(4293, 1, 194, 1, NULL, NULL, '405.00', '45.00', '90.00', 9, 0, 9),
(4294, 1, 195, 1, NULL, NULL, '390.00', '65.00', '130.00', 6, 0, 6),
(4295, 1, 196, 1, NULL, NULL, '2340.00', '130.00', '325.00', 18, 0, 18),
(4296, 1, 197, 1, NULL, NULL, '6210.00', '230.00', '460.00', 27, 0, 27),
(4297, 1, 198, 1, NULL, NULL, '1080.00', '360.00', '720.00', 3, 0, 3),
(4298, 1, 199, 1, NULL, NULL, '13940.00', '340.00', '680.00', 41, 0, 41),
(4299, 1, 200, 1, NULL, NULL, '19080.00', '360.00', '720.00', 53, 0, 53),
(4300, 1, 201, 1, NULL, NULL, '1785.00', '255.00', '510.00', 7, 0, 7),
(4301, 1, 202, 1, NULL, NULL, '1020.00', '340.00', '680.00', 3, 0, 3),
(4302, 1, 203, 1, NULL, NULL, '3750.00', '150.00', '300.00', 25, 0, 25),
(4303, 1, 204, 1, NULL, NULL, '2600.00', '650.00', '754.00', 4, 0, 4),
(4304, 1, 205, 1, NULL, NULL, '2160.00', '360.00', '720.00', 6, 0, 6),
(4305, 1, 206, 1, NULL, NULL, '0.00', '185.00', '185.00', 0, 0, 0),
(4306, 1, 207, 1, NULL, NULL, '1870.00', '55.00', '110.00', 34, 0, 34),
(4307, 1, 208, 1, NULL, NULL, '632.50', '5.50', '13.75', 115, 0, 115),
(4308, 1, 209, 1, NULL, NULL, '374.00', '17.00', '34.00', 22, 0, 22),
(4309, 1, 210, 1, NULL, NULL, '299.00', '13.00', '26.00', 23, 0, 23),
(4310, 1, 211, 1, NULL, NULL, '299.00', '13.00', '26.00', 23, 0, 23),
(4311, 1, 212, 1, NULL, NULL, '408.00', '17.00', '34.00', 24, 0, 24),
(4312, 1, 213, 1, NULL, NULL, '2643.50', '8.50', '21.25', 311, 0, 311),
(4313, 1, 214, 1, NULL, NULL, '1317.50', '8.50', '21.25', 155, 0, 155),
(4314, 1, 215, 1, NULL, NULL, '1292.00', '8.50', '21.25', 152, 0, 152),
(4315, 1, 216, 1, NULL, NULL, '756.00', '18.00', '45.00', 42, 0, 42),
(4316, 1, 217, 1, NULL, NULL, '129.00', '4.30', '8.60', 30, 0, 30),
(4317, 1, 218, 1, NULL, NULL, '126.00', '4.20', '8.40', 30, 0, 30),
(4318, 1, 219, 1, NULL, NULL, '660.00', '220.00', '550.00', 3, 0, 3),
(4319, 1, 220, 1, NULL, NULL, '2548.00', '14.00', '28.00', 182, 0, 182),
(4320, 1, 221, 1, NULL, NULL, '126.00', '4.20', '8.40', 30, 0, 30),
(4321, 1, 222, 1, NULL, NULL, '255.00', '8.50', '17.00', 30, 0, 30),
(4322, 1, 223, 1, NULL, NULL, '126.00', '4.20', '8.40', 30, 0, 30),
(4323, 1, 224, 1, NULL, NULL, '198.00', '6.60', '13.20', 30, 0, 30),
(4324, 1, 225, 1, NULL, NULL, '110.00', '5.50', '11.00', 20, 0, 20),
(4325, 1, 226, 1, NULL, NULL, '2376.00', '27.00', '54.00', 88, 0, 88),
(4326, 1, 227, 1, NULL, NULL, '1295.00', '7.00', '17.50', 185, 0, 185),
(4327, 1, 228, 1, NULL, NULL, '2376.00', '27.00', '54.00', 88, 0, 88),
(4328, 1, 229, 1, NULL, NULL, '210.00', '7.00', '14.00', 30, 0, 30),
(4329, 1, 230, 1, NULL, NULL, '2400.00', '8.00', '16.00', 300, 0, 300),
(4330, 1, 231, 1, NULL, NULL, '177.00', '5.90', '11.80', 30, 0, 30),
(4331, 1, 232, 1, NULL, NULL, '240.00', '240.00', '480.00', 1, 0, 1),
(4332, 1, 233, 1, NULL, NULL, '240.00', '240.00', '480.00', 1, 0, 1),
(4333, 1, 234, 1, NULL, NULL, '9635.00', '235.00', '470.00', 41, 0, 41),
(4334, 1, 235, 1, NULL, NULL, '5425.00', '175.00', '350.00', 31, 0, 31),
(4335, 1, 236, 1, NULL, NULL, '1190.00', '170.00', '340.00', 7, 0, 7),
(4336, 1, 237, 1, NULL, NULL, '1479.00', '17.00', '42.50', 87, 0, 87),
(4337, 1, 238, 1, NULL, NULL, '1717.00', '17.00', '42.50', 101, 0, 101),
(4338, 1, 239, 1, NULL, NULL, '1190.00', '17.00', '42.50', 70, 0, 70),
(4339, 1, 240, 1, NULL, NULL, '120.00', '20.00', '30.00', 6, 0, 6),
(4340, 1, 241, 1, NULL, NULL, '0.00', '0.00', '0.00', 0, 0, 0),
(4341, 1, 242, 1, NULL, NULL, '3750.00', '750.00', '1500.00', 5, 0, 5),
(4342, 1, 243, 1, NULL, NULL, '1073.00', '37.00', '92.50', 29, 0, 29),
(4343, 1, 244, 1, NULL, NULL, '510.00', '170.00', '425.00', 3, 0, 3),
(4344, 1, 245, 1, NULL, NULL, '2080.00', '52.00', '130.00', 40, 0, 40),
(4345, 1, 246, 1, NULL, NULL, '1278.00', '71.00', '177.50', 18, 0, 18),
(4346, 1, 247, 1, NULL, NULL, '1278.00', '71.00', '177.50', 18, 0, 18),
(4347, 1, 248, 1, NULL, NULL, '150.00', '75.00', '187.50', 2, 0, 2),
(4348, 1, 249, 1, NULL, NULL, '1295.00', '2.50', '6.25', 518, 0, 518),
(4349, 1, 250, 1, NULL, NULL, '1584.00', '24.00', '60.00', 66, 0, 66),
(4350, 1, 251, 1, NULL, NULL, '475.00', '25.00', '30.00', 19, 0, 19),
(4351, 1, 252, 1, NULL, NULL, '486.00', '18.00', '45.00', 27, 0, 27),
(4352, 1, 253, 1, NULL, NULL, '73.60', '1.60', '4.00', 46, 0, 46),
(4353, 1, 254, 1, NULL, NULL, '0.00', '0.00', '0.00', 0, 0, 0),
(4354, 1, 255, 1, NULL, NULL, '64.00', '8.00', '20.00', 8, 0, 8),
(4355, 1, 256, 1, NULL, NULL, '228.00', '1.20', '3.00', 190, 0, 190),
(4356, 1, 257, 1, NULL, NULL, '315.00', '3.00', '7.50', 105, 0, 105),
(4357, 1, 258, 1, NULL, NULL, '37.40', '2.20', '5.50', 17, 0, 17),
(4358, 1, 259, 1, NULL, NULL, '930.00', '6.00', '15.00', 155, 0, 155),
(4359, 1, 260, 1, NULL, NULL, '660.00', '6.00', '15.00', 110, 0, 110),
(4360, 1, 261, 1, NULL, NULL, '210.00', '6.00', '15.00', 35, 0, 35),
(4361, 1, 262, 1, NULL, NULL, '743.00', '0.50', '1.25', 1486, 0, 1486),
(4362, 1, 263, 1, NULL, NULL, '269.50', '0.70', '1.75', 385, 0, 385),
(4363, 1, 264, 1, NULL, NULL, '464.00', '58.00', '145.00', 8, 0, 8),
(4364, 1, 265, 1, NULL, NULL, '1062.00', '9.00', '18.00', 118, 0, 118),
(4365, 1, 266, 1, NULL, NULL, '657.00', '9.00', '18.00', 73, 0, 73),
(4366, 1, 267, 1, NULL, NULL, '550.00', '11.00', '27.50', 50, 0, 50),
(4367, 1, 268, 1, NULL, NULL, '297.00', '9.00', '22.50', 33, 0, 33),
(4368, 1, 269, 1, NULL, NULL, '697.20', '2.10', '5.25', 332, 0, 332),
(4369, 1, 270, 1, NULL, NULL, '1176.00', '21.00', '52.50', 56, 0, 56),
(4370, 1, 271, 1, NULL, NULL, '84.00', '28.00', '70.00', 3, 0, 3),
(4371, 1, 272, 1, NULL, NULL, '56.00', '28.00', '70.00', 2, 0, 2),
(4372, 1, 273, 1, NULL, NULL, '552.00', '11.50', '28.75', 48, 0, 48),
(4373, 1, 274, 1, NULL, NULL, '563.50', '11.50', '28.75', 49, 0, 49),
(4374, 1, 275, 1, NULL, NULL, '276.00', '11.50', '28.75', 24, 0, 24),
(4375, 1, 276, 1, NULL, NULL, '812.00', '58.00', '145.00', 14, 0, 14),
(4376, 1, 277, 1, NULL, NULL, '800.00', '400.00', '1000.00', 2, 0, 2),
(4377, 1, 278, 1, NULL, NULL, '495.00', '165.00', '412.50', 3, 0, 3),
(4378, 1, 279, 1, NULL, NULL, '495.00', '45.00', '112.50', 11, 0, 11),
(4379, 1, 280, 1, NULL, NULL, '1188.00', '36.00', '90.00', 33, 0, 33),
(4380, 1, 281, 1, NULL, NULL, '40.00', '4.00', '10.00', 10, 0, 10),
(4381, 1, 282, 1, NULL, NULL, '242.00', '22.00', '55.00', 11, 0, 11),
(4382, 1, 283, 1, NULL, NULL, '396.00', '36.00', '90.00', 11, 0, 11),
(4383, 1, 284, 1, NULL, NULL, '210.00', '30.00', '36.00', 7, 0, 7),
(4384, 1, 285, 1, NULL, NULL, '144.00', '48.00', '96.00', 3, 0, 3),
(4385, 1, 286, 1, NULL, NULL, '390.00', '78.00', '156.00', 5, 0, 5),
(4386, 1, 287, 1, NULL, NULL, '85.00', '85.00', '170.00', 1, 0, 1),
(4387, 1, 288, 1, NULL, NULL, '533.00', '13.00', '32.50', 41, 0, 41),
(4388, 1, 289, 1, NULL, NULL, '595.00', '85.00', '170.00', 7, 0, 7),
(4389, 1, 290, 1, NULL, NULL, '110.00', '110.00', '220.00', 1, 0, 1),
(4390, 1, 291, 1, NULL, NULL, '540.00', '60.00', '150.00', 9, 0, 9),
(4391, 1, 292, 1, NULL, NULL, '525.00', '75.00', '187.50', 7, 0, 7),
(4392, 1, 293, 1, NULL, NULL, '330.00', '22.00', '55.00', 15, 0, 15),
(4393, 1, 294, 1, NULL, NULL, '637.00', '49.00', '122.50', 13, 0, 13),
(4394, 1, 295, 1, NULL, NULL, '104.00', '26.00', '65.00', 4, 0, 4),
(4395, 1, 296, 1, NULL, NULL, '462.00', '22.00', '55.00', 21, 0, 21),
(4396, 1, 297, 1, NULL, NULL, '1870.00', '55.00', '110.00', 34, 0, 34),
(4397, 1, 298, 1, NULL, NULL, '176.00', '88.00', '176.00', 2, 0, 2),
(4398, 1, 299, 1, NULL, NULL, '5600.00', '1400.00', '2800.00', 4, 0, 4),
(4399, 1, 300, 1, NULL, NULL, '10920.00', '420.00', '840.00', 26, 0, 26),
(4400, 1, 301, 1, NULL, NULL, '5330.00', '410.00', '1025.00', 13, 0, 13),
(4401, 1, 302, 1, NULL, NULL, '2450.00', '350.00', '700.00', 7, 0, 7),
(4402, 1, 303, 1, NULL, NULL, '5880.00', '420.00', '1050.00', 14, 0, 14),
(4403, 1, 304, 1, NULL, NULL, '3850.00', '550.00', '1375.00', 7, 0, 7),
(4404, 1, 305, 1, NULL, NULL, '2000.00', '400.00', '800.00', 5, 0, 5),
(4405, 1, 306, 1, NULL, NULL, '980.50', '18.50', '22.20', 53, 0, 53),
(4406, 1, 307, 1, NULL, NULL, '840.00', '12.00', '14.40', 70, 0, 70),
(4407, 1, 308, 1, NULL, NULL, '1482.00', '39.00', '78.00', 38, 0, 38),
(4408, 1, 309, 1, NULL, NULL, '2475.00', '33.00', '82.50', 75, 0, 75),
(4409, 1, 310, 1, NULL, NULL, '1890.00', '210.00', '420.00', 9, 0, 9),
(4410, 1, 311, 1, NULL, NULL, '325.00', '325.00', '650.00', 1, 0, 1),
(4411, 1, 312, 1, NULL, NULL, '840.00', '210.00', '420.00', 4, 0, 4),
(4412, 1, 313, 1, NULL, NULL, '975.00', '325.00', '650.00', 3, 0, 3),
(4413, 1, 314, 1, NULL, NULL, '630.00', '210.00', '420.00', 3, 0, 3),
(4414, 1, 315, 1, NULL, NULL, '420.00', '84.00', '168.00', 5, 0, 5),
(4415, 1, 316, 1, NULL, NULL, '588.00', '84.00', '168.00', 7, 0, 7),
(4416, 1, 317, 1, NULL, NULL, '748.00', '68.00', '170.00', 11, 0, 11),
(4417, 1, 318, 1, NULL, NULL, '564.00', '47.00', '117.50', 12, 0, 12),
(4418, 1, 319, 1, NULL, NULL, '987.00', '47.00', '117.50', 21, 0, 21),
(4419, 1, 320, 1, NULL, NULL, '517.00', '47.00', '117.50', 11, 0, 11),
(4420, 1, 321, 1, NULL, NULL, '195.00', '65.00', '162.50', 3, 0, 3),
(4421, 1, 322, 1, NULL, NULL, '552.00', '138.00', '276.00', 4, 0, 4),
(4422, 1, 323, 1, NULL, NULL, '55000.00', '5.00', '6.50', 11000, 0, 11000),
(4423, 1, 324, 1, NULL, NULL, '15.00', '5.00', '5.50', 3, 0, 3),
(4424, 1, 325, 1, NULL, NULL, '12000.00', '8.00', '10.00', 1500, 0, 1500),
(4425, 1, 326, 1, NULL, NULL, '7000.00', '10.00', '13.00', 700, 0, 700),
(4426, 1, 327, 1, NULL, NULL, '950.00', '10.00', '15.00', 95, 0, 95),
(4427, 1, 328, 1, NULL, NULL, '940.00', '470.00', '1175.00', 2, 0, 2),
(4428, 1, 329, 1, NULL, NULL, '2450.00', '175.00', '437.50', 14, 0, 14),
(4429, 1, 330, 1, NULL, NULL, '1960.00', '245.00', '490.00', 8, 0, 8),
(4430, 1, 331, 1, NULL, NULL, '1035.00', '115.00', '287.50', 9, 0, 9),
(4431, 1, 332, 1, NULL, NULL, '252.00', '63.00', '126.00', 4, 0, 4),
(4432, 1, 333, 1, NULL, NULL, '320.00', '320.00', '800.00', 1, 0, 1),
(4433, 1, 334, 1, NULL, NULL, '990.00', '165.00', '330.00', 6, 0, 6),
(4434, 1, 335, 1, NULL, NULL, '550.00', '550.00', '1375.00', 1, 0, 1),
(4435, 1, 336, 1, NULL, NULL, '816.00', '68.00', '170.00', 12, 0, 12),
(4436, 1, 337, 1, NULL, NULL, '579.60', '6.30', '15.75', 92, 0, 92),
(4437, 1, 338, 1, NULL, NULL, '529.20', '6.30', '15.75', 84, 0, 84),
(4438, 1, 339, 1, NULL, NULL, '835.20', '5.80', '14.50', 144, 0, 144),
(4439, 1, 340, 1, NULL, NULL, '858.40', '5.80', '14.50', 148, 0, 148),
(4440, 1, 341, 1, NULL, NULL, '4480.00', '5.00', '12.50', 896, 0, 896),
(4441, 1, 342, 1, NULL, NULL, '4340.00', '5.00', '12.50', 868, 0, 868),
(4442, 1, 343, 1, NULL, NULL, '40.00', '5.00', '12.50', 8, 0, 8),
(4443, 1, 344, 1, NULL, NULL, '60.00', '5.00', '12.50', 12, 0, 12),
(4444, 1, 345, 1, NULL, NULL, '1632.00', '17.00', '42.50', 96, 0, 96),
(4445, 1, 346, 1, NULL, NULL, '1380.00', '15.00', '37.50', 92, 0, 92),
(4446, 1, 347, 1, NULL, NULL, '294.00', '49.00', '122.50', 6, 0, 6),
(4447, 1, 348, 1, NULL, NULL, '868.00', '28.00', '56.00', 31, 0, 31),
(4448, 1, 349, 1, NULL, NULL, '210.00', '30.00', '60.00', 7, 0, 7),
(4449, 1, 350, 1, NULL, NULL, '336.00', '28.00', '56.00', 12, 0, 12),
(4450, 1, 351, 1, NULL, NULL, '1272.00', '8.00', '20.00', 159, 0, 159),
(4451, 1, 352, 1, NULL, NULL, '1470.00', '15.00', '30.00', 98, 0, 98),
(4452, 1, 353, 1, NULL, NULL, '1260.00', '15.00', '30.00', 84, 0, 84),
(4453, 1, 354, 1, NULL, NULL, '612.00', '18.00', '36.00', 34, 0, 34),
(4454, 1, 355, 1, NULL, NULL, '1332.00', '18.00', '36.00', 74, 0, 74),
(4455, 1, 356, 1, NULL, NULL, '1800.00', '18.00', '36.00', 100, 0, 100),
(4456, 1, 357, 1, NULL, NULL, '1098.00', '18.00', '36.00', 61, 0, 61),
(4457, 1, 358, 1, NULL, NULL, '612.00', '18.00', '36.00', 34, 0, 34),
(4458, 1, 359, 1, NULL, NULL, '3834.00', '18.00', '36.00', 213, 0, 213),
(4459, 1, 360, 1, NULL, NULL, '2286.00', '18.00', '36.00', 127, 0, 127),
(4460, 1, 361, 1, NULL, NULL, '6300.00', '300.00', '360.00', 21, 0, 21),
(4461, 1, 362, 1, NULL, NULL, '2322.00', '54.00', '108.00', 43, 0, 43),
(4462, 1, 363, 1, NULL, NULL, '11775.00', '75.00', '150.00', 157, 0, 157),
(4463, 1, 364, 1, NULL, NULL, '40.00', '4.00', '64.00', 10, 0, 10),
(4464, 1, 365, 1, NULL, NULL, '4180.00', '380.00', '456.00', 11, 0, 11),
(4465, 1, 366, 1, NULL, NULL, '1500.00', '300.00', '360.00', 5, 0, 5),
(4466, 1, 367, 1, NULL, NULL, '828.00', '18.00', '36.00', 46, 0, 46),
(4467, 1, 368, 1, NULL, NULL, '2988.00', '18.00', '36.00', 166, 0, 166),
(4468, 1, 369, 1, NULL, NULL, '396.00', '18.00', '45.00', 22, 0, 22),
(4469, 1, 370, 1, NULL, NULL, '540.00', '18.00', '36.00', 30, 0, 30),
(4470, 1, 371, 1, NULL, NULL, '756.00', '18.00', '36.00', 42, 0, 42),
(4471, 1, 372, 1, NULL, NULL, '2700.00', '300.00', '360.00', 9, 0, 9),
(4472, 1, 373, 1, NULL, NULL, '1300.00', '65.00', '162.50', 20, 0, 20),
(4473, 1, 374, 1, NULL, NULL, '2340.00', '65.00', '162.50', 36, 0, 36),
(4474, 1, 375, 1, NULL, NULL, '8000.00', '200.00', '250.00', 40, 0, 40),
(4475, 1, 376, 1, NULL, NULL, '14400.00', '200.00', '250.00', 72, 0, 72),
(4476, 1, 377, 1, NULL, NULL, '18600.00', '200.00', '250.00', 93, 0, 93),
(4477, 1, 378, 1, NULL, NULL, '32470.00', '85.00', '102.00', 382, 0, 382),
(4478, 1, 379, 1, NULL, NULL, '1200.00', '200.00', '250.00', 6, 0, 6),
(4479, 1, 380, 1, NULL, NULL, '17750.00', '250.00', '300.00', 71, 0, 71),
(4480, 1, 381, 1, NULL, NULL, '164.00', '41.00', '102.50', 4, 0, 4),
(4481, 1, 382, 1, NULL, NULL, '0.00', '35.00', '87.50', 0, 0, 0),
(4482, 1, 383, 1, NULL, NULL, '0.00', '0.00', '0.00', 40, 0, 40),
(4483, 1, 384, 1, NULL, NULL, '0.00', '0.00', '0.00', 50, 0, 50),
(4484, 1, 385, 1, NULL, NULL, '5000.00', '1.00', '2.00', 5000, 0, 5000),
(4485, 1, 386, 1, NULL, NULL, '119.00', '17.00', '42.50', 7, 0, 7),
(4486, 1, 387, 1, NULL, NULL, '108.00', '36.00', '90.00', 3, 0, 3),
(4487, 1, 388, 1, NULL, NULL, '888.00', '148.00', '296.00', 6, 0, 6),
(4488, 1, 389, 1, NULL, NULL, '320.00', '40.00', '100.00', 8, 0, 8),
(4489, 1, 390, 1, NULL, NULL, '756.00', '378.00', '945.00', 2, 0, 2),
(4490, 1, 391, 1, NULL, NULL, '378.00', '378.00', '945.00', 1, 0, 1),
(4491, 1, 392, 1, NULL, NULL, '378.00', '378.00', '945.00', 1, 0, 1),
(4492, 1, 393, 1, NULL, NULL, '748.00', '187.00', '467.50', 4, 0, 4),
(4493, 1, 394, 1, NULL, NULL, '1080.00', '120.00', '240.00', 9, 0, 9),
(4494, 1, 395, 1, NULL, NULL, '700.00', '175.00', '350.00', 4, 0, 4),
(4495, 1, 396, 1, NULL, NULL, '96.00', '12.00', '30.00', 8, 0, 8),
(4496, 1, 397, 1, NULL, NULL, '1214.40', '4.80', '12.00', 253, 0, 253),
(4497, 1, 398, 1, NULL, NULL, '2184.00', '8.00', '16.00', 273, 0, 273),
(4498, 1, 399, 1, NULL, NULL, '1554.00', '42.00', '84.00', 37, 0, 37),
(4499, 1, 400, 1, NULL, NULL, '1421.00', '49.00', '98.00', 29, 0, 29),
(4500, 1, 401, 1, NULL, NULL, '413.00', '59.00', '118.00', 7, 0, 7),
(4501, 1, 402, 1, NULL, NULL, '345.00', '69.00', '138.00', 5, 0, 5),
(4502, 1, 403, 1, NULL, NULL, '446.40', '3.60', '9.00', 124, 0, 124),
(4503, 1, 404, 1, NULL, NULL, '96.00', '24.00', '48.00', 4, 0, 4),
(4504, 1, 405, 1, NULL, NULL, '540.00', '13.50', '33.75', 40, 0, 40),
(4505, 1, 406, 1, NULL, NULL, '634.50', '13.50', '27.00', 47, 0, 47),
(4506, 1, 407, 1, NULL, NULL, '684.00', '12.00', '30.00', 57, 0, 57),
(4507, 1, 408, 1, NULL, NULL, '2098.80', '5.30', '10.60', 396, 0, 396),
(4508, 1, 409, 1, NULL, NULL, '1230.00', '15.00', '37.50', 82, 0, 82),
(4509, 1, 410, 1, NULL, NULL, '1485.00', '55.00', '137.50', 27, 0, 27),
(4510, 1, 411, 1, NULL, NULL, '28.00', '28.00', '70.00', 1, 0, 1),
(4511, 1, 412, 1, NULL, NULL, '740.00', '185.00', '370.00', 4, 0, 4),
(4512, 1, 413, 1, NULL, NULL, '740.00', '185.00', '370.00', 4, 0, 4),
(4513, 1, 414, 1, NULL, NULL, '2360.00', '10.00', '25.00', 236, 0, 236),
(4514, 1, 415, 1, NULL, NULL, '720.00', '180.00', '360.00', 4, 0, 4),
(4515, 1, 416, 1, NULL, NULL, '3100.00', '155.00', '310.00', 20, 0, 20),
(4516, 1, 417, 1, NULL, NULL, '790.40', '7.60', '15.20', 104, 0, 104),
(4517, 1, 418, 1, NULL, NULL, '5.60', '5.60', '14.00', 1, 0, 1),
(4518, 1, 419, 1, NULL, NULL, '1027.40', '2.20', '5.50', 467, 0, 467),
(4519, 1, 420, 1, NULL, NULL, '1080.00', '180.00', '360.00', 6, 0, 6),
(4520, 1, 421, 1, NULL, NULL, '800.00', '160.00', '400.00', 5, 0, 5),
(4521, 1, 422, 1, NULL, NULL, '375.00', '5.00', '12.50', 75, 0, 75),
(4522, 1, 423, 1, NULL, NULL, '48.00', '8.00', '20.00', 6, 0, 6),
(4523, 1, 424, 1, NULL, NULL, '320.00', '20.00', '25.00', 16, 0, 16),
(4524, 1, 425, 1, NULL, NULL, '368.00', '16.00', '20.00', 23, 0, 23),
(4525, 1, 426, 1, NULL, NULL, '58.00', '2.00', '5.00', 29, 0, 29),
(4526, 1, 427, 1, NULL, NULL, '500.00', '20.00', '50.00', 25, 0, 25),
(4527, 1, 428, 1, NULL, NULL, '160.00', '16.00', '40.00', 10, 0, 10),
(4528, 1, 429, 1, NULL, NULL, '705.00', '3.00', '6.00', 235, 0, 235),
(4529, 1, 430, 1, NULL, NULL, '412.00', '206.00', '412.00', 2, 0, 2),
(4530, 1, 431, 1, NULL, NULL, '550.00', '275.00', '550.00', 2, 0, 2),
(4531, 1, 432, 1, NULL, NULL, '357.50', '5.50', '11.00', 65, 0, 65),
(4532, 1, 433, 1, NULL, NULL, '294.00', '14.00', '35.00', 21, 0, 21),
(4533, 1, 434, 1, NULL, NULL, '528.00', '48.00', '120.00', 11, 0, 11),
(4534, 1, 435, 1, NULL, NULL, '1620.00', '45.00', '112.50', 36, 0, 36),
(4535, 1, 436, 1, NULL, NULL, '248.00', '62.00', '155.00', 4, 0, 4),
(4536, 1, 437, 1, NULL, NULL, '868.00', '62.00', '155.00', 14, 0, 14),
(4537, 1, 438, 1, NULL, NULL, '860.00', '172.00', '412.80', 5, 0, 5),
(4538, 1, 439, 1, NULL, NULL, '1548.00', '172.00', '412.80', 9, 0, 9),
(4539, 1, 440, 1, NULL, NULL, '793.00', '6.50', '16.25', 122, 0, 122),
(4540, 1, 441, 1, NULL, NULL, '1813.50', '6.50', '13.00', 279, 0, 279),
(4541, 1, 442, 1, NULL, NULL, '1088.00', '8.50', '17.00', 128, 0, 128),
(4542, 1, 443, 1, NULL, NULL, '1481.90', '7.30', '18.25', 203, 0, 203),
(4543, 1, 444, 1, NULL, NULL, '1079.00', '6.50', '16.25', 166, 0, 166),
(4544, 1, 445, 1, NULL, NULL, '1263.60', '3.90', '7.80', 324, 0, 324),
(4545, 1, 446, 1, NULL, NULL, '115.50', '5.50', '13.75', 21, 0, 21),
(4546, 1, 447, 1, NULL, NULL, '270.00', '18.00', '45.00', 15, 0, 15),
(4547, 1, 448, 1, NULL, NULL, '0.00', '0.00', '0.00', 0, 0, 0),
(4548, 1, 449, 1, NULL, NULL, '3048.00', '24.00', '28.80', 127, 0, 127),
(4549, 1, 450, 1, NULL, NULL, '5550.00', '37.00', '44.40', 150, 0, 150),
(4550, 1, 451, 1, NULL, NULL, '3825.00', '15.00', '18.00', 255, 0, 255),
(4551, 1, 452, 1, NULL, NULL, '726.00', '11.00', '27.50', 66, 0, 66),
(4552, 1, 453, 1, NULL, NULL, '576.00', '6.00', '6.15', 96, 0, 96),
(4553, 1, 454, 1, NULL, NULL, '17719.00', '29.00', '69.89', 611, 0, 611),
(4554, 1, 455, 1, NULL, NULL, '10411.00', '29.00', '80.04', 359, 0, 359),
(4555, 1, 456, 1, NULL, NULL, '22200.00', '30.00', '75.00', 740, 0, 740),
(4556, 1, 457, 1, NULL, NULL, '8330.00', '34.00', '90.00', 245, 0, 245),
(4557, 1, 458, 1, NULL, NULL, '8195.00', '55.00', '70.02', 149, 0, 149),
(4558, 1, 459, 1, NULL, NULL, '621.00', '23.00', '57.50', 27, 0, 27),
(4559, 1, 460, 1, NULL, NULL, '1241.00', '17.00', '42.50', 73, 0, 73),
(4560, 1, 461, 1, NULL, NULL, '56.00', '28.00', '70.00', 2, 0, 2),
(4561, 1, 462, 1, NULL, NULL, '612.00', '18.00', '45.00', 34, 0, 34),
(4562, 1, 463, 1, NULL, NULL, '2156.00', '22.00', '44.00', 98, 0, 98),
(4563, 1, 464, 1, NULL, NULL, '0.00', '0.00', '0.00', 0, 0, 0),
(4564, 1, 465, 1, NULL, NULL, '266.00', '38.00', '95.00', 7, 0, 7),
(4565, 1, 466, 1, NULL, NULL, '280.00', '20.00', '50.00', 14, 0, 14),
(4566, 1, 467, 1, NULL, NULL, '48.00', '4.00', '10.00', 12, 0, 12),
(4567, 1, 468, 1, NULL, NULL, '112.00', '28.00', '70.00', 4, 0, 4),
(4568, 1, 469, 1, NULL, NULL, '774.00', '18.00', '21.60', 43, 0, 43),
(4569, 1, 470, 1, NULL, NULL, '60.00', '6.00', '15.00', 10, 0, 10),
(4570, 1, 471, 1, NULL, NULL, '690.80', '2.20', '5.50', 314, 0, 314),
(4571, 1, 472, 1, NULL, NULL, '128.00', '1.60', '4.00', 80, 0, 80),
(4572, 1, 473, 1, NULL, NULL, '112.00', '2.80', '7.00', 40, 0, 40),
(4573, 1, 474, 1, NULL, NULL, '0.00', '0.00', '0.00', 0, 0, 0),
(4574, 1, 475, 1, NULL, NULL, '680.20', '3.80', '9.50', 179, 0, 179),
(4575, 1, 476, 1, NULL, NULL, '2029.50', '4.50', '11.25', 451, 0, 451),
(4576, 1, 477, 1, NULL, NULL, '634.50', '4.50', '11.25', 141, 0, 141),
(4577, 1, 478, 1, NULL, NULL, '80.00', '8.00', '20.00', 10, 0, 10),
(4578, 1, 479, 1, NULL, NULL, '200.00', '100.00', '250.00', 2, 0, 2),
(4579, 1, 480, 1, NULL, NULL, '700.00', '100.00', '250.00', 7, 0, 7),
(4580, 1, 481, 1, NULL, NULL, '300.00', '100.00', '250.00', 3, 0, 3),
(4581, 1, 482, 1, NULL, NULL, '3864.00', '92.00', '184.00', 42, 0, 42),
(4582, 1, 483, 1, NULL, NULL, '3675.00', '175.00', '350.00', 21, 0, 21),
(4583, 1, 484, 1, NULL, NULL, '1408.00', '88.00', '220.00', 16, 0, 16),
(4584, 1, 485, 1, NULL, NULL, '39.00', '6.50', '16.25', 6, 0, 6),
(4585, 1, 486, 1, NULL, NULL, '949.00', '13.00', '26.00', 73, 0, 73),
(4586, 1, 487, 1, NULL, NULL, '559.00', '13.00', '26.00', 43, 0, 43),
(4587, 1, 488, 1, NULL, NULL, '1450.00', '50.00', '100.00', 29, 0, 29),
(4588, 1, 489, 1, NULL, NULL, '2500.00', '50.00', '100.00', 50, 0, 50),
(4589, 1, 490, 1, NULL, NULL, '2150.00', '50.00', '100.00', 43, 0, 43),
(4590, 1, 491, 1, NULL, NULL, '1400.00', '50.00', '100.00', 28, 0, 28),
(4591, 1, 492, 1, NULL, NULL, '3696.00', '48.00', '96.00', 77, 0, 77),
(4592, 1, 493, 1, NULL, NULL, '590.00', '118.00', '236.00', 5, 0, 5),
(4593, 1, 494, 1, NULL, NULL, '170.00', '17.00', '42.50', 10, 0, 10),
(4594, 1, 495, 1, NULL, NULL, '80.00', '8.00', '19.20', 10, 0, 10),
(4595, 1, 496, 1, NULL, NULL, '1500.00', '6.00', '8.10', 250, 0, 250),
(4596, 1, 497, 1, NULL, NULL, '702.00', '6.00', '8.10', 117, 0, 117),
(4597, 1, 498, 1, NULL, NULL, '1056.00', '11.00', '27.50', 96, 0, 96),
(4598, 1, 499, 1, NULL, NULL, '630.00', '45.00', '90.00', 14, 0, 14),
(4599, 1, 500, 1, NULL, NULL, '345.00', '115.00', '117.30', 3, 0, 3),
(4600, 1, 501, 1, NULL, NULL, '345.00', '115.00', '117.30', 3, 0, 3),
(4601, 1, 502, 1, NULL, NULL, '115.00', '115.00', '117.30', 1, 0, 1),
(4602, 1, 503, 1, NULL, NULL, '575.00', '115.00', '117.30', 5, 0, 5),
(4603, 1, 504, 1, NULL, NULL, '1190.00', '17.00', '17.34', 70, 0, 70),
(4604, 1, 505, 1, NULL, NULL, '120.00', '8.00', '20.00', 15, 0, 15),
(4605, 1, 506, 1, NULL, NULL, '1921.00', '17.00', '42.50', 113, 0, 113),
(4606, 1, 507, 1, NULL, NULL, '901.00', '17.00', '34.00', 53, 0, 53),
(4607, 1, 508, 1, NULL, NULL, '960.00', '480.00', '960.00', 2, 0, 2),
(4608, 1, 509, 1, NULL, NULL, '472.00', '59.00', '118.00', 8, 0, 8),
(4609, 1, 510, 1, NULL, NULL, '1044.00', '12.00', '24.00', 87, 0, 87),
(4610, 1, 511, 1, NULL, NULL, '901.90', '2.90', '5.80', 311, 0, 311),
(4611, 1, 512, 1, NULL, NULL, '120.00', '12.00', '15.00', 10, 0, 10),
(4612, 1, 513, 1, NULL, NULL, '1218.00', '29.00', '58.00', 42, 0, 42),
(4613, 1, 514, 1, NULL, NULL, '2610.00', '18.00', '36.00', 145, 0, 145),
(4614, 1, 515, 1, NULL, NULL, '1025.00', '41.00', '82.00', 25, 0, 25),
(4615, 1, 516, 1, NULL, NULL, '87.00', '29.00', '72.50', 3, 0, 3),
(4616, 1, 517, 1, NULL, NULL, '1136.00', '16.00', '40.00', 71, 0, 71),
(4617, 1, 518, 1, NULL, NULL, '1665.00', '45.00', '112.50', 37, 0, 37),
(4618, 1, 519, 1, NULL, NULL, '108.00', '27.00', '67.50', 4, 0, 4),
(4619, 1, 520, 1, NULL, NULL, '162.00', '18.00', '45.00', 9, 0, 9),
(4620, 1, 521, 1, NULL, NULL, '930.00', '30.00', '60.00', 31, 0, 31),
(4621, 1, 522, 1, NULL, NULL, '234.00', '18.00', '45.00', 13, 0, 13),
(4622, 1, 523, 1, NULL, NULL, '1485.00', '45.00', '112.50', 33, 0, 33),
(4623, 1, 524, 1, NULL, NULL, '3835.00', '59.00', '118.00', 65, 0, 65),
(4624, 1, 525, 1, NULL, NULL, '380.00', '20.00', '50.00', 19, 0, 19),
(4625, 1, 526, 1, NULL, NULL, '594.00', '22.00', '55.00', 27, 0, 27),
(4626, 1, 527, 1, NULL, NULL, '1159.20', '3.60', '7.20', 322, 0, 322),
(4627, 1, 528, 1, NULL, NULL, '2131.20', '3.60', '7.20', 592, 0, 592),
(4628, 1, 529, 1, NULL, NULL, '25.00', '25.00', '62.50', 1, 0, 1),
(4629, 1, 530, 1, NULL, NULL, '25.00', '25.00', '62.50', 1, 0, 1),
(4630, 1, 531, 1, NULL, NULL, '735.00', '21.00', '42.00', 35, 0, 35),
(4631, 1, 532, 1, NULL, NULL, '493.00', '17.00', '42.50', 29, 0, 29),
(4632, 1, 533, 1, NULL, NULL, '990.90', '0.90', '1.80', 1101, 0, 1101),
(4633, 1, 534, 1, NULL, NULL, '240.00', '2.00', '5.00', 120, 0, 120),
(4634, 1, 535, 1, NULL, NULL, '210.00', '3.00', '7.50', 70, 0, 70),
(4635, 1, 536, 1, NULL, NULL, '360.00', '2.50', '6.25', 144, 0, 144),
(4636, 1, 537, 1, NULL, NULL, '0.00', '0.00', '0.00', 0, 0, 0),
(4637, 1, 538, 1, NULL, NULL, '54.00', '4.50', '11.25', 12, 0, 12),
(4638, 1, 539, 1, NULL, NULL, '103.50', '4.50', '11.25', 23, 0, 23),
(4639, 1, 540, 1, NULL, NULL, '135.00', '45.00', '112.50', 3, 0, 3),
(4640, 1, 541, 1, NULL, NULL, '993.60', '2.40', '6.00', 414, 0, 414),
(4641, 1, 542, 1, NULL, NULL, '957.50', '2.50', '6.25', 383, 0, 383),
(4642, 1, 543, 1, NULL, NULL, '506.00', '2.30', '5.75', 220, 0, 220),
(4643, 1, 544, 1, NULL, NULL, '2240.00', '8.00', '10.00', 280, 0, 280),
(4644, 1, 545, 1, NULL, NULL, '912.00', '4.80', '6.00', 190, 0, 190),
(4645, 1, 546, 1, NULL, NULL, '2960.00', '1480.00', '2960.00', 2, 0, 2),
(4646, 1, 547, 1, NULL, NULL, '4900.00', '980.00', '1960.00', 5, 0, 5),
(4647, 1, 548, 1, NULL, NULL, '1960.00', '980.00', '1960.00', 2, 0, 2),
(4648, 1, 549, 1, NULL, NULL, '720.00', '720.00', '1440.00', 1, 0, 1),
(4649, 1, 550, 1, NULL, NULL, '980.00', '980.00', '1960.00', 1, 0, 1),
(4650, 1, 551, 1, NULL, NULL, '1035.00', '34.50', '69.00', 30, 0, 30),
(4651, 1, 552, 1, NULL, NULL, '2146.00', '29.00', '72.50', 74, 0, 74),
(4652, 1, 553, 1, NULL, NULL, '4730.00', '55.00', '110.00', 86, 0, 86),
(4653, 1, 554, 1, NULL, NULL, '3105.00', '34.50', '69.00', 90, 0, 90),
(4654, 1, 555, 1, NULL, NULL, '100.00', '25.00', '62.50', 4, 0, 4),
(4655, 1, 556, 1, NULL, NULL, '775.00', '31.00', '62.00', 25, 0, 25),
(4656, 1, 557, 1, NULL, NULL, '748.00', '44.00', '88.00', 17, 0, 17),
(4657, 1, 558, 1, NULL, NULL, '728.00', '28.00', '70.00', 26, 0, 26),
(4658, 1, 559, 1, NULL, NULL, '1650.00', '550.00', '1375.00', 3, 0, 3),
(4659, 1, 560, 1, NULL, NULL, '250.00', '250.00', '300.00', 1, 0, 1),
(4660, 1, 561, 1, NULL, NULL, '600.00', '200.00', '250.00', 3, 0, 3),
(4661, 1, 562, 1, NULL, NULL, '1280.00', '320.00', '400.00', 4, 0, 4),
(4662, 1, 563, 1, NULL, NULL, '1350.00', '90.00', '225.00', 15, 0, 15),
(4663, 1, 564, 1, NULL, NULL, '250.00', '250.00', '300.00', 1, 0, 1),
(4664, 1, 565, 1, NULL, NULL, '1600.00', '320.00', '400.00', 5, 0, 5),
(4665, 1, 566, 1, NULL, NULL, '1080.00', '90.00', '225.00', 12, 0, 12),
(4666, 1, 567, 1, NULL, NULL, '1200.00', '400.00', '460.00', 3, 0, 3),
(4667, 1, 568, 1, NULL, NULL, '2400.00', '400.00', '460.00', 6, 0, 6),
(4668, 1, 569, 1, NULL, NULL, '1600.00', '400.00', '460.00', 4, 0, 4),
(4669, 1, 570, 1, NULL, NULL, '900.00', '450.00', '504.00', 2, 0, 2),
(4670, 1, 571, 1, NULL, NULL, '3900.00', '300.00', '360.00', 13, 0, 13),
(4671, 1, 572, 1, NULL, NULL, '5220.00', '180.00', '216.00', 29, 0, 29),
(4672, 1, 573, 1, NULL, NULL, '1500.00', '150.00', '180.00', 10, 0, 10),
(4673, 1, 574, 1, NULL, NULL, '2870.00', '70.00', '87.50', 41, 0, 41),
(4674, 1, 575, 1, NULL, NULL, '540.00', '180.00', '225.00', 3, 0, 3),
(4675, 1, 576, 1, NULL, NULL, '352.00', '32.00', '80.00', 11, 0, 11),
(4676, 1, 577, 1, NULL, NULL, '4935.00', '35.00', '70.00', 141, 0, 141),
(4677, 1, 578, 1, NULL, NULL, '1045.00', '55.00', '66.00', 19, 0, 19),
(4678, 1, 579, 1, NULL, NULL, '180.00', '30.00', '75.00', 6, 0, 6),
(4679, 1, 580, 1, NULL, NULL, '1200.00', '60.00', '150.00', 20, 0, 20),
(4680, 1, 581, 1, NULL, NULL, '77.00', '5.50', '13.75', 14, 0, 14),
(4681, 1, 582, 1, NULL, NULL, '1850.00', '370.00', '740.00', 5, 0, 5),
(4682, 1, 583, 1, NULL, NULL, '272.00', '4.00', '10.00', 68, 0, 68),
(4683, 1, 584, 1, NULL, NULL, '1008.00', '48.00', '96.00', 21, 0, 21),
(4684, 1, 585, 1, NULL, NULL, '1118.00', '43.00', '86.00', 26, 0, 26),
(4685, 1, 586, 1, NULL, NULL, '195.00', '39.00', '78.00', 5, 0, 5),
(4686, 1, 587, 1, NULL, NULL, '2072.00', '37.00', '74.00', 56, 0, 56),
(4687, 1, 588, 1, NULL, NULL, '660.00', '30.00', '75.00', 22, 0, 22),
(4688, 1, 589, 1, NULL, NULL, '6.00', '6.00', '15.00', 1, 0, 1),
(4689, 1, 590, 1, NULL, NULL, '280.00', '4.00', '10.00', 70, 0, 70),
(4690, 1, 591, 1, NULL, NULL, '640.00', '8.00', '20.00', 80, 0, 80),
(4691, 1, 592, 1, NULL, NULL, '2536.00', '8.00', '20.00', 317, 0, 317),
(4692, 1, 593, 1, NULL, NULL, '110.00', '5.50', '13.75', 20, 0, 20),
(4693, 1, 594, 1, NULL, NULL, '3636.00', '36.00', '72.00', 101, 0, 101),
(4694, 1, 595, 1, NULL, NULL, '5076.00', '36.00', '72.00', 141, 0, 141),
(4695, 1, 596, 1, NULL, NULL, '1152.00', '12.00', '30.00', 96, 0, 96),
(4696, 1, 597, 1, NULL, NULL, '852.00', '12.00', '30.00', 71, 0, 71),
(4697, 1, 598, 1, NULL, NULL, '60.00', '15.00', '37.50', 4, 0, 4),
(4698, 1, 599, 1, NULL, NULL, '195.00', '13.00', '26.00', 15, 0, 15),
(4699, 1, 600, 1, NULL, NULL, '725.00', '29.00', '58.00', 25, 0, 25),
(4700, 1, 601, 1, NULL, NULL, '426.60', '5.40', '13.50', 79, 0, 79),
(4701, 1, 602, 1, NULL, NULL, '2581.80', '7.80', '19.50', 331, 0, 331),
(4702, 1, 603, 1, NULL, NULL, '180.00', '15.00', '37.50', 12, 0, 12),
(4703, 1, 604, 1, NULL, NULL, '593.40', '8.60', '21.50', 69, 0, 69),
(4704, 1, 605, 1, NULL, NULL, '1307.20', '8.60', '21.50', 152, 0, 152),
(4705, 1, 606, 1, NULL, NULL, '676.00', '5.20', '13.00', 130, 0, 130),
(4706, 1, 607, 1, NULL, NULL, '288.00', '18.00', '36.00', 16, 0, 16),
(4707, 1, 608, 1, NULL, NULL, '528.00', '11.00', '22.00', 48, 0, 48),
(4708, 1, 609, 1, NULL, NULL, '135.00', '7.50', '18.75', 18, 0, 18),
(4709, 1, 610, 1, NULL, NULL, '490.00', '5.00', '10.00', 98, 0, 98),
(4710, 1, 611, 1, NULL, NULL, '1524.90', '6.90', '17.25', 221, 0, 221),
(4711, 1, 612, 1, NULL, NULL, '792.00', '24.00', '60.00', 33, 0, 33),
(4712, 1, 613, 1, NULL, NULL, '830.00', '10.00', '25.00', 83, 0, 83),
(4713, 1, 614, 1, NULL, NULL, '432.00', '4.00', '10.00', 108, 0, 108),
(4714, 1, 615, 1, NULL, NULL, '715.50', '4.50', '11.25', 159, 0, 159),
(4715, 1, 616, 1, NULL, NULL, '738.00', '6.00', '12.00', 123, 0, 123),
(4716, 1, 617, 1, NULL, NULL, '98.00', '7.00', '14.00', 14, 0, 14),
(4717, 1, 618, 1, NULL, NULL, '177.60', '2.40', '4.80', 74, 0, 74),
(4718, 1, 619, 1, NULL, NULL, '110.00', '10.00', '25.00', 11, 0, 11),
(4719, 1, 620, 1, NULL, NULL, '4320.00', '8.00', '20.00', 540, 0, 540),
(4720, 1, 621, 1, NULL, NULL, '320.00', '16.00', '40.00', 20, 0, 20),
(4721, 1, 622, 1, NULL, NULL, '2605.20', '7.80', '15.60', 334, 0, 334),
(4722, 1, 623, 1, NULL, NULL, '172.00', '8.60', '21.50', 20, 0, 20),
(4723, 1, 624, 1, NULL, NULL, '544.00', '6.80', '17.00', 80, 0, 80),
(4724, 1, 625, 1, NULL, NULL, '7800.00', '10.00', '25.00', 780, 0, 780),
(4725, 1, 626, 1, NULL, NULL, '1000.00', '10.00', '25.00', 100, 0, 100),
(4726, 1, 627, 1, NULL, NULL, '3438.00', '18.00', '18.00', 191, 0, 191),
(4727, 1, 628, 1, NULL, NULL, '496.00', '4.00', '10.00', 124, 0, 124),
(4728, 1, 629, 1, NULL, NULL, '742.50', '13.50', '27.00', 55, 0, 55),
(4729, 1, 630, 1, NULL, NULL, '560.00', '140.00', '154.00', 4, 0, 4),
(4730, 1, 631, 1, NULL, NULL, '56.00', '7.00', '17.50', 8, 0, 8),
(4731, 1, 632, 1, NULL, NULL, '2185.00', '23.00', '46.00', 95, 0, 95),
(4732, 1, 633, 1, NULL, NULL, '1602.00', '18.00', '36.00', 89, 0, 89),
(4733, 1, 634, 1, NULL, NULL, '877.50', '19.50', '39.00', 45, 0, 45),
(4734, 1, 635, 1, NULL, NULL, '342.00', '18.00', '45.00', 19, 0, 19),
(4735, 1, 636, 1, NULL, NULL, '0.00', '0.00', '0.00', 16, 0, 16),
(4736, 1, 637, 1, NULL, NULL, '32.00', '6.40', '16.00', 5, 0, 5),
(4737, 1, 638, 1, NULL, NULL, '63.00', '7.00', '17.50', 9, 0, 9),
(4738, 1, 639, 1, NULL, NULL, '1020.00', '2.00', '5.00', 510, 0, 510),
(4739, 1, 640, 1, NULL, NULL, '3781.00', '19.00', '47.50', 199, 0, 199),
(4740, 1, 641, 1, NULL, NULL, '870.00', '145.00', '290.00', 6, 0, 6),
(4741, 1, 642, 1, NULL, NULL, '3135.00', '19.00', '47.50', 165, 0, 165),
(4742, 1, 643, 1, NULL, NULL, '1550.00', '50.00', '60.00', 31, 0, 31),
(4743, 1, 644, 1, NULL, NULL, '1800.00', '12.50', '31.25', 144, 0, 144),
(4744, 1, 645, 1, NULL, NULL, '556.80', '9.60', '24.00', 58, 0, 58),
(4745, 1, 646, 1, NULL, NULL, '585.00', '13.00', '32.50', 45, 0, 45),
(4746, 1, 647, 1, NULL, NULL, '525.00', '12.50', '31.25', 42, 0, 42),
(4747, 1, 648, 1, NULL, NULL, '770.00', '14.00', '35.00', 55, 0, 55),
(4748, 1, 649, 1, NULL, NULL, '0.00', '18.00', '45.00', 0, 0, 0),
(4749, 1, 650, 1, NULL, NULL, '0.00', '0.00', '0.00', 19, 0, 19),
(4750, 1, 651, 1, NULL, NULL, '320.00', '32.00', '80.00', 10, 0, 10),
(4751, 1, 652, 1, NULL, NULL, '400.00', '40.00', '100.00', 10, 0, 10),
(4752, 1, 653, 1, NULL, NULL, '0.00', '0.00', '0.00', 2, 0, 2),
(4753, 1, 654, 1, NULL, NULL, '903.00', '21.00', '52.50', 43, 0, 43),
(4754, 1, 655, 1, NULL, NULL, '1763.00', '41.00', '102.50', 43, 0, 43),
(4755, 1, 656, 1, NULL, NULL, '0.00', '0.00', '0.00', 2, 0, 2),
(4756, 1, 657, 1, NULL, NULL, '0.00', '0.00', '0.00', 4, 0, 4),
(4757, 1, 658, 1, NULL, NULL, '980.00', '5.00', '12.50', 196, 0, 196),
(4758, 1, 659, 1, NULL, NULL, '850.00', '25.00', '62.50', 34, 0, 34),
(4759, 1, 660, 1, NULL, NULL, '83.20', '10.40', '26.00', 8, 0, 8),
(4760, 1, 661, 1, NULL, NULL, '6055.00', '7.00', '17.50', 865, 0, 865),
(4761, 1, 662, 1, NULL, NULL, '1029.60', '7.80', '19.50', 132, 0, 132),
(4762, 1, 663, 1, NULL, NULL, '2629.60', '7.60', '19.00', 346, 0, 346),
(4763, 1, 664, 1, NULL, NULL, '1467.00', '9.00', '22.50', 163, 0, 163),
(4764, 1, 665, 1, NULL, NULL, '3476.80', '10.60', '26.50', 328, 0, 328),
(4765, 1, 666, 1, NULL, NULL, '1286.20', '10.90', '27.25', 118, 0, 118),
(4766, 1, 667, 1, NULL, NULL, '1650.00', '12.50', '31.25', 132, 0, 132),
(4767, 1, 668, 1, NULL, NULL, '2415.00', '13.80', '34.50', 175, 0, 175),
(4768, 1, 669, 1, NULL, NULL, '0.00', '0.00', '0.00', 3, 0, 3),
(4769, 1, 670, 1, NULL, NULL, '1042.60', '1.30', '3.25', 802, 0, 802),
(4770, 1, 671, 1, NULL, NULL, '1248.00', '1.50', '3.75', 832, 0, 832),
(4771, 1, 672, 1, NULL, NULL, '2746.80', '1.80', '4.50', 1526, 0, 1526),
(4772, 1, 673, 1, NULL, NULL, '1213.80', '2.10', '5.25', 578, 0, 578),
(4773, 1, 674, 1, NULL, NULL, '2432.00', '3.80', '9.50', 640, 0, 640),
(4774, 1, 675, 1, NULL, NULL, '1440.50', '4.30', '10.75', 335, 0, 335),
(4775, 1, 676, 1, NULL, NULL, '1938.00', '6.80', '17.00', 285, 0, 285),
(4776, 1, 677, 1, NULL, NULL, '2000.00', '20.00', '50.00', 100, 0, 100),
(4777, 1, 678, 1, NULL, NULL, '2527.20', '7.80', '19.50', 324, 0, 324),
(4778, 1, 679, 1, NULL, NULL, '1501.50', '6.50', '16.25', 231, 0, 231),
(4779, 1, 680, 1, NULL, NULL, '935.00', '11.00', '27.50', 85, 0, 85),
(4780, 1, 681, 1, NULL, NULL, '1612.00', '10.40', '26.00', 155, 0, 155),
(4781, 1, 682, 1, NULL, NULL, '338.00', '13.00', '32.50', 26, 0, 26),
(4782, 1, 683, 1, NULL, NULL, '440.00', '20.00', '50.00', 22, 0, 22),
(4783, 1, 684, 1, NULL, NULL, '1400.00', '28.00', '70.00', 50, 0, 50),
(4784, 1, 685, 1, NULL, NULL, '1353.60', '18.80', '47.00', 72, 0, 72),
(4785, 1, 686, 1, NULL, NULL, '78.00', '1.20', '3.00', 65, 0, 65),
(4786, 1, 687, 1, NULL, NULL, '125.55', '1.35', '3.38', 93, 0, 93),
(4787, 1, 688, 1, NULL, NULL, '0.00', '1.60', '4.00', 0, 0, 0),
(4788, 1, 689, 1, NULL, NULL, '355.60', '2.80', '7.00', 127, 0, 127),
(4789, 1, 690, 1, NULL, NULL, '0.00', '0.00', '0.00', 12, 0, 12),
(4790, 1, 691, 1, NULL, NULL, '528.00', '2.40', '6.00', 220, 0, 220),
(4791, 1, 692, 1, NULL, NULL, '163.80', '1.30', '3.25', 126, 0, 126),
(4792, 1, 693, 1, NULL, NULL, '1577.80', '4.60', '11.50', 343, 0, 343),
(4793, 1, 694, 1, NULL, NULL, '1939.00', '7.00', '17.50', 277, 0, 277),
(4794, 1, 695, 1, NULL, NULL, '1653.00', '9.50', '23.75', 174, 0, 174),
(4795, 1, 696, 1, NULL, NULL, '1012.50', '12.50', '31.25', 81, 0, 81),
(4796, 1, 697, 1, NULL, NULL, '1965.00', '15.00', '37.50', 131, 0, 131),
(4797, 1, 698, 1, NULL, NULL, '544.00', '17.00', '42.50', 32, 0, 32),
(4798, 1, 699, 1, NULL, NULL, '840.00', '20.00', '50.00', 42, 0, 42),
(4799, 1, 700, 1, NULL, NULL, '616.00', '22.00', '55.00', 28, 0, 28),
(4800, 1, 701, 1, NULL, NULL, '972.00', '27.00', '67.50', 36, 0, 36),
(4801, 1, 702, 1, NULL, NULL, '1485.00', '33.00', '82.50', 45, 0, 45),
(4802, 1, 703, 1, NULL, NULL, '360.00', '45.00', '112.50', 8, 0, 8),
(4803, 1, 704, 1, NULL, NULL, '53.00', '53.00', '132.50', 1, 0, 1),
(4804, 1, 705, 1, NULL, NULL, '1485.00', '55.00', '137.50', 27, 0, 27),
(4805, 1, 706, 1, NULL, NULL, '488.00', '8.00', '20.00', 61, 0, 61),
(4806, 1, 707, 1, NULL, NULL, '460.00', '10.00', '25.00', 46, 0, 46),
(4807, 1, 708, 1, NULL, NULL, '384.00', '12.00', '30.00', 32, 0, 32),
(4808, 1, 709, 1, NULL, NULL, '460.00', '20.00', '50.00', 23, 0, 23),
(4809, 1, 710, 1, NULL, NULL, '1334.00', '29.00', '72.50', 46, 0, 46),
(4810, 1, 711, 1, NULL, NULL, '990.00', '18.00', '45.00', 55, 0, 55),
(4811, 1, 712, 1, NULL, NULL, '2500.00', '50.00', '125.00', 50, 0, 50),
(4812, 1, 713, 1, NULL, NULL, '1550.00', '50.00', '125.00', 31, 0, 31),
(4813, 1, 714, 1, NULL, NULL, '863.50', '5.50', '13.75', 157, 0, 157),
(4814, 1, 715, 1, NULL, NULL, '1180.00', '10.00', '25.00', 118, 0, 118),
(4815, 1, 716, 1, NULL, NULL, '1890.00', '2.10', '5.25', 900, 0, 900),
(4816, 1, 717, 1, NULL, NULL, '2170.00', '10.00', '25.00', 217, 0, 217),
(4817, 1, 718, 1, NULL, NULL, '598.00', '13.00', '32.50', 46, 0, 46),
(4818, 1, 719, 1, NULL, NULL, '200.00', '5.00', '12.50', 40, 0, 40),
(4819, 1, 720, 1, NULL, NULL, '380.00', '4.00', '10.00', 95, 0, 95),
(4820, 1, 721, 1, NULL, NULL, '500.00', '5.00', '12.50', 100, 0, 100),
(4821, 1, 722, 1, NULL, NULL, '212.00', '53.00', '132.50', 4, 0, 4),
(4822, 1, 723, 1, NULL, NULL, '567.00', '21.00', '52.50', 27, 0, 27),
(4823, 1, 724, 1, NULL, NULL, '694.40', '3.20', '8.00', 217, 0, 217),
(4824, 1, 725, 1, NULL, NULL, '516.00', '12.00', '30.00', 43, 0, 43),
(4825, 1, 726, 1, NULL, NULL, '676.00', '13.00', '32.50', 52, 0, 52),
(4826, 1, 727, 1, NULL, NULL, '3302.00', '13.00', '32.50', 254, 0, 254),
(4827, 1, 728, 1, NULL, NULL, '1287.00', '13.00', '32.50', 99, 0, 99),
(4828, 1, 729, 1, NULL, NULL, '120.00', '20.00', '50.00', 6, 0, 6),
(4829, 1, 730, 1, NULL, NULL, '819.00', '21.00', '52.50', 39, 0, 39),
(4830, 1, 731, 1, NULL, NULL, '323.00', '8.50', '21.25', 38, 0, 38);
INSERT INTO `stock_receipt_items` (`id`, `receipt_id`, `product_id`, `boxes_qty`, `weight_kg`, `volume_cbm`, `amount`, `purchase_cost`, `selling_price`, `pieces_per_box`, `loose_pieces`, `total_pieces`) VALUES
(4831, 1, 732, 1, NULL, NULL, '342.00', '18.00', '45.00', 19, 0, 19),
(4832, 1, 733, 1, NULL, NULL, '621.00', '23.00', '57.50', 27, 0, 27),
(4833, 1, 734, 1, NULL, NULL, '152.00', '38.00', '95.00', 4, 0, 4),
(4834, 1, 735, 1, NULL, NULL, '0.00', '0.00', '0.00', 7, 0, 7),
(4835, 1, 736, 1, NULL, NULL, '1077.30', '6.30', '15.75', 171, 0, 171),
(4836, 1, 737, 1, NULL, NULL, '1419.50', '8.50', '21.25', 167, 0, 167),
(4837, 1, 738, 1, NULL, NULL, '1111.00', '11.00', '27.50', 101, 0, 101),
(4838, 1, 739, 1, NULL, NULL, '2014.00', '9.50', '23.75', 212, 0, 212),
(4839, 1, 740, 1, NULL, NULL, '780.00', '12.00', '30.00', 65, 0, 65),
(4840, 1, 741, 1, NULL, NULL, '961.00', '15.50', '38.75', 62, 0, 62),
(4841, 1, 742, 1, NULL, NULL, '0.00', '0.00', '0.00', 2, 0, 2),
(4842, 1, 743, 1, NULL, NULL, '1843.70', '10.30', '25.75', 179, 0, 179),
(4843, 1, 744, 1, NULL, NULL, '1450.00', '14.50', '36.25', 100, 0, 100),
(4844, 1, 745, 1, NULL, NULL, '1352.80', '17.80', '44.50', 76, 0, 76),
(4845, 1, 746, 1, NULL, NULL, '1426.00', '23.00', '57.50', 62, 0, 62),
(4846, 1, 747, 1, NULL, NULL, '345.00', '23.00', '57.50', 15, 0, 15),
(4847, 1, 748, 1, NULL, NULL, '970.00', '9.70', '24.25', 100, 0, 100),
(4848, 1, 749, 1, NULL, NULL, '360.00', '10.00', '25.00', 36, 0, 36),
(4849, 1, 750, 1, NULL, NULL, '0.00', '0.00', '0.00', 110, 0, 110),
(4850, 1, 751, 1, NULL, NULL, '295.80', '10.20', '25.50', 29, 0, 29),
(4851, 1, 752, 1, NULL, NULL, '800.00', '40.00', '100.00', 20, 0, 20),
(4852, 1, 753, 1, NULL, NULL, '630.00', '15.00', '37.50', 42, 0, 42),
(4853, 1, 754, 1, NULL, NULL, '600.00', '1.20', '3.00', 500, 0, 500),
(4854, 1, 755, 1, NULL, NULL, '1356.60', '1.40', '3.50', 969, 0, 969),
(4855, 1, 756, 1, NULL, NULL, '1072.00', '4.00', '10.00', 268, 0, 268),
(4856, 1, 757, 1, NULL, NULL, '2213.40', '4.20', '10.50', 527, 0, 527),
(4857, 1, 758, 1, NULL, NULL, '850.00', '50.00', '100.00', 17, 0, 17),
(4858, 1, 759, 1, NULL, NULL, '1387.00', '73.00', '146.00', 19, 0, 19),
(4859, 1, 760, 1, NULL, NULL, '2574.00', '78.00', '156.00', 33, 0, 33),
(4860, 1, 761, 1, NULL, NULL, '900.00', '300.00', '360.00', 3, 0, 3),
(4861, 1, 762, 1, NULL, NULL, '700.00', '140.00', '280.00', 5, 0, 5),
(4862, 1, 763, 1, NULL, NULL, '2030.00', '145.00', '290.00', 14, 0, 14),
(4863, 1, 764, 1, NULL, NULL, '2328.00', '388.00', '931.20', 6, 0, 6),
(4864, 1, 765, 1, NULL, NULL, '3000.00', '500.00', '1250.00', 6, 0, 6),
(4865, 1, 766, 1, NULL, NULL, '555.00', '185.00', '462.50', 3, 0, 3),
(4866, 1, 767, 1, NULL, NULL, '1610.00', '70.00', '140.00', 23, 0, 23),
(4867, 1, 768, 1, NULL, NULL, '580.00', '145.00', '362.50', 4, 0, 4),
(4868, 1, 769, 1, NULL, NULL, '686.00', '98.00', '245.00', 7, 0, 7),
(4869, 1, 770, 1, NULL, NULL, '220.00', '55.00', '137.50', 4, 0, 4),
(4870, 1, 771, 1, NULL, NULL, '0.00', '0.00', '0.00', 1, 0, 1),
(4871, 1, 772, 1, NULL, NULL, '605.00', '55.00', '137.50', 11, 0, 11),
(4872, 1, 773, 1, NULL, NULL, '78.00', '13.00', '32.50', 6, 0, 6),
(4873, 1, 774, 1, NULL, NULL, '0.00', '0.00', '0.00', 19, 0, 19),
(4874, 1, 775, 1, NULL, NULL, '2806.00', '122.00', '244.00', 23, 0, 23),
(4875, 1, 776, 1, NULL, NULL, '5700.00', '100.00', '250.00', 57, 0, 57),
(4876, 1, 777, 1, NULL, NULL, '1140.00', '285.00', '570.00', 4, 0, 4),
(4877, 1, 778, 1, NULL, NULL, '1064.00', '38.00', '76.00', 28, 0, 28),
(4878, 1, 779, 1, NULL, NULL, '1600.00', '800.00', '1000.00', 2, 0, 2),
(4879, 1, 780, 1, NULL, NULL, '800.00', '800.00', '1000.00', 1, 0, 1),
(4880, 1, 781, 1, NULL, NULL, '80.00', '40.00', '100.00', 2, 0, 2),
(4881, 1, 782, 1, NULL, NULL, '1760.00', '40.00', '100.00', 44, 0, 44),
(4882, 1, 783, 1, NULL, NULL, '0.00', '0.00', '0.00', 6, 0, 6),
(4883, 1, 784, 1, NULL, NULL, '902.00', '22.00', '55.00', 41, 0, 41),
(4884, 1, 785, 1, NULL, NULL, '0.00', '0.00', '0.00', 69, 0, 69),
(4885, 1, 786, 1, NULL, NULL, '1080.00', '120.00', '240.00', 9, 0, 9),
(4886, 1, 787, 1, NULL, NULL, '750.00', '150.00', '300.00', 5, 0, 5),
(4887, 1, 788, 1, NULL, NULL, '350.00', '350.00', '420.00', 1, 0, 1),
(4888, 1, 789, 1, NULL, NULL, '800.00', '80.00', '200.00', 10, 0, 10),
(4889, 1, 790, 1, NULL, NULL, '2730.00', '105.00', '210.00', 26, 0, 26),
(4890, 1, 791, 1, NULL, NULL, '660.00', '110.00', '220.00', 6, 0, 6),
(4891, 1, 792, 1, NULL, NULL, '280.00', '140.00', '350.00', 2, 0, 2),
(4892, 1, 793, 1, NULL, NULL, '1890.00', '70.00', '175.00', 27, 0, 27),
(4893, 1, 794, 1, NULL, NULL, '0.00', '0.00', '0.00', 4, 0, 4),
(4894, 1, 795, 1, NULL, NULL, '570.00', '30.00', '75.00', 19, 0, 19),
(4895, 1, 796, 1, NULL, NULL, '777.00', '37.00', '92.50', 21, 0, 21),
(4896, 1, 797, 1, NULL, NULL, '1300.00', '26.00', '65.00', 50, 0, 50),
(4897, 1, 798, 1, NULL, NULL, '1419.00', '16.50', '33.00', 86, 0, 86),
(4898, 1, 799, 1, NULL, NULL, '1245.00', '15.00', '30.00', 83, 0, 83),
(4899, 1, 800, 1, NULL, NULL, '1218.00', '2.00', '5.00', 609, 0, 609),
(4900, 1, 801, 1, NULL, NULL, '44.00', '4.00', '5.00', 11, 0, 11),
(4901, 1, 802, 1, NULL, NULL, '694.80', '3.60', '9.00', 193, 0, 193),
(4902, 1, 803, 1, NULL, NULL, '1347.50', '17.50', '35.00', 77, 0, 77),
(4903, 1, 804, 1, NULL, NULL, '2956.50', '13.50', '27.00', 219, 0, 219),
(4904, 1, 805, 1, NULL, NULL, '2972.50', '14.50', '29.00', 205, 0, 205),
(4905, 1, 806, 1, NULL, NULL, '473.20', '2.60', '6.50', 182, 0, 182),
(4906, 1, 807, 1, NULL, NULL, '455.00', '2.60', '2.60', 175, 0, 175),
(4907, 1, 808, 1, NULL, NULL, '442.00', '17.00', '20.40', 26, 0, 26),
(4908, 1, 809, 1, NULL, NULL, '1256.00', '8.00', '20.00', 157, 0, 157),
(4909, 1, 810, 1, NULL, NULL, '200.00', '4.00', '5.00', 50, 0, 50),
(4910, 1, 811, 1, NULL, NULL, '2997.00', '13.50', '27.00', 222, 0, 222),
(4911, 1, 812, 1, NULL, NULL, '248.00', '8.00', '20.00', 31, 0, 31),
(4912, 1, 813, 1, NULL, NULL, '165.00', '3.00', '7.50', 55, 0, 55),
(4913, 1, 814, 1, NULL, NULL, '112.00', '4.00', '10.00', 28, 0, 28),
(4914, 1, 815, 1, NULL, NULL, '1704.00', '12.00', '15.00', 142, 0, 142),
(4915, 1, 816, 1, NULL, NULL, '540.00', '2.00', '5.00', 270, 0, 270),
(4916, 1, 817, 1, NULL, NULL, '646.00', '34.00', '40.80', 19, 0, 19),
(4917, 1, 818, 1, NULL, NULL, '896.00', '8.00', '20.00', 112, 0, 112),
(4918, 1, 819, 1, NULL, NULL, '200.00', '10.00', '15.00', 20, 0, 20),
(4919, 1, 820, 1, NULL, NULL, '288.00', '16.00', '40.00', 18, 0, 18),
(4920, 1, 821, 1, NULL, NULL, '44.00', '0.80', '2.00', 55, 0, 55),
(4921, 1, 822, 1, NULL, NULL, '44.00', '44.00', '110.00', 1, 0, 1),
(4922, 1, 823, 1, NULL, NULL, '27.00', '9.00', '22.50', 3, 0, 3),
(4923, 1, 824, 1, NULL, NULL, '279.50', '21.50', '43.00', 13, 0, 13),
(4924, 1, 825, 1, NULL, NULL, '1856.00', '58.00', '116.00', 32, 0, 32),
(4925, 1, 826, 1, NULL, NULL, '320.00', '16.00', '40.00', 20, 0, 20),
(4926, 1, 827, 1, NULL, NULL, '1220.00', '610.00', '1220.00', 2, 0, 2),
(4927, 1, 828, 1, NULL, NULL, '760.00', '760.00', '1520.00', 1, 0, 1),
(4928, 1, 829, 1, NULL, NULL, '13260.00', '260.00', '260.00', 51, 0, 51),
(4929, 1, 830, 1, NULL, NULL, '305.00', '305.00', '305.00', 1, 0, 1),
(4930, 1, 831, 1, NULL, NULL, '770.00', '110.00', '220.00', 7, 0, 7),
(4931, 1, 832, 1, NULL, NULL, '784.00', '98.00', '245.00', 8, 0, 8),
(4932, 1, 833, 1, NULL, NULL, '9450.00', '1050.00', '2100.00', 9, 0, 9),
(4933, 1, 834, 1, NULL, NULL, '816.00', '17.00', '34.00', 48, 0, 48),
(4934, 1, 835, 1, NULL, NULL, '475.00', '19.00', '47.50', 25, 0, 25),
(4935, 1, 836, 1, NULL, NULL, '280.00', '14.00', '28.00', 20, 0, 20),
(4936, 1, 837, 1, NULL, NULL, '1960.00', '14.00', '28.00', 140, 0, 140),
(4937, 1, 838, 1, NULL, NULL, '3780.00', '15.00', '30.00', 252, 0, 252),
(4938, 1, 839, 1, NULL, NULL, '224.00', '14.00', '14.00', 16, 0, 16),
(4939, 1, 840, 1, NULL, NULL, '560.00', '14.00', '14.00', 40, 0, 40),
(4940, 1, 841, 1, NULL, NULL, '448.00', '14.00', '14.00', 32, 0, 32),
(4941, 1, 842, 1, NULL, NULL, '1008.00', '14.00', '14.00', 72, 0, 72),
(4942, 1, 843, 1, NULL, NULL, '5865.00', '15.00', '37.50', 391, 0, 391),
(4943, 1, 844, 1, NULL, NULL, '112.00', '14.00', '14.00', 8, 0, 8),
(4944, 1, 845, 1, NULL, NULL, '328.00', '164.00', '410.00', 2, 0, 2),
(4945, 1, 846, 1, NULL, NULL, '5762.00', '67.00', '134.00', 86, 0, 86),
(4946, 1, 847, 1, NULL, NULL, '0.00', '0.00', '0.00', 0, 0, 0),
(4947, 1, 848, 1, NULL, NULL, '675.00', '135.00', '270.00', 5, 0, 5),
(4948, 1, 849, 1, NULL, NULL, '630.00', '210.00', '420.00', 3, 0, 3),
(4949, 1, 850, 1, NULL, NULL, '3600.00', '720.00', '1440.00', 5, 0, 5),
(4950, 1, 851, 1, NULL, NULL, '1080.00', '270.00', '540.00', 4, 0, 4),
(4951, 1, 852, 1, NULL, NULL, '1750.00', '350.00', '700.00', 5, 0, 5),
(4952, 1, 853, 1, NULL, NULL, '900.00', '450.00', '900.00', 2, 0, 2),
(4953, 1, 854, 1, NULL, NULL, '9225.00', '615.00', '1230.00', 15, 0, 15),
(4954, 1, 855, 1, NULL, NULL, '12600.00', '1800.00', '2160.00', 7, 0, 7),
(4955, 1, 856, 1, NULL, NULL, '1350.00', '1350.00', '2700.00', 1, 0, 1),
(4956, 1, 857, 1, NULL, NULL, '104.40', '1.80', '4.50', 58, 0, 58),
(4957, 1, 858, 1, NULL, NULL, '194.40', '1.80', '4.50', 108, 0, 108),
(4958, 1, 859, 1, NULL, NULL, '312.00', '13.00', '26.00', 24, 0, 24),
(4959, 1, 860, 1, NULL, NULL, '80.00', '10.00', '15.00', 8, 0, 8),
(4960, 1, 861, 1, NULL, NULL, '146.00', '2.00', '5.00', 73, 0, 73),
(4961, 1, 862, 1, NULL, NULL, '246.00', '1.00', '2.50', 246, 0, 246),
(4962, 1, 863, 1, NULL, NULL, '847.50', '2.50', '6.25', 339, 0, 339),
(4963, 1, 864, 1, NULL, NULL, '260.00', '4.00', '10.00', 65, 0, 65),
(4964, 1, 865, 1, NULL, NULL, '864.00', '18.00', '20.70', 48, 0, 48),
(4965, 1, 866, 1, NULL, NULL, '637.32', '2.82', '7.05', 226, 0, 226),
(4966, 1, 867, 1, NULL, NULL, '1476.00', '4.50', '11.25', 328, 0, 328),
(4967, 1, 868, 1, NULL, NULL, '250.80', '2.20', '5.50', 114, 0, 114),
(4968, 1, 869, 1, NULL, NULL, '90.36', '2.51', '6.27', 36, 0, 36),
(4969, 1, 870, 1, NULL, NULL, '32.76', '2.52', '6.30', 13, 0, 13),
(4970, 1, 871, 1, NULL, NULL, '116.16', '2.64', '6.60', 44, 0, 44),
(4971, 1, 872, 1, NULL, NULL, '298.87', '2.47', '6.18', 121, 0, 121),
(4972, 1, 873, 1, NULL, NULL, '166.98', '2.53', '6.32', 66, 0, 66),
(4973, 1, 874, 1, NULL, NULL, '574.60', '2.60', '6.50', 221, 0, 221),
(4974, 1, 875, 1, NULL, NULL, '264.00', '2.64', '6.60', 100, 0, 100),
(4975, 1, 876, 1, NULL, NULL, '148.50', '4.50', '11.25', 33, 0, 33),
(4976, 1, 877, 1, NULL, NULL, '348.92', '2.86', '7.15', 122, 0, 122),
(4977, 1, 878, 1, NULL, NULL, '727.50', '2.91', '7.28', 250, 0, 250),
(4978, 1, 879, 1, NULL, NULL, '302.94', '2.97', '7.43', 102, 0, 102),
(4979, 1, 880, 1, NULL, NULL, '306.90', '3.10', '7.75', 99, 0, 99),
(4980, 1, 881, 1, NULL, NULL, '342.40', '3.20', '8.00', 107, 0, 107),
(4981, 1, 882, 1, NULL, NULL, '607.20', '3.30', '8.25', 184, 0, 184),
(4982, 1, 883, 1, NULL, NULL, '59.52', '1.92', '4.80', 31, 0, 31),
(4983, 1, 884, 1, NULL, NULL, '12.80', '2.56', '6.40', 5, 0, 5),
(4984, 1, 885, 1, NULL, NULL, '172.80', '2.16', '5.40', 80, 0, 80),
(4985, 1, 886, 1, NULL, NULL, '45.60', '2.28', '5.70', 20, 0, 20),
(4986, 1, 887, 1, NULL, NULL, '105.00', '3.50', '8.75', 30, 0, 30),
(4987, 1, 888, 1, NULL, NULL, '336.00', '3.36', '8.40', 100, 0, 100),
(4988, 1, 889, 1, NULL, NULL, '140.80', '3.52', '8.80', 40, 0, 40),
(4989, 1, 890, 1, NULL, NULL, '96.20', '3.70', '9.25', 26, 0, 26),
(4990, 1, 891, 1, NULL, NULL, '257.28', '3.84', '9.60', 67, 0, 67),
(4991, 1, 892, 1, NULL, NULL, '254.15', '3.91', '9.78', 65, 0, 65),
(4992, 1, 893, 1, NULL, NULL, '204.00', '4.00', '10.00', 51, 0, 51),
(4993, 1, 894, 1, NULL, NULL, '382.72', '4.16', '10.40', 92, 0, 92),
(4994, 1, 895, 1, NULL, NULL, '90.72', '4.32', '10.80', 21, 0, 21),
(4995, 1, 896, 1, NULL, NULL, '148.50', '4.50', '11.25', 33, 0, 33),
(4996, 1, 897, 1, NULL, NULL, '556.80', '4.64', '11.60', 120, 0, 120),
(4997, 1, 898, 1, NULL, NULL, '663.00', '10.20', '25.50', 65, 0, 65),
(4998, 1, 899, 1, NULL, NULL, '28.80', '4.80', '12.00', 6, 0, 6),
(4999, 1, 900, 1, NULL, NULL, '213.28', '4.96', '12.40', 43, 0, 43),
(5000, 1, 901, 1, NULL, NULL, '102.40', '5.12', '12.80', 20, 0, 20),
(5001, 1, 902, 1, NULL, NULL, '345.92', '7.52', '18.80', 46, 0, 46),
(5002, 1, 903, 1, NULL, NULL, '53.00', '5.30', '13.25', 10, 0, 10),
(5003, 1, 904, 1, NULL, NULL, '272.00', '5.44', '13.60', 50, 0, 50),
(5004, 1, 905, 1, NULL, NULL, '380.80', '5.60', '14.00', 68, 0, 68),
(5005, 1, 906, 1, NULL, NULL, '161.28', '5.76', '14.40', 28, 0, 28),
(5006, 1, 907, 1, NULL, NULL, '124.32', '5.92', '14.80', 21, 0, 21),
(5007, 1, 908, 1, NULL, NULL, '561.20', '6.10', '15.25', 92, 0, 92),
(5008, 1, 909, 1, NULL, NULL, '605.28', '6.24', '15.60', 97, 0, 97),
(5009, 1, 910, 1, NULL, NULL, '1171.20', '6.40', '16.00', 183, 0, 183),
(5010, 1, 911, 1, NULL, NULL, '987.00', '9.87', '24.67', 100, 0, 100),
(5011, 1, 912, 1, NULL, NULL, '710.70', '6.90', '17.25', 103, 0, 103),
(5012, 1, 913, 1, NULL, NULL, '70.40', '7.04', '17.60', 10, 0, 10),
(5013, 1, 914, 1, NULL, NULL, '903.42', '7.17', '17.93', 126, 0, 126),
(5014, 1, 915, 1, NULL, NULL, '333.00', '7.40', '18.50', 45, 0, 45),
(5015, 1, 916, 1, NULL, NULL, '368.48', '7.52', '18.80', 49, 0, 49),
(5016, 1, 917, 1, NULL, NULL, '277.20', '7.70', '19.25', 36, 0, 36),
(5017, 1, 918, 1, NULL, NULL, '368.48', '7.84', '19.60', 47, 0, 47),
(5018, 1, 919, 1, NULL, NULL, '208.00', '8.00', '20.00', 26, 0, 26),
(5019, 1, 920, 1, NULL, NULL, '383.52', '8.16', '20.40', 47, 0, 47),
(5020, 1, 921, 1, NULL, NULL, '391.04', '8.32', '20.80', 47, 0, 47),
(5021, 1, 922, 1, NULL, NULL, '305.28', '8.48', '21.20', 36, 0, 36),
(5022, 1, 923, 1, NULL, NULL, '362.88', '8.64', '21.60', 42, 0, 42),
(5023, 1, 924, 1, NULL, NULL, '308.00', '8.80', '22.00', 35, 0, 35),
(5024, 1, 925, 1, NULL, NULL, '241.92', '8.96', '22.40', 27, 0, 27),
(5025, 1, 926, 1, NULL, NULL, '127.68', '9.12', '22.80', 14, 0, 14),
(5026, 1, 927, 1, NULL, NULL, '28.32', '9.44', '23.60', 3, 0, 3),
(5027, 1, 928, 1, NULL, NULL, '683.40', '10.20', '25.50', 67, 0, 67),
(5028, 1, 929, 1, NULL, NULL, '30.00', '3.00', '7.50', 10, 0, 10),
(5029, 1, 930, 1, NULL, NULL, '12.40', '3.10', '7.75', 4, 0, 4),
(5030, 1, 931, 1, NULL, NULL, '163.20', '3.20', '8.00', 51, 0, 51),
(5031, 1, 932, 1, NULL, NULL, '72.60', '3.30', '8.25', 22, 0, 22),
(5032, 1, 933, 1, NULL, NULL, '16.50', '3.30', '8.25', 5, 0, 5),
(5033, 1, 934, 1, NULL, NULL, '1794.00', '78.00', '195.00', 23, 0, 23),
(5034, 1, 935, 1, NULL, NULL, '171.35', '7.45', '18.63', 23, 0, 23),
(5035, 1, 936, 1, NULL, NULL, '388.00', '9.70', '24.25', 40, 0, 40),
(5036, 1, 937, 1, NULL, NULL, '942.08', '10.24', '25.60', 92, 0, 92),
(5037, 1, 938, 1, NULL, NULL, '823.68', '10.56', '26.40', 78, 0, 78),
(5038, 1, 939, 1, NULL, NULL, '130.56', '10.88', '27.20', 12, 0, 12),
(5039, 1, 940, 1, NULL, NULL, '537.60', '11.20', '28.00', 48, 0, 48),
(5040, 1, 941, 1, NULL, NULL, '184.32', '11.52', '28.80', 16, 0, 16),
(5041, 1, 942, 1, NULL, NULL, '165.76', '11.84', '29.60', 14, 0, 14),
(5042, 1, 943, 1, NULL, NULL, '429.20', '11.60', '29.00', 37, 0, 37),
(5043, 1, 944, 1, NULL, NULL, '624.00', '12.00', '30.00', 52, 0, 52),
(5044, 1, 945, 1, NULL, NULL, '549.00', '12.20', '30.50', 45, 0, 45),
(5045, 1, 946, 1, NULL, NULL, '1501.00', '15.80', '39.50', 95, 0, 95),
(5046, 1, 947, 1, NULL, NULL, '316.48', '13.76', '34.40', 23, 0, 23),
(5047, 1, 948, 1, NULL, NULL, '943.23', '13.67', '34.18', 69, 0, 69),
(5048, 1, 949, 1, NULL, NULL, '1663.80', '17.70', '44.25', 94, 0, 94),
(5049, 1, 950, 1, NULL, NULL, '604.80', '14.40', '36.00', 42, 0, 42),
(5050, 1, 951, 1, NULL, NULL, '710.60', '18.70', '46.75', 38, 0, 38),
(5051, 1, 952, 1, NULL, NULL, '891.00', '19.80', '49.50', 45, 0, 45),
(5052, 1, 953, 1, NULL, NULL, '1212.00', '20.20', '50.50', 60, 0, 60),
(5053, 1, 954, 1, NULL, NULL, '268.80', '16.80', '42.00', 16, 0, 16),
(5054, 1, 955, 1, NULL, NULL, '390.08', '16.96', '42.40', 23, 0, 23),
(5055, 1, 956, 1, NULL, NULL, '270.00', '30.00', '75.00', 9, 0, 9),
(5056, 1, 957, 1, NULL, NULL, '449.28', '17.28', '43.20', 26, 0, 26),
(5057, 1, 958, 1, NULL, NULL, '171.20', '21.40', '53.50', 8, 0, 8),
(5058, 1, 959, 1, NULL, NULL, '588.60', '21.80', '54.50', 27, 0, 27),
(5059, 1, 960, 1, NULL, NULL, '232.96', '17.92', '44.80', 13, 0, 13),
(5060, 1, 961, 1, NULL, NULL, '1647.20', '28.40', '71.00', 58, 0, 58),
(5061, 1, 962, 1, NULL, NULL, '165.00', '33.00', '82.50', 5, 0, 5),
(5062, 1, 963, 1, NULL, NULL, '674.18', '25.93', '64.83', 26, 0, 26),
(5063, 1, 964, 1, NULL, NULL, '1646.40', '33.60', '84.00', 49, 0, 49),
(5064, 1, 965, 1, NULL, NULL, '132.70', '26.54', '66.35', 5, 0, 5),
(5065, 1, 966, 1, NULL, NULL, '2098.40', '34.40', '86.00', 61, 0, 61),
(5066, 1, 967, 1, NULL, NULL, '1276.02', '37.53', '93.83', 34, 0, 34),
(5067, 1, 968, 1, NULL, NULL, '2288.00', '104.00', '260.00', 22, 0, 22),
(5068, 1, 969, 1, NULL, NULL, '988.00', '38.00', '95.00', 26, 0, 26),
(5069, 1, 970, 1, NULL, NULL, '3672.00', '54.00', '135.00', 68, 0, 68),
(5070, 1, 971, 1, NULL, NULL, '1870.00', '85.00', '212.50', 22, 0, 22),
(5071, 1, 972, 1, NULL, NULL, '2544.00', '106.00', '265.00', 24, 0, 24),
(5072, 1, 973, 1, NULL, NULL, '10640.00', '152.00', '380.00', 70, 0, 70),
(5073, 1, 974, 1, NULL, NULL, '760.00', '380.00', '501.60', 2, 0, 2),
(5074, 1, 975, 1, NULL, NULL, '180.00', '180.00', '207.00', 1, 0, 1),
(5075, 1, 976, 1, NULL, NULL, '2304.00', '48.00', '120.00', 48, 0, 48),
(5076, 1, 977, 1, NULL, NULL, '336.00', '48.00', '120.00', 7, 0, 7),
(5077, 1, 978, 1, NULL, NULL, '858.00', '22.00', '55.00', 39, 0, 39),
(5078, 1, 979, 1, NULL, NULL, '690.00', '30.00', '60.00', 23, 0, 23),
(5079, 1, 980, 1, NULL, NULL, '342.00', '18.00', '45.00', 19, 0, 19),
(5080, 1, 981, 1, NULL, NULL, '1081.00', '11.50', '28.75', 94, 0, 94),
(5081, 1, 982, 1, NULL, NULL, '66.00', '6.00', '15.00', 11, 0, 11),
(5082, 1, 983, 1, NULL, NULL, '120.00', '1.20', '3.00', 100, 0, 100),
(5083, 1, 984, 1, NULL, NULL, '1001.00', '13.00', '32.50', 77, 0, 77),
(5084, 1, 985, 1, NULL, NULL, '1582.00', '2.80', '7.00', 565, 0, 565),
(5085, 1, 986, 1, NULL, NULL, '176.00', '16.00', '40.00', 11, 0, 11),
(5086, 1, 987, 1, NULL, NULL, '12190.00', '23.00', '57.50', 530, 0, 530),
(5087, 1, 988, 1, NULL, NULL, '92.40', '2.20', '5.50', 42, 0, 42),
(5088, 1, 989, 1, NULL, NULL, '1600.00', '16.00', '20.00', 100, 0, 100),
(5089, 1, 990, 1, NULL, NULL, '756.00', '63.00', '157.50', 12, 0, 12),
(5090, 1, 991, 1, NULL, NULL, '225.00', '15.00', '37.50', 15, 0, 15),
(5091, 1, 992, 1, NULL, NULL, '1190.00', '7.00', '14.00', 170, 0, 170),
(5092, 1, 993, 1, NULL, NULL, '480.00', '60.00', '150.00', 8, 0, 8),
(5093, 1, 994, 1, NULL, NULL, '378.00', '4.50', '11.25', 84, 0, 84),
(5094, 1, 995, 1, NULL, NULL, '440.30', '1.70', '4.25', 259, 0, 259),
(5095, 1, 996, 1, NULL, NULL, '270.00', '1.80', '4.50', 150, 0, 150),
(5096, 1, 997, 1, NULL, NULL, '434.70', '2.30', '5.75', 189, 0, 189),
(5097, 1, 998, 1, NULL, NULL, '436.80', '2.60', '6.50', 168, 0, 168),
(5098, 1, 999, 1, NULL, NULL, '544.00', '3.20', '8.00', 170, 0, 170),
(5099, 1, 1000, 1, NULL, NULL, '564.00', '3.00', '7.50', 188, 0, 188),
(5100, 1, 1001, 1, NULL, NULL, '70.00', '0.50', '1.25', 140, 0, 140),
(5101, 1, 1002, 1, NULL, NULL, '106.00', '2.65', '6.63', 40, 0, 40),
(5102, 1, 1003, 1, NULL, NULL, '108.00', '2.70', '6.75', 40, 0, 40),
(5103, 1, 1004, 1, NULL, NULL, '162.50', '0.50', '1.25', 325, 0, 325),
(5104, 1, 1005, 1, NULL, NULL, '1115.10', '0.70', '1.75', 1593, 0, 1593),
(5105, 1, 1006, 1, NULL, NULL, '349.05', '0.65', '1.63', 537, 0, 537),
(5106, 1, 1007, 1, NULL, NULL, '364.00', '0.65', '1.63', 560, 0, 560),
(5107, 1, 1008, 1, NULL, NULL, '639.20', '0.80', '2.00', 799, 0, 799),
(5108, 1, 1009, 1, NULL, NULL, '97.60', '0.80', '2.00', 122, 0, 122),
(5109, 1, 1010, 1, NULL, NULL, '374.40', '0.80', '2.00', 468, 0, 468),
(5110, 1, 1011, 1, NULL, NULL, '541.20', '1.20', '3.00', 451, 0, 451),
(5111, 1, 1012, 1, NULL, NULL, '60.00', '1.20', '3.00', 50, 0, 50),
(5112, 1, 1013, 1, NULL, NULL, '336.00', '1.20', '3.00', 280, 0, 280),
(5113, 1, 1014, 1, NULL, NULL, '424.80', '1.20', '3.00', 354, 0, 354),
(5114, 1, 1015, 1, NULL, NULL, '426.00', '1.20', '3.00', 355, 0, 355),
(5115, 1, 1016, 1, NULL, NULL, '252.00', '1.20', '3.00', 210, 0, 210),
(5116, 1, 1017, 1, NULL, NULL, '214.80', '1.20', '3.00', 179, 0, 179),
(5117, 1, 1018, 1, NULL, NULL, '234.00', '1.20', '3.00', 195, 0, 195),
(5118, 1, 1019, 1, NULL, NULL, '829.20', '1.20', '3.00', 691, 0, 691),
(5119, 1, 1020, 1, NULL, NULL, '288.00', '3.00', '7.50', 96, 0, 96),
(5120, 1, 1021, 1, NULL, NULL, '130.00', '1.00', '2.50', 130, 0, 130),
(5121, 1, 1022, 1, NULL, NULL, '156.00', '1.20', '3.00', 130, 0, 130),
(5122, 1, 1023, 1, NULL, NULL, '276.00', '1.20', '3.00', 230, 0, 230),
(5123, 1, 1024, 1, NULL, NULL, '483.00', '1.00', '2.50', 483, 0, 483),
(5124, 1, 1025, 1, NULL, NULL, '603.90', '1.10', '2.75', 549, 0, 549),
(5125, 1, 1026, 1, NULL, NULL, '110.00', '1.00', '2.50', 110, 0, 110),
(5126, 1, 1027, 1, NULL, NULL, '670.00', '1.00', '2.50', 670, 0, 670),
(5127, 1, 1028, 1, NULL, NULL, '0.00', '0.00', '0.00', 7, 0, 7),
(5128, 1, 1029, 1, NULL, NULL, '99.00', '1.00', '2.50', 99, 0, 99),
(5129, 1, 1030, 1, NULL, NULL, '540.40', '1.40', '3.50', 386, 0, 386),
(5130, 1, 1031, 1, NULL, NULL, '645.00', '1.50', '3.75', 430, 0, 430),
(5131, 1, 1032, 1, NULL, NULL, '963.60', '1.65', '4.13', 584, 0, 584),
(5132, 1, 1033, 1, NULL, NULL, '570.90', '1.65', '4.13', 346, 0, 346),
(5133, 1, 1034, 1, NULL, NULL, '432.00', '2.00', '5.00', 216, 0, 216),
(5134, 1, 1035, 1, NULL, NULL, '760.80', '2.40', '6.00', 317, 0, 317),
(5135, 1, 1036, 1, NULL, NULL, '320.00', '10.00', '25.00', 32, 0, 32),
(5136, 1, 1037, 1, NULL, NULL, '264.00', '8.00', '20.00', 33, 0, 33),
(5137, 1, 1038, 1, NULL, NULL, '848.40', '4.20', '10.50', 202, 0, 202),
(5138, 1, 1039, 1, NULL, NULL, '16.00', '4.00', '10.00', 4, 0, 4),
(5139, 1, 1040, 1, NULL, NULL, '620.00', '4.00', '10.00', 155, 0, 155),
(5140, 1, 1041, 1, NULL, NULL, '54.00', '6.00', '15.00', 9, 0, 9),
(5141, 1, 1042, 1, NULL, NULL, '800.00', '80.00', '100.00', 10, 0, 10),
(5142, 1, 1043, 1, NULL, NULL, '930.00', '10.00', '12.00', 93, 0, 93),
(5143, 1, 1044, 1, NULL, NULL, '204.00', '1.00', '2.50', 204, 0, 204),
(5144, 1, 1045, 1, NULL, NULL, '914.00', '2.00', '5.00', 457, 0, 457),
(5145, 1, 1046, 1, NULL, NULL, '876.00', '4.00', '10.00', 219, 0, 219),
(5146, 1, 1047, 1, NULL, NULL, '1956.00', '4.00', '8.00', 489, 0, 489),
(5147, 1, 1048, 1, NULL, NULL, '250.00', '25.00', '50.00', 10, 0, 10),
(5148, 1, 1049, 1, NULL, NULL, '3216.00', '16.00', '32.00', 201, 0, 201),
(5149, 1, 1050, 1, NULL, NULL, '160.00', '16.00', '20.00', 10, 0, 10),
(5150, 1, 1051, 1, NULL, NULL, '32.00', '8.00', '20.00', 4, 0, 4),
(5151, 1, 1052, 1, NULL, NULL, '1112.00', '8.00', '20.00', 139, 0, 139),
(5152, 1, 1053, 1, NULL, NULL, '828.00', '18.00', '36.00', 46, 0, 46),
(5153, 1, 1054, 1, NULL, NULL, '915.90', '4.30', '10.75', 213, 0, 213),
(5154, 1, 1055, 1, NULL, NULL, '2394.00', '18.00', '20.70', 133, 0, 133),
(5155, 1, 1056, 1, NULL, NULL, '750.00', '25.00', '30.00', 30, 0, 30),
(5156, 1, 1057, 1, NULL, NULL, '160.00', '10.00', '15.00', 16, 0, 16),
(5157, 1, 1058, 1, NULL, NULL, '564.00', '4.00', '10.00', 141, 0, 141),
(5158, 1, 1059, 1, NULL, NULL, '100.00', '25.00', '30.00', 4, 0, 4),
(5159, 1, 1060, 1, NULL, NULL, '1309.00', '8.50', '17.00', 154, 0, 154),
(5160, 1, 1061, 1, NULL, NULL, '270.00', '5.00', '6.00', 54, 0, 54),
(5161, 1, 1062, 1, NULL, NULL, '1472.00', '4.00', '10.00', 368, 0, 368),
(5162, 1, 1063, 1, NULL, NULL, '792.00', '18.00', '20.70', 44, 0, 44),
(5163, 1, 1064, 1, NULL, NULL, '583.00', '11.00', '27.50', 53, 0, 53),
(5164, 1, 1065, 1, NULL, NULL, '1237.60', '2.80', '7.00', 442, 0, 442),
(5165, 1, 1066, 1, NULL, NULL, '2430.40', '2.80', '7.00', 868, 0, 868),
(5166, 1, 1067, 1, NULL, NULL, '2058.00', '3.00', '7.50', 686, 0, 686),
(5167, 1, 1068, 1, NULL, NULL, '210.00', '2.50', '6.25', 84, 0, 84),
(5168, 1, 1069, 1, NULL, NULL, '870.00', '30.00', '36.00', 29, 0, 29),
(5169, 1, 1070, 1, NULL, NULL, '476.00', '68.00', '170.00', 7, 0, 7),
(5170, 1, 1071, 1, NULL, NULL, '980.00', '70.00', '175.00', 14, 0, 14),
(5171, 1, 1072, 1, NULL, NULL, '2354.80', '5.80', '14.50', 406, 0, 406),
(5172, 1, 1073, 1, NULL, NULL, '7500.00', '250.00', '350.00', 30, 0, 30),
(5173, 1, 1074, 1, NULL, NULL, '2500.00', '250.00', '350.00', 10, 0, 10),
(5174, 1, 1075, 1, NULL, NULL, '4488.00', '132.00', '330.00', 34, 0, 34),
(5175, 1, 1076, 1, NULL, NULL, '645.00', '215.00', '537.50', 3, 0, 3),
(5176, 1, 1077, 1, NULL, NULL, '0.00', '0.00', '0.00', 174, 0, 174),
(5177, 1, 1078, 1, NULL, NULL, '693.75', '1.85', '4.63', 375, 0, 375),
(5178, 1, 1079, 1, NULL, NULL, '5136.00', '0.80', '2.00', 6420, 0, 6420),
(5179, 1, 1080, 1, NULL, NULL, '1000.00', '5.00', '5.50', 200, 0, 200),
(5180, 1, 1081, 1, NULL, NULL, '3061.50', '1.30', '3.25', 2355, 0, 2355),
(5181, 1, 1082, 1, NULL, NULL, '0.00', '1.60', '4.00', 0, 0, 0),
(5182, 1, 1083, 1, NULL, NULL, '240.00', '0.80', '2.00', 300, 0, 300),
(5183, 1, 1084, 1, NULL, NULL, '767.80', '1.10', '2.75', 698, 0, 698),
(5184, 1, 1085, 1, NULL, NULL, '250.00', '1.00', '2.50', 250, 0, 250),
(5185, 1, 1086, 1, NULL, NULL, '10472.00', '374.00', '935.00', 28, 0, 28),
(5186, 1, 1087, 1, NULL, NULL, '972.00', '108.00', '270.00', 9, 0, 9),
(5187, 1, 1088, 1, NULL, NULL, '693.00', '63.00', '157.50', 11, 0, 11),
(5188, 1, 1089, 1, NULL, NULL, '2160.00', '80.00', '160.00', 27, 0, 27),
(5189, 1, 1090, 1, NULL, NULL, '2600.00', '130.00', '260.00', 20, 0, 20),
(5190, 1, 1091, 1, NULL, NULL, '1050.00', '175.00', '437.50', 6, 0, 6),
(5191, 1, 1092, 1, NULL, NULL, '1950.00', '130.00', '325.00', 15, 0, 15),
(5192, 1, 1093, 1, NULL, NULL, '220.00', '4.00', '10.00', 55, 0, 55),
(5193, 1, 1094, 1, NULL, NULL, '1530.00', '15.00', '30.00', 102, 0, 102),
(5194, 1, 1095, 1, NULL, NULL, '1236.00', '2.00', '5.00', 618, 0, 618),
(5195, 1, 1096, 1, NULL, NULL, '429.00', '11.00', '22.00', 39, 0, 39),
(5196, 1, 1097, 1, NULL, NULL, '11760.00', '240.00', '648.00', 49, 0, 49),
(5197, 1, 1098, 1, NULL, NULL, '62.40', '5.20', '13.00', 12, 0, 12),
(5198, 1, 1099, 1, NULL, NULL, '1334.00', '2.30', '6.21', 580, 0, 580),
(5199, 1, 1100, 1, NULL, NULL, '1960.00', '2.80', '7.56', 700, 0, 700),
(5200, 1, 1101, 1, NULL, NULL, '1440.00', '3.00', '8.10', 480, 0, 480),
(5201, 1, 1102, 1, NULL, NULL, '250.00', '2.50', '6.25', 100, 0, 100),
(5202, 1, 1103, 1, NULL, NULL, '780.00', '6.00', '15.00', 130, 0, 130),
(5203, 1, 1104, 1, NULL, NULL, '3975.00', '2.50', '6.25', 1590, 0, 1590),
(5204, 1, 1105, 1, NULL, NULL, '870.00', '2.90', '7.25', 300, 0, 300),
(5205, 1, 1106, 1, NULL, NULL, '4060.00', '290.00', '580.00', 14, 0, 14),
(5206, 1, 1107, 1, NULL, NULL, '0.00', '185.00', '462.50', 0, 0, 0),
(5207, 1, 1108, 1, NULL, NULL, '0.00', '200.00', '500.00', 0, 0, 0),
(5208, 1, 1109, 1, NULL, NULL, '1395.00', '155.00', '310.00', 9, 0, 9),
(5209, 1, 1110, 1, NULL, NULL, '450.00', '90.00', '180.00', 5, 0, 5),
(5210, 1, 1111, 1, NULL, NULL, '700.00', '350.00', '700.00', 2, 0, 2),
(5211, 1, 1112, 1, NULL, NULL, '450.00', '90.00', '180.00', 5, 0, 5),
(5212, 1, 1113, 1, NULL, NULL, '410.00', '410.00', '820.00', 1, 0, 1),
(5213, 1, 1114, 1, NULL, NULL, '80.00', '10.00', '25.00', 8, 0, 8),
(5214, 1, 1115, 1, NULL, NULL, '704.00', '11.00', '22.00', 64, 0, 64),
(5215, 1, 1116, 1, NULL, NULL, '350.00', '10.00', '20.00', 35, 0, 35),
(5216, 1, 1117, 1, NULL, NULL, '5016.00', '88.00', '176.00', 57, 0, 57),
(5217, 1, 1118, 1, NULL, NULL, '267.00', '89.00', '178.00', 3, 0, 3),
(5218, 1, 1119, 1, NULL, NULL, '870.00', '290.00', '580.00', 3, 0, 3),
(5219, 1, 1120, 1, NULL, NULL, '480.00', '120.00', '240.00', 4, 0, 4),
(5220, 1, 1121, 1, NULL, NULL, '315.00', '105.00', '210.00', 3, 0, 3),
(5221, 1, 1122, 1, NULL, NULL, '225.00', '225.00', '562.50', 1, 0, 1),
(5222, 1, 1123, 1, NULL, NULL, '448.00', '56.00', '140.00', 8, 0, 8),
(5223, 1, 1124, 1, NULL, NULL, '748.00', '68.00', '170.00', 11, 0, 11),
(5224, 1, 1125, 1, NULL, NULL, '665.00', '95.00', '190.00', 7, 0, 7),
(5225, 1, 1126, 1, NULL, NULL, '363.00', '33.00', '66.00', 11, 0, 11),
(5226, 1, 1127, 1, NULL, NULL, '231.00', '33.00', '82.50', 7, 0, 7),
(5227, 1, 1128, 1, NULL, NULL, '100.00', '20.00', '25.00', 5, 0, 5),
(5228, 1, 1129, 1, NULL, NULL, '150.00', '25.00', '30.00', 6, 0, 6),
(5229, 1, 1130, 1, NULL, NULL, '936.00', '39.00', '39.78', 24, 0, 24),
(5230, 1, 1131, 1, NULL, NULL, '150.00', '30.00', '39.60', 5, 0, 5),
(5231, 1, 1132, 1, NULL, NULL, '529.00', '23.00', '57.50', 23, 0, 23),
(5232, 1, 1133, 1, NULL, NULL, '130.00', '10.00', '25.00', 13, 0, 13),
(5233, 1, 1134, 1, NULL, NULL, '2016.00', '28.00', '70.00', 72, 0, 72),
(5234, 1, 1135, 1, NULL, NULL, '814.00', '22.00', '55.00', 37, 0, 37),
(5235, 1, 1136, 1, NULL, NULL, '1122.00', '34.00', '85.00', 33, 0, 33),
(5236, 1, 1137, 1, NULL, NULL, '858.00', '33.00', '66.00', 26, 0, 26),
(5237, 1, 1138, 1, NULL, NULL, '0.00', '0.00', '0.00', 0, 0, 0),
(5238, 1, 1139, 1, NULL, NULL, '864.00', '24.00', '60.00', 36, 0, 36),
(5239, 1, 1140, 1, NULL, NULL, '150.00', '30.00', '39.60', 5, 0, 5),
(5240, 1, 1141, 1, NULL, NULL, '448.00', '28.00', '70.00', 16, 0, 16),
(5241, 1, 1142, 1, NULL, NULL, '432.00', '27.00', '67.50', 16, 0, 16),
(5242, 1, 1143, 1, NULL, NULL, '255.00', '85.00', '212.50', 3, 0, 3),
(5243, 1, 1144, 1, NULL, NULL, '1760.00', '16.00', '40.00', 110, 0, 110),
(5244, 1, 1145, 1, NULL, NULL, '588.00', '42.00', '105.00', 14, 0, 14),
(5245, 1, 1146, 1, NULL, NULL, '1500.00', '60.00', '72.00', 25, 0, 25),
(5246, 1, 1147, 1, NULL, NULL, '180.00', '60.00', '72.00', 3, 0, 3),
(5247, 1, 1148, 1, NULL, NULL, '1140.00', '60.00', '72.00', 19, 0, 19),
(5248, 1, 1149, 1, NULL, NULL, '672.00', '48.00', '120.00', 14, 0, 14),
(5249, 1, 1150, 1, NULL, NULL, '2550.00', '255.00', '510.00', 10, 0, 10),
(5250, 1, 1151, 1, NULL, NULL, '112.00', '16.00', '40.00', 7, 0, 7),
(5251, 1, 1152, 1, NULL, NULL, '520.00', '260.00', '520.00', 2, 0, 2),
(5252, 1, 1153, 1, NULL, NULL, '1500.00', '250.00', '500.00', 6, 0, 6),
(5253, 1, 1154, 1, NULL, NULL, '240.00', '240.00', '480.00', 1, 0, 1),
(5254, 1, 1155, 1, NULL, NULL, '6500.00', '260.00', '520.00', 25, 0, 25),
(5255, 1, 1156, 1, NULL, NULL, '1375.00', '275.00', '550.00', 5, 0, 5),
(5256, 1, 1157, 1, NULL, NULL, '12960.00', '240.00', '480.00', 54, 0, 54),
(5257, 1, 1158, 1, NULL, NULL, '0.00', '510.00', '510.00', 0, 0, 0),
(5258, 1, 1159, 1, NULL, NULL, '1140.00', '380.00', '760.00', 3, 0, 3),
(5259, 1, 1160, 1, NULL, NULL, '2340.00', '390.00', '780.00', 6, 0, 6),
(5260, 1, 1161, 1, NULL, NULL, '1530.00', '510.00', '1020.00', 3, 0, 3),
(5261, 1, 1162, 1, NULL, NULL, '9120.00', '240.00', '480.00', 38, 0, 38),
(5262, 1, 1163, 1, NULL, NULL, '520.00', '20.00', '25.00', 26, 0, 26),
(5263, 1, 1164, 1, NULL, NULL, '550.00', '55.00', '110.00', 10, 0, 10),
(5264, 1, 1165, 1, NULL, NULL, '220.00', '22.00', '44.00', 10, 0, 10),
(5265, 1, 1166, 1, NULL, NULL, '795.00', '15.00', '30.00', 53, 0, 53),
(5266, 1, 1167, 1, NULL, NULL, '735.00', '15.00', '30.00', 49, 0, 49),
(5267, 1, 1168, 1, NULL, NULL, '585.00', '15.00', '30.00', 39, 0, 39),
(5268, 1, 1169, 1, NULL, NULL, '280.00', '280.00', '287.00', 1, 0, 1),
(5269, 1, 1170, 1, NULL, NULL, '190.00', '95.00', '237.50', 2, 0, 2),
(5270, 1, 1171, 1, NULL, NULL, '1400.00', '350.00', '700.00', 4, 0, 4),
(5271, 1, 1172, 1, NULL, NULL, '1050.00', '210.00', '420.00', 5, 0, 5),
(5272, 1, 1173, 1, NULL, NULL, '1470.00', '70.00', '140.00', 21, 0, 21),
(5273, 1, 1174, 1, NULL, NULL, '912.00', '48.00', '120.00', 19, 0, 19),
(5274, 1, 1175, 1, NULL, NULL, '560.00', '70.00', '140.00', 8, 0, 8),
(5275, 1, 1176, 1, NULL, NULL, '686.00', '49.00', '122.50', 14, 0, 14),
(5276, 1, 1177, 1, NULL, NULL, '640.00', '160.00', '400.00', 4, 0, 4),
(5277, 1, 1178, 1, NULL, NULL, '2000.00', '100.00', '120.00', 20, 0, 20),
(5278, 1, 1179, 1, NULL, NULL, '1140.00', '95.00', '114.00', 12, 0, 12),
(5279, 1, 1180, 1, NULL, NULL, '416.00', '0.40', '1.00', 1040, 0, 1040),
(5280, 1, 1181, 1, NULL, NULL, '864.00', '0.80', '2.00', 1080, 0, 1080),
(5281, 1, 1182, 1, NULL, NULL, '0.00', '0.00', '0.00', 2, 0, 2),
(5282, 1, 1183, 1, NULL, NULL, '130.00', '65.00', '162.50', 2, 0, 2),
(5283, 1, 1184, 1, NULL, NULL, '0.00', '0.00', '0.00', 2, 0, 2),
(5284, 1, 1185, 1, NULL, NULL, '264.00', '88.00', '220.00', 3, 0, 3),
(5285, 1, 1186, 1, NULL, NULL, '790.50', '15.50', '38.75', 51, 0, 51),
(5286, 1, 1187, 1, NULL, NULL, '561.00', '8.50', '21.25', 66, 0, 66),
(5287, 1, 1188, 1, NULL, NULL, '365.50', '8.50', '21.25', 43, 0, 43),
(5288, 1, 1189, 1, NULL, NULL, '1961.00', '53.00', '106.00', 37, 0, 37),
(5289, 1, 1190, 1, NULL, NULL, '405.00', '135.00', '270.00', 3, 0, 3),
(5290, 1, 1191, 1, NULL, NULL, '41800.00', '3800.00', '4522.00', 11, 0, 11),
(5291, 1, 1192, 1, NULL, NULL, '440.00', '22.00', '44.00', 20, 0, 20),
(5292, 1, 1193, 1, NULL, NULL, '330.00', '22.00', '44.00', 15, 0, 15),
(5293, 1, 1194, 1, NULL, NULL, '1521.50', '8.50', '17.00', 179, 0, 179),
(5294, 1, 1195, 1, NULL, NULL, '2337.00', '9.50', '19.00', 246, 0, 246),
(5295, 1, 1196, 1, NULL, NULL, '2814.00', '21.00', '42.00', 134, 0, 134),
(5296, 1, 1197, 1, NULL, NULL, '824.00', '8.00', '20.00', 103, 0, 103),
(5297, 1, 1198, 1, NULL, NULL, '747.00', '4.50', '11.25', 166, 0, 166),
(5298, 1, 1199, 1, NULL, NULL, '160.00', '5.00', '12.50', 32, 0, 32),
(5299, 1, 1200, 1, NULL, NULL, '42.00', '6.00', '15.00', 7, 0, 7),
(5300, 1, 1201, 1, NULL, NULL, '0.00', '0.00', '0.00', 0, 0, 0),
(5301, 1, 1202, 1, NULL, NULL, '448.00', '8.00', '20.00', 56, 0, 56),
(5302, 1, 1203, 1, NULL, NULL, '96.00', '6.00', '15.00', 16, 0, 16),
(5303, 1, 1204, 1, NULL, NULL, '0.00', '0.00', '0.00', 0, 0, 0),
(5304, 1, 1205, 1, NULL, NULL, '0.00', '0.00', '0.00', 0, 0, 0),
(5305, 1, 1206, 1, NULL, NULL, '0.00', '0.00', '0.00', 0, 0, 0),
(5306, 1, 1207, 1, NULL, NULL, '2103.20', '8.80', '22.00', 239, 0, 239),
(5307, 1, 1208, 1, NULL, NULL, '1152.00', '18.00', '45.00', 64, 0, 64),
(5308, 1, 1209, 1, NULL, NULL, '364.00', '26.00', '65.00', 14, 0, 14),
(5309, 1, 1210, 1, NULL, NULL, '6500.00', '25.00', '30.00', 260, 0, 260),
(5310, 1, 1211, 1, NULL, NULL, '708.00', '4.00', '10.00', 177, 0, 177),
(5311, 1, 1212, 1, NULL, NULL, '152.00', '4.00', '10.00', 38, 0, 38),
(5312, 1, 1213, 1, NULL, NULL, '2835.00', '567.00', '1134.00', 5, 0, 5),
(5313, 1, 1214, 1, NULL, NULL, '1200.00', '80.00', '160.00', 15, 0, 15),
(5314, 1, 1215, 1, NULL, NULL, '300.00', '150.00', '375.00', 2, 0, 2),
(5315, 1, 1216, 1, NULL, NULL, '4650.00', '75.00', '150.00', 62, 0, 62),
(5316, 1, 1217, 1, NULL, NULL, '2750.00', '550.00', '1100.00', 5, 0, 5),
(5317, 1, 1218, 1, NULL, NULL, '5500.00', '550.00', '1100.00', 10, 0, 10),
(5318, 1, 1219, 1, NULL, NULL, '0.00', '0.00', '0.00', 1, 0, 1),
(5319, 1, 1220, 1, NULL, NULL, '5250.00', '750.00', '1500.00', 7, 0, 7),
(5320, 1, 1221, 1, NULL, NULL, '1100.00', '550.00', '1100.00', 2, 0, 2),
(5321, 1, 1222, 1, NULL, NULL, '2500.00', '2500.00', '3000.00', 1, 0, 1),
(5322, 1, 1223, 1, NULL, NULL, '133.00', '7.00', '17.50', 19, 0, 19),
(5323, 1, 1224, 1, NULL, NULL, '480.00', '40.00', '100.00', 12, 0, 12),
(5324, 1, 1225, 1, NULL, NULL, '268.00', '67.00', '167.50', 4, 0, 4),
(5325, 1, 1226, 1, NULL, NULL, '1320.00', '120.00', '240.00', 11, 0, 11),
(5326, 1, 1227, 1, NULL, NULL, '563.50', '3.50', '8.75', 161, 0, 161),
(5327, 1, 1228, 1, NULL, NULL, '1483.50', '11.50', '28.75', 129, 0, 129),
(5328, 1, 1229, 1, NULL, NULL, '2001.00', '29.00', '58.00', 69, 0, 69),
(5329, 1, 1230, 1, NULL, NULL, '730.00', '10.00', '20.00', 73, 0, 73),
(5330, 1, 1231, 1, NULL, NULL, '470.00', '10.00', '25.00', 47, 0, 47),
(5331, 1, 1232, 1, NULL, NULL, '1005.00', '15.00', '37.50', 67, 0, 67),
(5332, 1, 1233, 1, NULL, NULL, '690.00', '10.00', '20.00', 69, 0, 69),
(5333, 1, 1234, 1, NULL, NULL, '360.00', '10.00', '25.00', 36, 0, 36),
(5334, 1, 1235, 1, NULL, NULL, '110.00', '22.00', '55.00', 5, 0, 5),
(5335, 1, 1236, 1, NULL, NULL, '1558.00', '19.00', '38.00', 82, 0, 82),
(5336, 1, 1237, 1, NULL, NULL, '1460.00', '10.00', '25.00', 146, 0, 146),
(5337, 1, 1238, 1, NULL, NULL, '880.00', '10.00', '25.00', 88, 0, 88),
(5338, 1, 1239, 1, NULL, NULL, '1755.00', '15.00', '30.00', 117, 0, 117),
(5339, 1, 1240, 1, NULL, NULL, '1616.00', '16.00', '40.00', 101, 0, 101),
(5340, 1, 1241, 1, NULL, NULL, '800.00', '16.00', '40.00', 50, 0, 50),
(5341, 1, 1242, 1, NULL, NULL, '126.00', '18.00', '36.00', 7, 0, 7),
(5342, 1, 1243, 1, NULL, NULL, '1617.00', '21.00', '42.00', 77, 0, 77),
(5343, 1, 1244, 1, NULL, NULL, '1958.00', '22.00', '44.00', 89, 0, 89),
(5344, 1, 1245, 1, NULL, NULL, '2310.00', '22.00', '55.00', 105, 0, 105),
(5345, 1, 1246, 1, NULL, NULL, '3498.00', '22.00', '55.00', 159, 0, 159),
(5346, 1, 1247, 1, NULL, NULL, '2438.00', '23.00', '46.00', 106, 0, 106),
(5347, 1, 1248, 1, NULL, NULL, '288.00', '24.00', '60.00', 12, 0, 12),
(5348, 1, 1249, 1, NULL, NULL, '4144.00', '28.00', '70.00', 148, 0, 148),
(5349, 1, 1250, 1, NULL, NULL, '2040.00', '30.00', '75.00', 68, 0, 68),
(5350, 1, 1251, 1, NULL, NULL, '4890.00', '30.00', '75.00', 163, 0, 163),
(5351, 1, 1252, 1, NULL, NULL, '2666.00', '31.00', '62.00', 86, 0, 86),
(5352, 1, 1253, 1, NULL, NULL, '266.00', '38.00', '95.00', 7, 0, 7),
(5353, 1, 1254, 1, NULL, NULL, '136.00', '68.00', '170.00', 2, 0, 2),
(5354, 1, 1255, 1, NULL, NULL, '1568.00', '28.00', '70.00', 56, 0, 56),
(5355, 1, 1256, 1, NULL, NULL, '930.00', '62.00', '124.00', 15, 0, 15),
(5356, 1, 1257, 1, NULL, NULL, '62.00', '31.00', '77.50', 2, 0, 2),
(5357, 1, 1258, 1, NULL, NULL, '3565.00', '115.00', '230.00', 31, 0, 31),
(5358, 1, 1259, 1, NULL, NULL, '0.00', '0.00', '0.00', 0, 0, 0),
(5359, 1, 1260, 1, NULL, NULL, '180.00', '10.00', '25.00', 18, 0, 18),
(5360, 1, 1261, 1, NULL, NULL, '765.00', '85.00', '170.00', 9, 0, 9),
(5361, 1, 1262, 1, NULL, NULL, '1690.00', '65.00', '130.00', 26, 0, 26),
(5362, 1, 1263, 1, NULL, NULL, '600.00', '75.00', '150.00', 8, 0, 8),
(5363, 1, 1264, 1, NULL, NULL, '1050.00', '75.00', '187.50', 14, 0, 14),
(5364, 1, 1265, 1, NULL, NULL, '98.00', '49.00', '122.50', 2, 0, 2),
(5365, 1, 1266, 1, NULL, NULL, '244.00', '61.00', '152.50', 4, 0, 4),
(5366, 1, 1267, 1, NULL, NULL, '682.00', '62.00', '155.00', 11, 0, 11),
(5367, 1, 1268, 1, NULL, NULL, '372.00', '62.00', '155.00', 6, 0, 6),
(5368, 1, 1269, 1, NULL, NULL, '192.00', '48.00', '120.00', 4, 0, 4),
(5369, 1, 1270, 1, NULL, NULL, '720.00', '48.00', '120.00', 15, 0, 15),
(5370, 1, 1271, 1, NULL, NULL, '4740.00', '79.00', '158.00', 60, 0, 60),
(5371, 1, 1272, 1, NULL, NULL, '455.00', '65.00', '130.00', 7, 0, 7),
(5372, 1, 1273, 1, NULL, NULL, '600.00', '75.00', '187.50', 8, 0, 8),
(5373, 1, 1274, 1, NULL, NULL, '1974.00', '42.00', '105.00', 47, 0, 47),
(5374, 1, 1275, 1, NULL, NULL, '1360.00', '40.00', '100.00', 34, 0, 34),
(5375, 1, 1276, 1, NULL, NULL, '300.00', '300.00', '330.00', 1, 0, 1),
(5376, 1, 1277, 1, NULL, NULL, '918.00', '54.00', '135.00', 17, 0, 17),
(5377, 1, 1278, 1, NULL, NULL, '1484.00', '53.00', '132.50', 28, 0, 28),
(5378, 1, 1279, 1, NULL, NULL, '1760.00', '55.00', '110.00', 32, 0, 32),
(5379, 1, 1280, 1, NULL, NULL, '3630.00', '55.00', '110.00', 66, 0, 66),
(5380, 1, 1281, 1, NULL, NULL, '3264.00', '48.00', '120.00', 68, 0, 68),
(5381, 1, 1282, 1, NULL, NULL, '750.00', '75.00', '187.50', 10, 0, 10),
(5382, 1, 1283, 1, NULL, NULL, '195.00', '39.00', '97.50', 5, 0, 5),
(5383, 1, 1284, 1, NULL, NULL, '3445.00', '65.00', '130.00', 53, 0, 53),
(5384, 1, 1285, 1, NULL, NULL, '850.00', '50.00', '100.00', 17, 0, 17),
(5385, 1, 1286, 1, NULL, NULL, '660.00', '44.00', '110.00', 15, 0, 15),
(5386, 1, 1287, 1, NULL, NULL, '40.00', '40.00', '100.00', 1, 0, 1),
(5387, 1, 1288, 1, NULL, NULL, '150.00', '75.00', '187.50', 2, 0, 2),
(5388, 1, 1289, 1, NULL, NULL, '624.00', '48.00', '120.00', 13, 0, 13),
(5389, 1, 1290, 1, NULL, NULL, '986.00', '58.00', '145.00', 17, 0, 17),
(5390, 1, 1291, 1, NULL, NULL, '640.00', '10.00', '25.00', 64, 0, 64),
(5391, 1, 1292, 1, NULL, NULL, '1596.00', '16.80', '33.60', 95, 0, 95),
(5392, 1, 1293, 1, NULL, NULL, '180.00', '9.00', '22.50', 20, 0, 20),
(5393, 1, 1294, 1, NULL, NULL, '759.00', '13.80', '27.60', 55, 0, 55),
(5394, 1, 1295, 1, NULL, NULL, '0.00', '36.00', '90.00', 0, 0, 0),
(5395, 1, 1296, 1, NULL, NULL, '480.00', '240.00', '480.00', 2, 0, 2),
(5396, 1, 1297, 1, NULL, NULL, '480.00', '160.00', '320.00', 3, 0, 3),
(5397, 1, 1298, 1, NULL, NULL, '236.00', '118.00', '236.00', 2, 0, 2),
(5398, 1, 1299, 1, NULL, NULL, '160.00', '8.00', '20.00', 20, 0, 20),
(5399, 1, 1300, 1, NULL, NULL, '1914.00', '11.00', '22.00', 174, 0, 174),
(5400, 1, 1301, 1, NULL, NULL, '1872.00', '13.00', '26.00', 144, 0, 144),
(5401, 1, 1302, 1, NULL, NULL, '840.00', '40.00', '44.00', 21, 0, 21),
(5402, 1, 1303, 1, NULL, NULL, '938.00', '14.00', '28.00', 67, 0, 67),
(5403, 1, 1304, 1, NULL, NULL, '1000.00', '25.00', '50.00', 40, 0, 40),
(5404, 1, 1305, 1, NULL, NULL, '784.00', '7.00', '14.00', 112, 0, 112),
(5405, 1, 1306, 1, NULL, NULL, '8750.00', '10.00', '15.00', 875, 0, 875),
(5406, 1, 1307, 1, NULL, NULL, '660.00', '15.00', '19.50', 44, 0, 44),
(5407, 1, 1308, 1, NULL, NULL, '1793.00', '11.00', '22.00', 163, 0, 163),
(5408, 1, 1309, 1, NULL, NULL, '936.00', '13.00', '26.00', 72, 0, 72),
(5409, 1, 1310, 1, NULL, NULL, '200.00', '40.00', '44.00', 5, 0, 5),
(5410, 1, 1311, 1, NULL, NULL, '2660.00', '140.00', '350.00', 19, 0, 19),
(5411, 1, 1312, 1, NULL, NULL, '680.00', '40.00', '100.00', 17, 0, 17),
(5412, 1, 1313, 1, NULL, NULL, '38.00', '38.00', '95.00', 1, 0, 1),
(5413, 1, 1314, 1, NULL, NULL, '44.00', '22.00', '55.00', 2, 0, 2),
(5414, 1, 1315, 1, NULL, NULL, '60.00', '60.00', '150.00', 1, 0, 1),
(5415, 1, 1316, 1, NULL, NULL, '0.00', '0.00', '0.00', 61, 0, 61),
(5416, 1, 1317, 1, NULL, NULL, '766.50', '10.50', '21.00', 73, 0, 73),
(5417, 1, 1318, 1, NULL, NULL, '360.00', '40.00', '44.00', 9, 0, 9),
(5418, 1, 1319, 1, NULL, NULL, '1500.00', '100.00', '140.00', 15, 0, 15),
(5419, 1, 1320, 1, NULL, NULL, '390.00', '13.00', '32.50', 30, 0, 30),
(5420, 1, 1321, 1, NULL, NULL, '1755.00', '45.00', '54.00', 39, 0, 39),
(5421, 1, 1322, 1, NULL, NULL, '1546.16', '0.88', '2.20', 1757, 0, 1757),
(5422, 1, 1323, 1, NULL, NULL, '9955.00', '55.00', '60.50', 181, 0, 181),
(5423, 1, 1324, 1, NULL, NULL, '0.00', '0.00', '0.00', 0, 0, 0),
(5424, 1, 1325, 1, NULL, NULL, '1896.00', '12.00', '15.60', 158, 0, 158),
(5425, 1, 1326, 1, NULL, NULL, '52540.00', '710.00', '1775.00', 74, 0, 74),
(5426, 1, 1327, 1, NULL, NULL, '1530.00', '45.00', '54.00', 34, 0, 34),
(5427, 1, 1328, 1, NULL, NULL, '266.00', '7.60', '19.00', 35, 0, 35),
(5428, 1, 1329, 1, NULL, NULL, '2016.00', '24.00', '60.00', 84, 0, 84),
(5429, 1, 1330, 1, NULL, NULL, '1656.00', '12.00', '15.60', 138, 0, 138),
(5430, 1, 1331, 1, NULL, NULL, '0.00', '0.00', '0.00', 0, 0, 0),
(5431, 1, 1332, 1, NULL, NULL, '208.00', '8.00', '20.00', 26, 0, 26),
(5432, 1, 1333, 1, NULL, NULL, '843.90', '2.90', '5.80', 291, 0, 291),
(5433, 1, 1334, 1, NULL, NULL, '136.00', '4.00', '10.00', 34, 0, 34),
(5434, 1, 1335, 1, NULL, NULL, '378.00', '42.00', '105.00', 9, 0, 9),
(5435, 1, 1336, 1, NULL, NULL, '440.00', '55.00', '66.00', 8, 0, 8),
(5436, 1, 1337, 1, NULL, NULL, '935.00', '55.00', '60.50', 17, 0, 17),
(5437, 1, 1338, 1, NULL, NULL, '110.00', '55.00', '66.00', 2, 0, 2),
(5438, 1, 1339, 1, NULL, NULL, '80.00', '80.00', '100.00', 1, 0, 1),
(5439, 1, 1340, 1, NULL, NULL, '4068.00', '36.00', '90.00', 113, 0, 113),
(5440, 1, 1341, 1, NULL, NULL, '216.00', '72.00', '180.00', 3, 0, 3),
(5441, 1, 1342, 1, NULL, NULL, '54.00', '9.00', '18.00', 6, 0, 6),
(5442, 1, 1343, 1, NULL, NULL, '276.00', '4.00', '10.00', 69, 0, 69),
(5443, 1, 1344, 1, NULL, NULL, '215.00', '5.00', '10.00', 43, 0, 43),
(5444, 1, 1345, 1, NULL, NULL, '243.20', '3.80', '9.50', 64, 0, 64),
(5445, 1, 1346, 1, NULL, NULL, '300.00', '50.00', '100.00', 6, 0, 6),
(5446, 1, 1347, 1, NULL, NULL, '528.00', '48.00', '120.00', 11, 0, 11),
(5447, 1, 1348, 1, NULL, NULL, '810.00', '135.00', '270.00', 6, 0, 6),
(5448, 1, 1349, 1, NULL, NULL, '4950.00', '330.00', '660.00', 15, 0, 15),
(5449, 1, 1350, 1, NULL, NULL, '8613.00', '14.50', '39.15', 594, 0, 594),
(5450, 1, 1351, 1, NULL, NULL, '2736.00', '24.00', '64.80', 114, 0, 114),
(5451, 1, 1352, 1, NULL, NULL, '4900.00', '35.00', '94.50', 140, 0, 140),
(5452, 1, 1353, 1, NULL, NULL, '1496.00', '68.00', '183.60', 22, 0, 22),
(5453, 1, 1354, 1, NULL, NULL, '4961.00', '41.00', '110.70', 121, 0, 121),
(5454, 1, 1355, 1, NULL, NULL, '4420.00', '85.00', '229.50', 52, 0, 52),
(5455, 1, 1356, 1, NULL, NULL, '3480.00', '120.00', '324.00', 29, 0, 29),
(5456, 1, 1357, 1, NULL, NULL, '5400.00', '100.00', '270.00', 54, 0, 54),
(5457, 1, 1358, 1, NULL, NULL, '2210.00', '170.00', '459.00', 13, 0, 13),
(5458, 1, 1359, 1, NULL, NULL, '4800.00', '200.00', '540.00', 24, 0, 24),
(5459, 1, 1360, 1, NULL, NULL, '220.00', '55.00', '137.50', 4, 0, 4),
(5460, 1, 1361, 1, NULL, NULL, '832.00', '4.00', '10.00', 208, 0, 208),
(5461, 1, 1362, 1, NULL, NULL, '1116.00', '12.00', '30.00', 93, 0, 93),
(5462, 1, 1363, 1, NULL, NULL, '739.80', '1.80', '4.50', 411, 0, 411),
(5463, 1, 1364, 1, NULL, NULL, '1452.00', '44.00', '88.00', 33, 0, 33),
(5464, 1, 1365, 1, NULL, NULL, '880.00', '80.00', '200.00', 11, 0, 11),
(5465, 1, 1366, 1, NULL, NULL, '370.00', '185.00', '462.50', 2, 0, 2),
(5466, 1, 1367, 1, NULL, NULL, '117.00', '0.07', '0.16', 1800, 0, 1800),
(5467, 1, 1368, 1, NULL, NULL, '240.00', '0.10', '0.25', 2400, 0, 2400),
(5468, 1, 1369, 1, NULL, NULL, '589.50', '0.15', '0.38', 3930, 0, 3930),
(5469, 1, 1370, 1, NULL, NULL, '1125.00', '0.15', '0.38', 7500, 0, 7500),
(5470, 1, 1371, 1, NULL, NULL, '518.00', '0.35', '0.88', 1480, 0, 1480),
(5471, 1, 1372, 1, NULL, NULL, '663.00', '0.07', '0.16', 10200, 0, 10200),
(5472, 1, 1373, 1, NULL, NULL, '65.00', '0.07', '0.16', 1000, 0, 1000),
(5473, 1, 1374, 1, NULL, NULL, '495.00', '0.15', '0.38', 3300, 0, 3300),
(5474, 1, 1375, 1, NULL, NULL, '750.00', '0.15', '0.38', 5000, 0, 5000),
(5475, 1, 1376, 1, NULL, NULL, '648.00', '0.36', '0.90', 1800, 0, 1800),
(5476, 1, 1377, 1, NULL, NULL, '462.00', '0.07', '0.18', 6600, 0, 6600),
(5477, 1, 1378, 1, NULL, NULL, '360.00', '0.40', '1.00', 900, 0, 900),
(5478, 1, 1379, 1, NULL, NULL, '297.60', '3.20', '8.00', 93, 0, 93),
(5479, 1, 1380, 1, NULL, NULL, '4350.00', '1.00', '2.00', 4350, 0, 4350),
(5480, 1, 1381, 1, NULL, NULL, '720.00', '1.20', '3.00', 600, 0, 600),
(5481, 1, 1382, 1, NULL, NULL, '295.90', '1.10', '2.75', 269, 0, 269),
(5482, 1, 1383, 1, NULL, NULL, '877.80', '3.30', '8.25', 266, 0, 266),
(5483, 1, 1384, 1, NULL, NULL, '207.00', '9.00', '22.50', 23, 0, 23),
(5484, 1, 1385, 1, NULL, NULL, '260.00', '0.20', '0.50', 1300, 0, 1300),
(5485, 1, 1386, 1, NULL, NULL, '72.00', '2.00', '5.00', 36, 0, 36),
(5486, 1, 1387, 1, NULL, NULL, '3255.50', '8.50', '21.25', 383, 0, 383),
(5487, 1, 1388, 1, NULL, NULL, '832.00', '52.00', '130.00', 16, 0, 16),
(5488, 1, 1389, 1, NULL, NULL, '1320.00', '110.00', '220.00', 12, 0, 12),
(5489, 1, 1390, 1, NULL, NULL, '1740.00', '145.00', '290.00', 12, 0, 12),
(5490, 1, 1391, 1, NULL, NULL, '320.00', '80.00', '100.00', 4, 0, 4),
(5491, 1, 1392, 1, NULL, NULL, '0.00', '0.00', '0.00', 4, 0, 4),
(5492, 1, 1393, 1, NULL, NULL, '0.00', '0.00', '0.00', 2, 0, 2),
(5493, 1, 1394, 1, NULL, NULL, '0.00', '0.00', '0.00', 1, 0, 1),
(5494, 1, 1395, 1, NULL, NULL, '1836.00', '102.00', '255.00', 18, 0, 18),
(5495, 1, 1396, 1, NULL, NULL, '375.00', '125.00', '312.50', 3, 0, 3),
(5496, 1, 1397, 1, NULL, NULL, '1358.00', '97.00', '242.50', 14, 0, 14),
(5497, 1, 1398, 1, NULL, NULL, '375.00', '125.00', '312.50', 3, 0, 3),
(5498, 1, 1399, 1, NULL, NULL, '1625.00', '125.00', '250.00', 13, 0, 13),
(5499, 1, 1400, 1, NULL, NULL, '1560.00', '120.00', '240.00', 13, 0, 13),
(5500, 1, 1401, 1, NULL, NULL, '324.00', '18.00', '45.00', 18, 0, 18),
(5501, 1, 1402, 1, NULL, NULL, '209.00', '19.00', '38.00', 11, 0, 11),
(5502, 1, 1403, 1, NULL, NULL, '1560.00', '195.00', '390.00', 8, 0, 8),
(5503, 1, 1404, 1, NULL, NULL, '2604.00', '62.00', '124.00', 42, 0, 42),
(5504, 1, 1405, 1, NULL, NULL, '950.00', '190.00', '380.00', 5, 0, 5),
(5505, 1, 1406, 1, NULL, NULL, '1260.00', '28.00', '70.00', 45, 0, 45),
(5506, 1, 1407, 1, NULL, NULL, '4488.00', '66.00', '132.00', 68, 0, 68),
(5507, 1, 1408, 1, NULL, NULL, '600.00', '300.00', '360.00', 2, 0, 2),
(5508, 1, 1409, 1, NULL, NULL, '2112.00', '44.00', '110.00', 48, 0, 48),
(5509, 1, 1410, 1, NULL, NULL, '2700.00', '45.00', '90.00', 60, 0, 60),
(5510, 1, 1411, 1, NULL, NULL, '5600.00', '40.00', '100.00', 140, 0, 140),
(5511, 1, 1412, 1, NULL, NULL, '4880.00', '61.00', '152.50', 80, 0, 80),
(5512, 1, 1413, 1, NULL, NULL, '0.00', '0.00', '0.00', 5, 0, 5),
(5513, 1, 1414, 1, NULL, NULL, '0.00', '0.00', '0.00', 3, 0, 3),
(5514, 1, 1415, 1, NULL, NULL, '1150.00', '46.00', '92.00', 25, 0, 25),
(5515, 1, 1416, 1, NULL, NULL, '1000.00', '125.00', '250.00', 8, 0, 8),
(5516, 1, 1417, 1, NULL, NULL, '1560.00', '40.00', '80.00', 39, 0, 39),
(5517, 1, 1418, 1, NULL, NULL, '2419.00', '59.00', '118.00', 41, 0, 41),
(5518, 1, 1419, 1, NULL, NULL, '4814.00', '58.00', '116.00', 83, 0, 83),
(5519, 1, 1420, 1, NULL, NULL, '5925.00', '75.00', '150.00', 79, 0, 79),
(5520, 1, 1421, 1, NULL, NULL, '480.00', '80.00', '160.00', 6, 0, 6),
(5521, 1, 1422, 1, NULL, NULL, '3330.00', '185.00', '370.00', 18, 0, 18),
(5522, 1, 1423, 1, NULL, NULL, '2380.00', '170.00', '425.00', 14, 0, 14),
(5523, 1, 1424, 1, NULL, NULL, '0.00', '0.00', '0.00', 1, 0, 1),
(5524, 1, 1425, 1, NULL, NULL, '94.00', '94.00', '188.00', 1, 0, 1),
(5525, 1, 1426, 1, NULL, NULL, '640.00', '80.00', '200.00', 8, 0, 8),
(5526, 1, 1427, 1, NULL, NULL, '780.00', '65.00', '162.50', 12, 0, 12),
(5527, 1, 1428, 1, NULL, NULL, '945.00', '135.00', '270.00', 7, 0, 7),
(5528, 1, 1429, 1, NULL, NULL, '1369.00', '18.50', '46.25', 74, 0, 74),
(5529, 1, 1430, 1, NULL, NULL, '260.00', '65.00', '162.50', 4, 0, 4),
(5530, 1, 1431, 1, NULL, NULL, '420.00', '60.00', '150.00', 7, 0, 7),
(5531, 1, 1432, 1, NULL, NULL, '720.00', '45.00', '112.50', 16, 0, 16),
(5532, 1, 1433, 1, NULL, NULL, '455.00', '65.00', '162.50', 7, 0, 7),
(5533, 1, 1434, 1, NULL, NULL, '260.00', '65.00', '162.50', 4, 0, 4),
(5534, 1, 1435, 1, NULL, NULL, '2886.00', '37.00', '74.00', 78, 0, 78),
(5535, 1, 1436, 1, NULL, NULL, '2250.00', '375.00', '750.00', 6, 0, 6),
(5536, 1, 1437, 1, NULL, NULL, '2940.00', '12.00', '30.00', 245, 0, 245),
(5537, 1, 1438, 1, NULL, NULL, '3104.00', '388.00', '776.00', 8, 0, 8),
(5538, 1, 1439, 1, NULL, NULL, '1258.00', '37.00', '74.00', 34, 0, 34),
(5539, 1, 1440, 1, NULL, NULL, '1332.00', '37.00', '74.00', 36, 0, 36),
(5540, 1, 1441, 1, NULL, NULL, '1617.00', '33.00', '66.00', 49, 0, 49),
(5541, 1, 1442, 1, NULL, NULL, '1536.00', '48.00', '120.00', 32, 0, 32),
(5542, 1, 1443, 1, NULL, NULL, '1003.00', '17.00', '34.00', 59, 0, 59),
(5543, 1, 1444, 1, NULL, NULL, '1258.00', '17.00', '34.00', 74, 0, 74),
(5544, 1, 1445, 1, NULL, NULL, '0.00', '0.00', '0.00', 0, 0, 0),
(5545, 1, 1446, 1, NULL, NULL, '510.00', '85.00', '212.50', 6, 0, 6),
(5546, 1, 1447, 1, NULL, NULL, '200.00', '100.00', '140.00', 2, 0, 2),
(5547, 1, 1448, 1, NULL, NULL, '0.00', '0.00', '0.00', 3, 0, 3),
(5548, 1, 1449, 1, NULL, NULL, '0.00', '0.00', '0.00', 8, 0, 8),
(5549, 1, 1450, 1, NULL, NULL, '0.00', '0.00', '0.00', 7, 0, 7),
(5550, 1, 1451, 1, NULL, NULL, '666.00', '37.00', '92.50', 18, 0, 18),
(5551, 1, 1452, 1, NULL, NULL, '880.00', '220.00', '550.00', 4, 0, 4),
(5552, 1, 1453, 1, NULL, NULL, '935.00', '17.00', '34.00', 55, 0, 55),
(5553, 1, 1454, 1, NULL, NULL, '2581.00', '29.00', '58.00', 89, 0, 89),
(5554, 1, 1455, 1, NULL, NULL, '3021.00', '53.00', '132.50', 57, 0, 57);
INSERT INTO `stock_receipt_items` (`id`, `receipt_id`, `product_id`, `boxes_qty`, `weight_kg`, `volume_cbm`, `amount`, `purchase_cost`, `selling_price`, `pieces_per_box`, `loose_pieces`, `total_pieces`) VALUES
(5555, 1, 1456, 1, NULL, NULL, '2624.00', '32.00', '64.00', 82, 0, 82),
(5556, 1, 1457, 1, NULL, NULL, '2016.00', '28.00', '56.00', 72, 0, 72),
(5557, 1, 1458, 1, NULL, NULL, '2542.00', '62.00', '155.00', 41, 0, 41),
(5558, 1, 1459, 1, NULL, NULL, '720.00', '40.00', '100.00', 18, 0, 18),
(5559, 1, 1460, 1, NULL, NULL, '1080.00', '54.00', '108.00', 20, 0, 20),
(5560, 1, 1461, 1, NULL, NULL, '3549.00', '39.00', '78.00', 91, 0, 91),
(5561, 1, 1462, 1, NULL, NULL, '141.00', '47.00', '117.50', 3, 0, 3),
(5562, 1, 1463, 1, NULL, NULL, '1974.00', '47.00', '117.50', 42, 0, 42),
(5563, 1, 1464, 1, NULL, NULL, '0.00', '0.00', '0.00', 1, 0, 1),
(5564, 1, 1465, 1, NULL, NULL, '290.00', '29.00', '72.50', 10, 0, 10),
(5565, 1, 1466, 1, NULL, NULL, '0.00', '0.00', '0.00', 3, 0, 3),
(5566, 1, 1467, 1, NULL, NULL, '195.00', '195.00', '487.50', 1, 0, 1),
(5567, 1, 1468, 1, NULL, NULL, '0.00', '0.00', '0.00', 2, 0, 2),
(5568, 1, 1469, 1, NULL, NULL, '1024.00', '64.00', '160.00', 16, 0, 16),
(5569, 1, 1470, 1, NULL, NULL, '650.00', '65.00', '162.50', 10, 0, 10),
(5570, 1, 1471, 1, NULL, NULL, '0.00', '0.00', '0.00', 7, 0, 7),
(5571, 1, 1472, 1, NULL, NULL, '583.00', '53.00', '132.50', 11, 0, 11),
(5572, 1, 1473, 1, NULL, NULL, '0.00', '0.00', '0.00', 9, 0, 9),
(5573, 1, 1474, 1, NULL, NULL, '476.00', '68.00', '170.00', 7, 0, 7),
(5574, 1, 1475, 1, NULL, NULL, '325.00', '65.00', '162.50', 5, 0, 5),
(5575, 1, 1476, 1, NULL, NULL, '540.00', '135.00', '337.50', 4, 0, 4),
(5576, 1, 1477, 1, NULL, NULL, '510.00', '8.50', '21.25', 60, 0, 60),
(5577, 1, 1478, 1, NULL, NULL, '6160.00', '55.00', '137.50', 112, 0, 112),
(5578, 1, 1479, 1, NULL, NULL, '140.00', '7.00', '17.50', 20, 0, 20),
(5579, 1, 1480, 1, NULL, NULL, '175.00', '17.50', '43.75', 10, 0, 10),
(5580, 1, 1481, 1, NULL, NULL, '180.00', '12.00', '30.00', 15, 0, 15),
(5581, 1, 1482, 1, NULL, NULL, '658.00', '23.50', '58.75', 28, 0, 28),
(5582, 1, 1483, 1, NULL, NULL, '525.00', '7.50', '18.75', 70, 0, 70),
(5583, 1, 1484, 1, NULL, NULL, '1460.50', '11.50', '23.00', 127, 0, 127),
(5584, 1, 1485, 1, NULL, NULL, '104.00', '8.00', '20.00', 13, 0, 13),
(5585, 1, 1486, 1, NULL, NULL, '1485.00', '15.00', '30.00', 99, 0, 99),
(5586, 1, 1487, 1, NULL, NULL, '774.00', '18.00', '45.00', 43, 0, 43),
(5587, 1, 1488, 1, NULL, NULL, '1617.00', '21.00', '42.00', 77, 0, 77),
(5588, 1, 1489, 1, NULL, NULL, '337.50', '12.50', '31.25', 27, 0, 27),
(5589, 1, 1490, 1, NULL, NULL, '1462.00', '17.00', '34.00', 86, 0, 86),
(5590, 1, 1491, 1, NULL, NULL, '984.00', '24.00', '60.00', 41, 0, 41),
(5591, 1, 1492, 1, NULL, NULL, '988.00', '38.00', '95.00', 26, 0, 26),
(5592, 1, 1493, 1, NULL, NULL, '1860.00', '12.00', '30.00', 155, 0, 155),
(5593, 1, 1494, 1, NULL, NULL, '584.00', '8.00', '20.00', 73, 0, 73),
(5594, 1, 1495, 1, NULL, NULL, '75.00', '12.50', '31.25', 6, 0, 6),
(5595, 1, 1496, 1, NULL, NULL, '450.00', '9.00', '22.50', 50, 0, 50),
(5596, 1, 1497, 1, NULL, NULL, '1421.00', '24.50', '61.25', 58, 0, 58),
(5597, 1, 1498, 1, NULL, NULL, '725.00', '14.50', '36.25', 50, 0, 50),
(5598, 1, 1499, 1, NULL, NULL, '2322.00', '18.00', '45.00', 129, 0, 129),
(5599, 1, 1500, 1, NULL, NULL, '700.00', '10.00', '25.00', 70, 0, 70),
(5600, 1, 1501, 1, NULL, NULL, '570.00', '28.50', '71.25', 20, 0, 20),
(5601, 1, 1502, 1, NULL, NULL, '2478.00', '21.00', '52.50', 118, 0, 118),
(5602, 1, 1503, 1, NULL, NULL, '368.00', '8.00', '20.00', 46, 0, 46),
(5603, 1, 1504, 1, NULL, NULL, '114.00', '9.50', '23.75', 12, 0, 12),
(5604, 1, 1505, 1, NULL, NULL, '2304.00', '16.00', '32.00', 144, 0, 144),
(5605, 1, 1506, 1, NULL, NULL, '1554.00', '14.00', '28.00', 111, 0, 111),
(5606, 1, 1507, 1, NULL, NULL, '40.00', '8.00', '20.00', 5, 0, 5),
(5607, 1, 1508, 1, NULL, NULL, '2097.00', '9.00', '22.50', 233, 0, 233),
(5608, 1, 1509, 1, NULL, NULL, '3026.00', '17.00', '34.00', 178, 0, 178),
(5609, 1, 1510, 1, NULL, NULL, '200.00', '10.00', '25.00', 20, 0, 20),
(5610, 1, 1511, 1, NULL, NULL, '5223.50', '15.50', '31.00', 337, 0, 337),
(5611, 1, 1512, 1, NULL, NULL, '2486.00', '22.00', '55.00', 113, 0, 113),
(5612, 1, 1513, 1, NULL, NULL, '721.50', '18.50', '46.25', 39, 0, 39),
(5613, 1, 1514, 1, NULL, NULL, '195.00', '19.50', '48.75', 10, 0, 10),
(5614, 1, 1515, 1, NULL, NULL, '139.50', '15.50', '38.75', 9, 0, 9),
(5615, 1, 1516, 1, NULL, NULL, '2968.00', '28.00', '56.00', 106, 0, 106),
(5616, 1, 1517, 1, NULL, NULL, '315.00', '21.00', '52.50', 15, 0, 15),
(5617, 1, 1518, 1, NULL, NULL, '345.60', '12.80', '32.00', 27, 0, 27),
(5618, 1, 1519, 1, NULL, NULL, '308.00', '14.00', '35.00', 22, 0, 22),
(5619, 1, 1520, 1, NULL, NULL, '300.00', '50.00', '60.00', 6, 0, 6),
(5620, 1, 1521, 1, NULL, NULL, '3995.10', '20.70', '41.40', 193, 0, 193),
(5621, 1, 1522, 1, NULL, NULL, '490.00', '35.00', '87.50', 14, 0, 14),
(5622, 1, 1523, 1, NULL, NULL, '588.00', '24.50', '61.25', 24, 0, 24),
(5623, 1, 1524, 1, NULL, NULL, '2116.50', '25.50', '63.75', 83, 0, 83),
(5624, 1, 1525, 1, NULL, NULL, '1254.00', '22.00', '55.00', 57, 0, 57),
(5625, 1, 1526, 1, NULL, NULL, '3325.00', '35.00', '70.00', 95, 0, 95),
(5626, 1, 1527, 1, NULL, NULL, '210.00', '21.00', '52.50', 10, 0, 10),
(5627, 1, 1528, 1, NULL, NULL, '712.50', '12.50', '31.25', 57, 0, 57),
(5628, 1, 1529, 1, NULL, NULL, '1072.50', '19.50', '48.75', 55, 0, 55),
(5629, 1, 1530, 1, NULL, NULL, '850.50', '13.50', '33.75', 63, 0, 63),
(5630, 1, 1531, 1, NULL, NULL, '1646.50', '18.50', '37.00', 89, 0, 89),
(5631, 1, 1532, 1, NULL, NULL, '756.00', '21.00', '52.50', 36, 0, 36),
(5632, 1, 1533, 1, NULL, NULL, '3625.00', '29.00', '58.00', 125, 0, 125),
(5633, 1, 1534, 1, NULL, NULL, '136.00', '17.00', '42.50', 8, 0, 8),
(5634, 1, 1535, 1, NULL, NULL, '1738.00', '22.00', '44.00', 79, 0, 79),
(5635, 1, 1536, 1, NULL, NULL, '1665.00', '37.00', '74.00', 45, 0, 45),
(5636, 1, 1537, 1, NULL, NULL, '195.00', '13.00', '32.50', 15, 0, 15),
(5637, 1, 1538, 1, NULL, NULL, '520.00', '13.00', '32.50', 40, 0, 40),
(5638, 1, 1539, 1, NULL, NULL, '238.50', '26.50', '66.25', 9, 0, 9),
(5639, 1, 1540, 1, NULL, NULL, '228.00', '19.00', '47.50', 12, 0, 12),
(5640, 1, 1541, 1, NULL, NULL, '39.00', '13.00', '32.50', 3, 0, 3),
(5641, 1, 1542, 1, NULL, NULL, '624.00', '13.00', '32.50', 48, 0, 48),
(5642, 1, 1543, 1, NULL, NULL, '1260.00', '18.00', '36.00', 70, 0, 70),
(5643, 1, 1544, 1, NULL, NULL, '528.00', '16.00', '40.00', 33, 0, 33),
(5644, 1, 1545, 1, NULL, NULL, '2788.00', '20.50', '41.00', 136, 0, 136),
(5645, 1, 1546, 1, NULL, NULL, '155.00', '31.00', '77.50', 5, 0, 5),
(5646, 1, 1547, 1, NULL, NULL, '2007.50', '27.50', '68.75', 73, 0, 73),
(5647, 1, 1548, 1, NULL, NULL, '769.50', '28.50', '71.25', 27, 0, 27),
(5648, 1, 1549, 1, NULL, NULL, '10754.00', '38.00', '76.00', 283, 0, 283),
(5649, 1, 1550, 1, NULL, NULL, '230.00', '23.00', '57.50', 10, 0, 10),
(5650, 1, 1551, 1, NULL, NULL, '60.00', '20.00', '50.00', 3, 0, 3),
(5651, 1, 1552, 1, NULL, NULL, '80.00', '20.00', '50.00', 4, 0, 4),
(5652, 1, 1553, 1, NULL, NULL, '420.00', '21.00', '52.50', 20, 0, 20),
(5653, 1, 1554, 1, NULL, NULL, '7011.00', '28.50', '57.00', 246, 0, 246),
(5654, 1, 1555, 1, NULL, NULL, '1505.00', '35.00', '87.50', 43, 0, 43),
(5655, 1, 1556, 1, NULL, NULL, '864.00', '36.00', '90.00', 24, 0, 24),
(5656, 1, 1557, 1, NULL, NULL, '1204.00', '43.00', '107.50', 28, 0, 28),
(5657, 1, 1558, 1, NULL, NULL, '1806.00', '43.00', '86.00', 42, 0, 42),
(5658, 1, 1559, 1, NULL, NULL, '2401.00', '49.00', '98.00', 49, 0, 49),
(5659, 1, 1560, 1, NULL, NULL, '3154.00', '38.00', '76.00', 83, 0, 83),
(5660, 1, 1561, 1, NULL, NULL, '1100.00', '10.00', '25.00', 110, 0, 110),
(5661, 1, 1562, 1, NULL, NULL, '524.00', '4.00', '10.00', 131, 0, 131),
(5662, 1, 1563, 1, NULL, NULL, '1276.80', '4.80', '9.60', 266, 0, 266),
(5663, 1, 1564, 1, NULL, NULL, '1128.00', '4.00', '10.00', 282, 0, 282),
(5664, 1, 1565, 1, NULL, NULL, '531.20', '6.40', '16.00', 83, 0, 83),
(5665, 1, 1566, 1, NULL, NULL, '532.40', '2.20', '5.50', 242, 0, 242),
(5666, 1, 1567, 1, NULL, NULL, '129.60', '2.40', '6.00', 54, 0, 54),
(5667, 1, 1568, 1, NULL, NULL, '465.40', '2.60', '6.50', 179, 0, 179),
(5668, 1, 1569, 1, NULL, NULL, '196.00', '2.80', '7.00', 70, 0, 70),
(5669, 1, 1570, 1, NULL, NULL, '576.70', '7.30', '18.25', 79, 0, 79),
(5670, 1, 1571, 1, NULL, NULL, '240.00', '6.00', '15.00', 40, 0, 40),
(5671, 1, 1572, 1, NULL, NULL, '224.00', '14.00', '28.00', 16, 0, 16),
(5672, 1, 1573, 1, NULL, NULL, '75.00', '7.50', '15.00', 10, 0, 10),
(5673, 1, 1574, 1, NULL, NULL, '140.00', '10.00', '20.00', 14, 0, 14),
(5674, 1, 1575, 1, NULL, NULL, '448.00', '14.00', '28.00', 32, 0, 32),
(5675, 1, 1576, 1, NULL, NULL, '30.00', '10.00', '20.00', 3, 0, 3),
(5676, 1, 1577, 1, NULL, NULL, '300.00', '20.00', '40.00', 15, 0, 15),
(5677, 1, 1578, 1, NULL, NULL, '140.00', '20.00', '40.00', 7, 0, 7),
(5678, 1, 1579, 1, NULL, NULL, '60.00', '15.00', '30.00', 4, 0, 4),
(5679, 1, 1580, 1, NULL, NULL, '125.00', '12.50', '25.00', 10, 0, 10),
(5680, 1, 1581, 1, NULL, NULL, '105.00', '15.00', '30.00', 7, 0, 7),
(5681, 1, 1582, 1, NULL, NULL, '382.50', '22.50', '45.00', 17, 0, 17),
(5682, 1, 1583, 1, NULL, NULL, '70.00', '17.50', '35.00', 4, 0, 4),
(5683, 1, 1584, 1, NULL, NULL, '150.00', '25.00', '50.00', 6, 0, 6),
(5684, 1, 1585, 1, NULL, NULL, '105.00', '15.00', '30.00', 7, 0, 7),
(5685, 1, 1586, 1, NULL, NULL, '100.00', '20.00', '40.00', 5, 0, 5),
(5686, 1, 1587, 1, NULL, NULL, '100.00', '25.00', '50.00', 4, 0, 4),
(5687, 1, 1588, 1, NULL, NULL, '2000.00', '250.00', '300.00', 8, 0, 8),
(5688, 1, 1589, 1, NULL, NULL, '1800.00', '150.00', '210.00', 12, 0, 12),
(5689, 1, 1590, 1, NULL, NULL, '1925.00', '175.00', '437.50', 11, 0, 11),
(5690, 1, 1591, 1, NULL, NULL, '1400.00', '175.00', '437.50', 8, 0, 8),
(5691, 1, 1592, 1, NULL, NULL, '2444.00', '52.00', '130.00', 47, 0, 47),
(5692, 1, 1593, 1, NULL, NULL, '300.00', '20.00', '50.00', 15, 0, 15),
(5693, 1, 1594, 1, NULL, NULL, '420.00', '105.00', '210.00', 4, 0, 4),
(5694, 1, 1595, 1, NULL, NULL, '2580.00', '645.00', '1290.00', 4, 0, 4),
(5695, 1, 1596, 1, NULL, NULL, '114.00', '57.00', '114.00', 2, 0, 2),
(5696, 1, 1597, 1, NULL, NULL, '1150.00', '230.00', '575.00', 5, 0, 5),
(5697, 1, 1598, 1, NULL, NULL, '0.00', '0.00', '0.00', 1, 0, 1),
(5698, 1, 1599, 1, NULL, NULL, '210.00', '35.00', '87.50', 6, 0, 6),
(5699, 1, 1600, 1, NULL, NULL, '225.00', '45.00', '90.00', 5, 0, 5),
(5700, 1, 1601, 1, NULL, NULL, '456.00', '38.00', '95.00', 12, 0, 12),
(5701, 1, 1602, 1, NULL, NULL, '396.00', '22.00', '55.00', 18, 0, 18),
(5702, 1, 1603, 1, NULL, NULL, '720.00', '18.00', '36.00', 40, 0, 40),
(5703, 1, 1604, 1, NULL, NULL, '136.00', '68.00', '170.00', 2, 0, 2),
(5704, 1, 1605, 1, NULL, NULL, '560.00', '40.00', '80.00', 14, 0, 14),
(5705, 1, 1606, 1, NULL, NULL, '300.00', '75.00', '187.50', 4, 0, 4),
(5706, 1, 1607, 1, NULL, NULL, '2409.00', '33.00', '82.50', 73, 0, 73),
(5707, 1, 1608, 1, NULL, NULL, '1750.00', '10.00', '25.00', 175, 0, 175),
(5708, 1, 1609, 1, NULL, NULL, '336.00', '48.00', '96.00', 7, 0, 7),
(5709, 1, 1610, 1, NULL, NULL, '1944.00', '18.00', '36.00', 108, 0, 108),
(5710, 1, 1611, 1, NULL, NULL, '1040.00', '13.00', '32.50', 80, 0, 80),
(5711, 1, 1612, 1, NULL, NULL, '1668.00', '6.00', '15.00', 278, 0, 278),
(5712, 1, 1613, 1, NULL, NULL, '294.00', '49.00', '122.50', 6, 0, 6),
(5713, 1, 1614, 1, NULL, NULL, '174.00', '58.00', '145.00', 3, 0, 3),
(5714, 1, 1615, 1, NULL, NULL, '270.60', '0.30', '0.75', 902, 0, 902),
(5715, 1, 1616, 1, NULL, NULL, '262.40', '1.60', '4.00', 164, 0, 164),
(5716, 1, 1617, 1, NULL, NULL, '383.00', '1.00', '2.50', 383, 0, 383),
(5717, 1, 1618, 1, NULL, NULL, '427.00', '1.00', '2.50', 427, 0, 427),
(5718, 1, 1619, 1, NULL, NULL, '333.00', '0.30', '0.75', 1110, 0, 1110),
(5719, 1, 1620, 1, NULL, NULL, '345.00', '0.30', '0.75', 1150, 0, 1150),
(5720, 1, 1621, 1, NULL, NULL, '98.40', '2.40', '6.00', 41, 0, 41),
(5721, 1, 1622, 1, NULL, NULL, '1440.00', '48.00', '120.00', 30, 0, 30),
(5722, 1, 1623, 1, NULL, NULL, '374.00', '1.10', '2.75', 340, 0, 340),
(5723, 1, 1624, 1, NULL, NULL, '2210.00', '65.00', '162.50', 34, 0, 34),
(5724, 1, 1625, 1, NULL, NULL, '1045.00', '55.00', '110.00', 19, 0, 19),
(5725, 1, 1626, 1, NULL, NULL, '584.00', '4.00', '10.00', 146, 0, 146),
(5726, 1, 1627, 1, NULL, NULL, '177.00', '3.00', '7.50', 59, 0, 59),
(5727, 1, 1628, 1, NULL, NULL, '1012.50', '0.25', '0.50', 4050, 0, 4050),
(5728, 1, 1629, 1, NULL, NULL, '1919.80', '0.29', '0.58', 6620, 0, 6620),
(5729, 1, 1630, 1, NULL, NULL, '336.00', '0.80', '2.00', 420, 0, 420),
(5730, 1, 1631, 1, NULL, NULL, '1428.00', '2.00', '5.00', 714, 0, 714),
(5731, 1, 1632, 1, NULL, NULL, '721.60', '1.60', '4.00', 451, 0, 451),
(5732, 1, 1633, 1, NULL, NULL, '196.80', '0.60', '0.60', 328, 0, 328),
(5733, 1, 1634, 1, NULL, NULL, '423.00', '1.00', '2.50', 423, 0, 423),
(5734, 1, 1635, 1, NULL, NULL, '606.00', '1.20', '3.00', 505, 0, 505),
(5735, 1, 1636, 1, NULL, NULL, '249.00', '3.00', '7.50', 83, 0, 83),
(5736, 1, 1637, 1, NULL, NULL, '259.00', '1.00', '2.50', 259, 0, 259),
(5737, 1, 1638, 1, NULL, NULL, '0.00', '0.00', '0.00', 0, 0, 0),
(5738, 1, 1639, 1, NULL, NULL, '99.20', '3.20', '8.00', 31, 0, 31),
(5739, 1, 1640, 1, NULL, NULL, '58.00', '2.00', '3.00', 29, 0, 29),
(5740, 1, 1641, 1, NULL, NULL, '8.00', '1.00', '2.50', 8, 0, 8),
(5741, 1, 1642, 1, NULL, NULL, '770.00', '3.50', '7.00', 220, 0, 220),
(5742, 1, 1643, 1, NULL, NULL, '126.40', '1.60', '4.00', 79, 0, 79),
(5743, 1, 1644, 1, NULL, NULL, '358.00', '2.00', '5.00', 179, 0, 179),
(5744, 1, 1645, 1, NULL, NULL, '229.10', '2.90', '5.80', 79, 0, 79),
(5745, 1, 1646, 1, NULL, NULL, '1011.50', '3.50', '7.00', 289, 0, 289),
(5746, 1, 1647, 1, NULL, NULL, '571.20', '1.60', '4.00', 357, 0, 357),
(5747, 1, 1648, 1, NULL, NULL, '19.50', '3.90', '9.75', 5, 0, 5),
(5748, 1, 1649, 1, NULL, NULL, '0.00', '0.00', '0.00', 0, 0, 0),
(5749, 1, 1650, 1, NULL, NULL, '41.60', '5.20', '13.00', 8, 0, 8),
(5750, 1, 1651, 1, NULL, NULL, '1018.00', '2.00', '5.00', 509, 0, 509),
(5751, 1, 1652, 1, NULL, NULL, '1417.50', '7.50', '15.00', 189, 0, 189),
(5752, 1, 1653, 1, NULL, NULL, '48.00', '6.00', '15.00', 8, 0, 8),
(5753, 1, 1654, 1, NULL, NULL, '159.00', '3.00', '7.50', 53, 0, 53),
(5754, 1, 1655, 1, NULL, NULL, '2592.00', '72.00', '180.00', 36, 0, 36),
(5755, 1, 1656, 1, NULL, NULL, '3375.00', '75.00', '187.50', 45, 0, 45),
(5757, 3, 1657, 1, NULL, NULL, '17.00', '17.00', '20.40', 1, 0, 1),
(5758, 4, 1658, 1, NULL, NULL, '20.00', '1.00', '1.00', 20, 0, 20),
(5759, 5, 1659, 1, NULL, NULL, '300.00', '100.00', '120.00', 3, 0, 3),
(5760, 6, 1660, 1, NULL, NULL, '600.00', '120.00', '120.00', 5, 0, 5),
(5761, 6, 1661, 1, NULL, NULL, '120.00', '40.00', '40.00', 3, 0, 3),
(5762, 6, 1662, 1, NULL, NULL, '40.00', '20.00', '20.00', 2, 0, 2),
(5763, 6, 1663, 1, NULL, NULL, '300.00', '300.00', '300.00', 1, 0, 1),
(5764, 7, 567, 1, NULL, NULL, '450.00', '450.00', '450.00', 1, 0, 1),
(5765, 8, 1664, 1, NULL, NULL, '320.00', '40.00', '40.00', 8, 0, 8),
(5766, 9, 1665, 1, NULL, NULL, '500.00', '500.00', '500.00', 1, 0, 1),
(5767, 10, 1666, 1, NULL, NULL, '50.00', '25.00', '25.00', 2, 0, 2),
(5768, 10, 1667, 1, NULL, NULL, '75.00', '15.00', '15.00', 5, 0, 5),
(5769, 10, 1668, 1, NULL, NULL, '40.00', '4.00', '5.00', 10, 0, 10),
(5770, 11, 1669, 2, NULL, NULL, '550.00', '55.00', '55.00', 5, 0, 10),
(5771, 12, 865, 1, NULL, NULL, '200.00', '20.00', '20.00', 10, 0, 10),
(5772, 12, 1670, 1, NULL, NULL, '30.00', '3.00', '3.00', 10, 0, 10),
(5773, 13, 1671, 1, NULL, NULL, '400.00', '20.00', '20.00', 20, 0, 20),
(5774, 14, 1669, 2, NULL, NULL, '550.00', '55.00', '55.00', 5, 0, 10),
(5775, 14, 1672, 1, NULL, NULL, '240.00', '120.00', '120.00', 2, 0, 2),
(5776, 14, 1673, 5, NULL, NULL, '1200.00', '80.00', '80.00', 3, 0, 15),
(5777, 14, 1674, 1, NULL, NULL, '30.00', '15.00', '15.00', 2, 0, 2),
(5778, 14, 1675, 1, NULL, NULL, '40.00', '10.00', '10.00', 4, 0, 4),
(5779, 15, 1676, 1, NULL, NULL, '112.00', '28.00', '28.00', 4, 0, 4),
(5780, 16, 1677, 1, NULL, NULL, '20.00', '2.00', '3.00', 10, 0, 10),
(5781, 17, 561, 1, NULL, NULL, '250.00', '250.00', '250.00', 1, 0, 1),
(5782, 18, 829, 1, NULL, NULL, '260.00', '260.00', '600.60', 1, 0, 1),
(5783, 19, 428, 1, NULL, NULL, '90.00', '45.00', '45.00', 2, 0, 2),
(5784, 19, 1678, 1, NULL, NULL, '550.00', '55.00', '55.00', 10, 0, 10),
(5785, 19, 1679, 1, NULL, NULL, '120.00', '10.00', '12.00', 12, 0, 12),
(5786, 19, 1641, 1, NULL, NULL, '150.00', '3.00', '3.00', 50, 0, 50),
(5787, 19, 1680, 1, NULL, NULL, '140.00', '7.00', '7.00', 20, 0, 20),
(5788, 19, 1681, 1, NULL, NULL, '960.00', '320.00', '320.00', 3, 0, 3),
(5789, 20, 1682, 1, NULL, NULL, '80.00', '20.00', '20.00', 4, 0, 4),
(5790, 21, 1683, 1, NULL, NULL, '160.00', '160.00', '200.00', 1, 0, 1),
(5791, 21, 630, 1, NULL, NULL, '700.00', '140.00', '159.60', 5, 0, 5),
(5792, 21, 1684, 1, NULL, NULL, '570.00', '95.00', '109.25', 6, 0, 6),
(5793, 22, 551, 1, NULL, NULL, '14.00', '14.00', '35.00', 1, 0, 1),
(5794, 23, 1658, 1, NULL, NULL, '100.00', '1.00', '1.00', 100, 0, 100),
(5795, 23, 1641, 1, NULL, NULL, '150.00', '2.50', '2.50', 60, 0, 60),
(5796, 23, 1685, 1, NULL, NULL, '90.00', '3.00', '3.00', 30, 0, 30),
(5797, 23, 1680, 1, NULL, NULL, '210.00', '7.00', '7.00', 30, 0, 30),
(5798, 23, 1686, 1, NULL, NULL, '325.00', '65.00', '65.00', 5, 0, 5),
(5799, 24, 1687, 1, NULL, NULL, '100.00', '1.00', '1.00', 100, 0, 100),
(5800, 25, 1688, 1, NULL, NULL, '600.00', '300.00', '300.00', 2, 0, 2),
(5801, 26, 1689, 1, NULL, NULL, '220.00', '110.00', '110.00', 2, 0, 2),
(5802, 27, 1690, 1, NULL, NULL, '50.00', '10.00', '10.00', 5, 0, 5),
(5803, 27, 1691, 1, NULL, NULL, '50.00', '10.00', '10.00', 5, 0, 5),
(5804, 28, 1692, 1, NULL, NULL, '150.00', '50.00', '50.00', 3, 0, 3),
(5805, 28, 1693, 1, NULL, NULL, '60.00', '20.00', '25.00', 3, 0, 3),
(5806, 29, 1694, 1, NULL, NULL, '80.00', '20.00', '20.00', 4, 0, 4),
(5807, 30, 1695, 1, NULL, NULL, '100.00', '50.00', '50.00', 2, 0, 2),
(5808, 31, 561, 2, NULL, NULL, '511.44', '21.31', '250.01', 12, 0, 24),
(5809, 31, 1696, 1, NULL, NULL, '255.72', '21.31', '250.01', 12, 0, 12),
(5810, 31, 560, 1, NULL, NULL, '295.20', '24.60', '300.37', 12, 0, 12),
(5811, 31, 567, 3, NULL, NULL, '648.00', '36.00', '450.00', 6, 0, 18),
(5812, 31, 568, 3, NULL, NULL, '648.00', '36.00', '450.00', 6, 0, 18),
(5813, 31, 1665, 3, NULL, NULL, '687.60', '38.20', '495.07', 6, 0, 18),
(5814, 31, 808, 2, NULL, NULL, '148.00', '1.48', '20.01', 50, 0, 100),
(5815, 31, 1671, 2, NULL, NULL, '148.00', '1.48', '20.01', 50, 0, 100),
(5816, 31, 865, 4, NULL, NULL, '296.00', '1.48', '20.01', 50, 0, 200),
(5817, 31, 1697, 2, NULL, NULL, '246.00', '24.60', '310.21', 5, 0, 10),
(5818, 31, 1698, 1, NULL, NULL, '65.60', '32.80', '420.17', 2, 0, 2),
(5819, 31, 1699, 1, NULL, NULL, '59.00', '29.50', '380.25', 2, 0, 2),
(5820, 31, 1700, 1, NULL, NULL, '262.00', '1.31', '17.02', 200, 0, 200),
(5821, 31, 1077, 4, NULL, NULL, '160.00', '0.80', '10.00', 50, 0, 200),
(5822, 31, 1059, 1, NULL, NULL, '107.00', '2.14', '30.00', 50, 0, 50),
(5823, 31, 1069, 1, NULL, NULL, '107.00', '2.14', '30.00', 50, 0, 50),
(5824, 31, 1701, 1, NULL, NULL, '102.50', '10.25', '150.16', 10, 0, 10),
(5825, 32, 1702, 5, NULL, NULL, '66.00', '1.32', '20.00', 10, 0, 50),
(5826, 32, 1662, 3, NULL, NULL, '79.20', '1.32', '20.00', 20, 0, 60),
(5827, 32, 1703, 1, NULL, NULL, '15.50', '3.10', '50.00', 5, 0, 5),
(5828, 32, 425, 2, NULL, NULL, '26.40', '1.32', '20.00', 10, 0, 20),
(5829, 32, 424, 1, NULL, NULL, '13.20', '1.32', '20.00', 10, 0, 10),
(5830, 32, 810, 10, NULL, NULL, '60.00', '0.60', '7.00', 10, 0, 100),
(5831, 32, 1704, 1, NULL, NULL, '91.20', '91.20', '1150.03', 1, 0, 1),
(5832, 32, 1705, 1, NULL, NULL, '30.00', '15.00', '200.10', 2, 0, 2),
(5833, 33, 1706, 1, NULL, NULL, '40.00', '0.40', '0.40', 100, 0, 100),
(5834, 34, 1707, 1, NULL, NULL, '49.80', '8.30', '100.02', 6, 0, 6),
(5835, 34, 1708, 1, NULL, NULL, '16.60', '8.30', '100.02', 2, 0, 2),
(5836, 34, 1709, 1, NULL, NULL, '16.60', '8.30', '100.02', 2, 0, 2),
(5837, 34, 809, 1, NULL, NULL, '75.00', '1.50', '20.00', 50, 0, 50),
(5838, 34, 128, 1, NULL, NULL, '30.00', '5.00', '65.00', 6, 0, 6),
(5839, 34, 58, 1, NULL, NULL, '20.00', '2.00', '25.00', 10, 0, 10),
(5840, 34, 1704, 1, NULL, NULL, '91.20', '91.20', '1150.03', 1, 0, 1),
(5841, 34, 113, 1, NULL, NULL, '29.00', '5.80', '70.01', 5, 0, 5),
(5842, 34, 112, 1, NULL, NULL, '41.50', '8.30', '100.02', 5, 0, 5),
(5843, 34, 1710, 1, NULL, NULL, '50.00', '10.00', '125.00', 5, 0, 5),
(5844, 35, 861, 1, NULL, NULL, '742.50', '5.50', '5.50', 135, 0, 135),
(5845, 35, 1711, 1, NULL, NULL, '150.00', '3.00', '3.00', 50, 0, 50),
(5846, 35, 1712, 1, NULL, NULL, '150.00', '3.00', '3.00', 50, 0, 50),
(5847, 36, 1713, 1, NULL, NULL, '104.00', '13.00', '13.00', 8, 0, 8),
(5848, 36, 1714, 1, NULL, NULL, '440.00', '220.00', '220.00', 2, 0, 2),
(5849, 36, 1715, 1, NULL, NULL, '20.00', '10.00', '10.00', 2, 0, 2),
(5850, 36, 1641, 1, NULL, NULL, '30.00', '3.00', '3.00', 10, 0, 10),
(5851, 36, 1716, 1, NULL, NULL, '80.00', '20.00', '20.00', 4, 0, 4),
(5852, 37, 1717, 1, NULL, NULL, '60.00', '3.00', '3.00', 20, 0, 20),
(5853, 38, 1718, 1, NULL, NULL, '450.00', '3.00', '3.00', 150, 0, 150),
(5854, 38, 42, 1, NULL, NULL, '360.00', '20.00', '20.00', 18, 0, 18),
(5855, 39, 1719, 1, NULL, NULL, '300.00', '3.00', '3.00', 100, 0, 100),
(5856, 39, 1720, 1, NULL, NULL, '400.00', '2.00', '2.00', 200, 0, 200),
(5857, 40, 1721, 1, NULL, NULL, '100.00', '10.00', '10.00', 10, 0, 10),
(5858, 40, 1722, 1, NULL, NULL, '50.00', '10.00', '10.00', 5, 0, 5),
(5859, 40, 1723, 1, NULL, NULL, '110.00', '55.00', '55.00', 2, 0, 2),
(5860, 41, 1724, 1, NULL, NULL, '70.00', '35.00', '35.00', 2, 0, 2),
(5861, 41, 1725, 1, NULL, NULL, '60.00', '30.00', '30.00', 2, 0, 2),
(5862, 42, 1726, 1, NULL, NULL, '45.00', '0.45', '0.45', 100, 0, 100),
(5863, 43, 1683, 1, NULL, NULL, '46.00', '11.50', '160.08', 4, 0, 4),
(5864, 43, 1727, 1, NULL, NULL, '86.40', '10.80', '150.34', 8, 0, 8),
(5865, 43, 1728, 1, NULL, NULL, '41.50', '8.30', '115.04', 5, 0, 5),
(5866, 43, 1729, 1, NULL, NULL, '199.80', '33.30', '460.21', 6, 0, 6),
(5867, 43, 630, 1, NULL, NULL, '50.00', '12.50', '150.00', 4, 0, 4),
(5868, 44, 1696, 2, NULL, NULL, '518.40', '21.60', '250.13', 12, 0, 24),
(5869, 44, 1730, 1, NULL, NULL, '160.00', '80.00', '1000.00', 2, 0, 2),
(5870, 45, 1731, 1, NULL, NULL, '1300.00', '130.00', '1700.40', 10, 0, 10),
(5871, 45, 1732, 1, NULL, NULL, '450.00', '150.00', '2001.00', 3, 0, 3),
(5872, 45, 1733, 1, NULL, NULL, '549.00', '183.00', '2501.61', 3, 0, 3),
(5873, 45, 361, 1, NULL, NULL, '580.00', '29.00', '350.03', 20, 0, 20),
(5874, 45, 1734, 1, NULL, NULL, '460.00', '23.00', '300.15', 20, 0, 20),
(5875, 45, 1735, 1, NULL, NULL, '460.00', '23.00', '300.15', 20, 0, 20),
(5876, 45, 1660, 10, NULL, NULL, '500.00', '10.00', '125.00', 5, 0, 50),
(5877, 45, 1736, 1, NULL, NULL, '150.00', '75.00', '1000.50', 2, 0, 2),
(5878, 46, 1737, 1, NULL, NULL, '42.00', '7.00', '7.00', 6, 0, 6),
(5879, 47, 1738, 4, NULL, NULL, '680.00', '17.00', '17.00', 10, 0, 40),
(5880, 48, 1739, 1, NULL, NULL, '120.00', '8.00', '8.00', 15, 0, 15),
(5881, 49, 1740, 1, NULL, NULL, '400.00', '0.80', '0.80', 500, 0, 500),
(5882, 50, 1657, 1, NULL, NULL, '1.00', '1.00', '1.00', 1, 0, 1),
(5883, 51, 1657, 1, NULL, NULL, '5.00', '1.00', '1.00', 5, 0, 5),
(5884, 52, 1657, 1, NULL, NULL, '1.00', '1.00', '1.00', 1, 0, 1),
(5885, 53, 1657, 5, NULL, NULL, '5.00', '1.00', '1.00', 1, 0, 5),
(5886, 54, 1657, 1, NULL, NULL, '6.00', '1.00', '1.00', 6, 0, 6),
(5887, 55, 1742, 1, NULL, NULL, '1.00', '1.00', '1.00', 1, 0, 1);

-- --------------------------------------------------------

--
-- Структура таблицы `stores`
--
-- Создание: Фев 05 2026 г., 10:43
--

DROP TABLE IF EXISTS `stores`;
CREATE TABLE `stores` (
  `id` int NOT NULL,
  `name` varchar(100) NOT NULL,
  `city` varchar(100) DEFAULT NULL,
  `warehouse_id` int NOT NULL,
  `is_active` tinyint(1) DEFAULT '1',
  `created_at` timestamp NULL DEFAULT CURRENT_TIMESTAMP
) ENGINE=InnoDB DEFAULT CHARSET=utf8mb3;

--
-- Дамп данных таблицы `stores`
--

INSERT INTO `stores` (`id`, `name`, `city`, `warehouse_id`, `is_active`, `created_at`) VALUES
(1, 'Магазин 1', 'Истаравшан', 11, 1, '2026-01-21 20:05:36'),
(5, 'Магазин 2', 'Истаравшан', 11, 1, '2026-01-22 10:31:04'),
(6, 'Магазин 3', 'Душанбе', 13, 1, '2026-01-22 11:31:55');

-- --------------------------------------------------------

--
-- Структура таблицы `suppliers`
--
-- Создание: Мар 18 2026 г., 15:46
-- Последнее обновление: Мар 18 2026 г., 15:47
--

DROP TABLE IF EXISTS `suppliers`;
CREATE TABLE `suppliers` (
  `id` int NOT NULL,
  `name` varchar(255) NOT NULL,
  `phone` varchar(50) DEFAULT NULL,
  `balance` decimal(10,2) DEFAULT '0.00',
  `status` tinyint(1) DEFAULT '1',
  `currency` enum('yuan','dollar','somoni') DEFAULT 'somoni',
  `created_at` timestamp NULL DEFAULT CURRENT_TIMESTAMP,
  `updated_at` timestamp NULL DEFAULT CURRENT_TIMESTAMP ON UPDATE CURRENT_TIMESTAMP,
  `warehouse_id` int DEFAULT NULL
) ENGINE=InnoDB DEFAULT CHARSET=utf8mb3;

--
-- Дамп данных таблицы `suppliers`
--

INSERT INTO `suppliers` (`id`, `name`, `phone`, `balance`, `status`, `currency`, `created_at`, `warehouse_id`) VALUES
(1, 'ТестовыйПоставщик', '+992987654321', '19.00', 1, 'somoni', '2026-02-02 04:44:42', 11),
(2, 'лилия подшипник', NULL, '0.00', 1, 'yuan', '2026-02-02 17:50:18', 11),
(3, 'Рустам УЗБ', NULL, '2778.06', 1, 'dollar', '2026-02-25 07:38:57', 11),
(4, 'Искандар УЗБ', NULL, '0.00', 1, 'dollar', '2026-02-25 07:39:25', 11),
(5, 'УЗБ', NULL, '0.00', 1, 'dollar', '2026-02-25 07:39:43', 11),
(6, 'тест', NULL, '0.00', 1, 'somoni', '2026-02-26 06:44:30', 13),
(7, 'Илхом ', NULL, '10000.00', 1, 'somoni', '2026-03-07 09:30:37', 11),
(8, 'Фирма УЗб', NULL, '0.00', 1, 'dollar', '2026-03-08 17:18:25', 11),
(9, 'Дехен', NULL, '168635.00', 1, 'yuan', '2026-03-14 08:45:48', 11);

-- --------------------------------------------------------

--
-- Структура таблицы `supplier_operations`
--
-- Создание: Фев 05 2026 г., 10:43
-- Последнее обновление: Мар 18 2026 г., 09:06
--

DROP TABLE IF EXISTS `supplier_operations`;
CREATE TABLE `supplier_operations` (
  `id` int NOT NULL,
  `supplier_id` int NOT NULL,
  `warehouse_id` int DEFAULT NULL,
  `receipt_id` int DEFAULT NULL,
  `sum` decimal(10,2) NOT NULL,
  `type` enum('RECEIPT','PAYMENT') NOT NULL,
  `date` timestamp NULL DEFAULT CURRENT_TIMESTAMP
) ENGINE=InnoDB DEFAULT CHARSET=utf8mb3;

--
-- Дамп данных таблицы `supplier_operations`
--

INSERT INTO `supplier_operations` (`id`, `supplier_id`, `warehouse_id`, `receipt_id`, `sum`, `type`, `date`) VALUES
(2, 1, 11, 3, '17.00', 'RECEIPT', '2026-02-02 17:04:57'),
(3, 1, 11, 4, '20.00', 'RECEIPT', '2026-02-04 05:48:30'),
(4, 1, 11, 5, '300.00', 'RECEIPT', '2026-02-04 10:37:01'),
(5, 1, 11, 6, '1060.00', 'RECEIPT', '2026-02-05 13:43:10'),
(6, 1, 11, 7, '450.00', 'RECEIPT', '2026-02-05 14:10:54'),
(7, 1, 11, 8, '320.00', 'RECEIPT', '2026-02-05 14:30:41'),
(8, 1, 11, 9, '500.00', 'RECEIPT', '2026-02-05 14:44:02'),
(9, 1, 11, 10, '165.00', 'RECEIPT', '2026-02-05 15:18:56'),
(10, 1, 11, 11, '550.00', 'RECEIPT', '2026-02-05 16:23:51'),
(11, 1, 11, 12, '230.00', 'RECEIPT', '2026-02-07 08:54:01'),
(12, 1, 11, 13, '400.00', 'RECEIPT', '2026-02-07 10:33:04'),
(13, 1, 11, 14, '2060.00', 'RECEIPT', '2026-02-07 10:43:44'),
(14, 1, 11, 15, '112.00', 'RECEIPT', '2026-02-08 04:56:09'),
(15, 1, 11, 16, '20.00', 'RECEIPT', '2026-02-08 06:30:52'),
(16, 1, 11, 17, '250.00', 'RECEIPT', '2026-02-08 09:35:29'),
(17, 1, 11, 18, '260.00', 'RECEIPT', '2026-02-09 05:32:19'),
(18, 1, 11, 19, '2010.00', 'RECEIPT', '2026-02-09 05:41:53'),
(19, 1, 11, 20, '80.00', 'RECEIPT', '2026-02-10 08:48:36'),
(20, 1, 11, 21, '1430.00', 'RECEIPT', '2026-02-10 09:19:00'),
(21, 1, 11, 22, '14.00', 'RECEIPT', '2026-02-10 15:51:30'),
(22, 1, 11, 23, '875.00', 'RECEIPT', '2026-02-14 05:29:59'),
(23, 1, 11, 24, '100.00', 'RECEIPT', '2026-02-14 14:20:23'),
(24, 1, 11, 25, '600.00', 'RECEIPT', '2026-02-15 06:16:58'),
(25, 1, 11, 26, '220.00', 'RECEIPT', '2026-02-15 06:31:32'),
(26, 1, 11, 27, '100.00', 'RECEIPT', '2026-02-15 15:25:13'),
(27, 1, 11, 28, '210.00', 'RECEIPT', '2026-02-17 06:05:15'),
(28, 1, 11, 29, '80.00', 'RECEIPT', '2026-02-18 05:16:22'),
(29, 1, 11, 30, '100.00', 'RECEIPT', '2026-02-24 12:56:35'),
(30, 3, 11, 31, '4747.06', 'RECEIPT', '2026-02-26 04:56:49'),
(31, 3, 11, NULL, '3000.00', 'PAYMENT', '2026-02-26 04:57:37'),
(32, 4, 11, 32, '381.50', 'RECEIPT', '2026-02-26 05:10:57'),
(33, 4, 11, NULL, '381.50', 'PAYMENT', '2026-02-26 05:11:38'),
(34, 1, 11, 33, '40.00', 'RECEIPT', '2026-02-26 05:15:16'),
(35, 5, 11, 34, '419.70', 'RECEIPT', '2026-02-26 06:24:39'),
(36, 5, 11, NULL, '419.70', 'PAYMENT', '2026-02-26 06:25:19'),
(37, 1, 13, 35, '1042.50', 'RECEIPT', '2026-02-26 06:47:13'),
(38, 1, 11, 36, '674.00', 'RECEIPT', '2026-03-01 11:58:25'),
(39, 1, 11, 37, '60.00', 'RECEIPT', '2026-03-01 12:28:07'),
(40, 1, 11, 38, '810.00', 'RECEIPT', '2026-03-05 05:41:59'),
(41, 1, 11, 39, '700.00', 'RECEIPT', '2026-03-05 05:48:25'),
(42, 2, 11, NULL, '48002.00', 'PAYMENT', '2026-03-07 09:28:41'),
(43, 7, 11, NULL, '3000.00', 'PAYMENT', '2026-03-07 09:30:50'),
(44, 7, 11, NULL, '3240.00', 'PAYMENT', '2026-03-07 09:30:58'),
(45, 1, 11, 40, '260.00', 'RECEIPT', '2026-03-08 17:31:17'),
(46, 1, 11, 41, '130.00', 'RECEIPT', '2026-03-09 10:08:10'),
(47, 1, 11, 42, '45.00', 'RECEIPT', '2026-03-09 10:48:21'),
(48, 5, 11, 43, '423.70', 'RECEIPT', '2026-03-09 11:23:03'),
(49, 3, 11, 44, '678.40', 'RECEIPT', '2026-03-09 11:26:44'),
(50, 5, 11, NULL, '423.70', 'PAYMENT', '2026-03-09 11:27:42'),
(51, 3, 11, NULL, '678.40', 'PAYMENT', '2026-03-09 11:28:11'),
(52, 8, 11, 45, '4449.00', 'RECEIPT', '2026-03-09 11:43:16'),
(53, 8, 11, NULL, '4449.00', 'PAYMENT', '2026-03-09 11:43:40'),
(54, 1, 11, 46, '42.00', 'RECEIPT', '2026-03-11 05:24:16'),
(55, 1, 11, 47, '680.00', 'RECEIPT', '2026-03-11 12:42:33'),
(56, 1, 11, 48, '120.00', 'RECEIPT', '2026-03-12 17:14:29'),
(57, 1, 11, 49, '400.00', 'RECEIPT', '2026-03-14 08:44:42'),
(58, 1, 11, 50, '1.00', 'RECEIPT', '2026-03-17 16:45:58'),
(59, 1, 11, 51, '5.00', 'RECEIPT', '2026-03-17 16:49:04'),
(60, 1, 11, 52, '1.00', 'RECEIPT', '2026-03-17 16:52:19'),
(61, 1, 11, 53, '5.00', 'RECEIPT', '2026-03-17 17:00:08'),
(62, 1, 11, 54, '6.00', 'RECEIPT', '2026-03-17 17:12:27'),
(63, 1, 11, 55, '1.00', 'RECEIPT', '2026-03-18 09:06:22');

-- --------------------------------------------------------

--
-- Структура таблицы `tokens`
--
-- Создание: Фев 05 2026 г., 10:43
-- Последнее обновление: Мар 19 2026 г., 12:12
--

DROP TABLE IF EXISTS `tokens`;
CREATE TABLE `tokens` (
  `user_id` int NOT NULL,
  `token` varchar(64) NOT NULL
) ENGINE=InnoDB DEFAULT CHARSET=utf8mb3;

--
-- Дамп данных таблицы `tokens`
--

INSERT INTO `tokens` (`user_id`, `token`) VALUES
(12, '55d0660baf9712e889eb4a7d0f9d528e4832882e195df9b95966a594d36ef796'),
(16, 'b99e86e8795d43385ca6f4f28dc341a1d9d87042802dd9d9857a01cbd7e75f02'),
(18, 'c1293b902d6902b8f79dd9be2363f4705d5f6871a4fa909b026a6589b6dcc7fe'),
(17, 'cfbc11086b08d7f3a18d9c65e474fd91e80d2af3b7174cf97960c6711583590d'),
(13, 'ebea8d1c56d4cd96d2e57394776f7989ee50bb6e3ebb4962fb7a7d481dd5b092'),
(1, 'ed4c1de2a3005100da1a0dc99e3bb7e87f8d86c32b1e41f0ed16d8037cd6f3cc');

-- --------------------------------------------------------

--
-- Структура таблицы `users`
--
-- Создание: Фев 05 2026 г., 10:43
--

DROP TABLE IF EXISTS `users`;
CREATE TABLE `users` (
  `id` int NOT NULL,
  `login` varchar(50) NOT NULL,
  `password_hash` varchar(255) NOT NULL,
  `role` enum('ADMIN','USER') NOT NULL DEFAULT 'USER',
  `store_id` int DEFAULT NULL,
  `name` varchar(100) DEFAULT NULL,
  `created_at` timestamp NULL DEFAULT CURRENT_TIMESTAMP
) ENGINE=InnoDB DEFAULT CHARSET=utf8mb3;

--
-- Дамп данных таблицы `users`
--

INSERT INTO `users` (`id`, `login`, `password_hash`, `role`, `store_id`, `name`, `created_at`) VALUES
(1, 'admin', '$2b$10$hEDF421bVqvq9EvEG3LPZ.4MohlTuAyBKrGFQTV7FVk2HS8rpQG.O', 'ADMIN', NULL, 'Test', '2026-01-12 13:05:07'),
(12, 'шохид', '$2b$10$pNXmbcW1A2JTXt04JieEqOVd1xDsJn6UcOEIi/oBO7YlC4OTLxx9a', 'ADMIN', 5, 'шохид', '2026-02-02 17:33:33'),
(13, 'farhod', '$2b$10$e250MM4sPKMFbJVpqjV1dujlgYmPwMq/J0U.MP0kfiAackCF4lER.', 'ADMIN', NULL, 'farhod', '2026-02-02 17:41:12'),
(16, 'shoim1', '$2b$10$Ta.l57PddjuaTqMSncL45udpM/7Yyc1B/hBet1mMvM5ddwV9uXjBa', 'ADMIN', NULL, 'shoim', '2026-02-03 03:14:11'),
(17, 'test', '$2b$10$gQabwkggzs6yTW.p1oG1QOSxRYZo4dNnXUY5wliYZnkLFmqjAU84e', 'USER', 1, 'test', '2026-02-05 16:20:41'),
(18, 'otabek', '$2b$10$xa3fjvD1ZrRKpGGJf8gC2.ApMkOFNzWObKWeeirhKOrXgu4PDNppm', 'USER', 6, 'Otabek', '2026-02-13 08:57:37');

-- --------------------------------------------------------

--
-- Структура таблицы `warehouses`
--
-- Создание: Фев 05 2026 г., 10:43
--

DROP TABLE IF EXISTS `warehouses`;
CREATE TABLE `warehouses` (
  `id` int NOT NULL,
  `name` varchar(255) NOT NULL,
  `is_default` tinyint(1) DEFAULT '0',
  `city` varchar(100) DEFAULT NULL,
  `is_main` tinyint(1) DEFAULT '0',
  `is_active` tinyint(1) DEFAULT '1',
  `created_at` timestamp NULL DEFAULT CURRENT_TIMESTAMP
) ENGINE=InnoDB DEFAULT CHARSET=utf8mb3;

--
-- Дамп данных таблицы `warehouses`
--

INSERT INTO `warehouses` (`id`, `name`, `is_default`, `city`, `is_main`, `is_active`, `created_at`) VALUES
(11, 'СкладИстаравшан', 0, NULL, 0, 1, '2026-01-21 06:03:33'),
(13, 'СкладДушанбе', 0, NULL, 0, 1, '2026-01-22 11:08:58');

-- --------------------------------------------------------

--
-- Структура таблицы `warehouse_stock`
--
-- Создание: Фев 05 2026 г., 10:43
-- Последнее обновление: Мар 19 2026 г., 07:37
--

DROP TABLE IF EXISTS `warehouse_stock`;
CREATE TABLE `warehouse_stock` (
  `id` int NOT NULL,
  `warehouse_id` int NOT NULL,
  `product_id` int NOT NULL,
  `weight_kg` decimal(10,2) DEFAULT '0.00',
  `volume_cbm` decimal(10,2) DEFAULT '0.00',
  `updated_at` timestamp NULL DEFAULT CURRENT_TIMESTAMP ON UPDATE CURRENT_TIMESTAMP,
  `total_pieces` int NOT NULL DEFAULT '0'
) ENGINE=InnoDB DEFAULT CHARSET=utf8mb3;

--
-- Дамп данных таблицы `warehouse_stock`
--

INSERT INTO `warehouse_stock` (`id`, `warehouse_id`, `product_id`, `weight_kg`, `volume_cbm`, `total_pieces`) VALUES
(8194, 13, 1, '0.00', '0.00', 2),
(8195, 11, 1, '0.00', '0.00', 6),
(8196, 13, 2, '0.00', '0.00', 0),
(8197, 11, 2, '0.00', '0.00', 0),
(8198, 13, 3, '0.00', '0.00', 7),
(8199, 11, 3, '0.00', '0.00', 17),
(8200, 13, 4, '0.00', '0.00', 11),
(8201, 11, 4, '0.00', '0.00', 9),
(8202, 13, 5, '0.00', '0.00', 1),
(8203, 11, 5, '0.00', '0.00', 32),
(8204, 13, 6, '0.00', '0.00', 9),
(8205, 11, 6, '0.00', '0.00', 9),
(8206, 13, 7, '0.00', '0.00', 6),
(8207, 11, 7, '0.00', '0.00', 26),
(8208, 13, 8, '0.00', '0.00', 3),
(8209, 11, 8, '0.00', '0.00', 11),
(8210, 13, 9, '0.00', '0.00', 6),
(8211, 11, 9, '0.00', '0.00', 21),
(8212, 13, 10, '0.00', '0.00', 44),
(8213, 11, 10, '0.00', '0.00', 5),
(8214, 13, 11, '0.00', '0.00', 49),
(8215, 11, 11, '0.00', '0.00', 50),
(8216, 13, 12, '0.00', '0.00', 6),
(8217, 11, 12, '0.00', '0.00', 9),
(8218, 13, 13, '0.00', '0.00', 10),
(8219, 11, 13, '0.00', '0.00', 23),
(8220, 13, 14, '0.00', '0.00', 0),
(8221, 11, 14, '0.00', '0.00', 7),
(8222, 13, 15, '0.00', '0.00', 0),
(8223, 11, 15, '0.00', '0.00', 2),
(8224, 13, 16, '0.00', '0.00', 0),
(8225, 11, 16, '0.00', '0.00', 1),
(8226, 13, 17, '0.00', '0.00', 5),
(8227, 11, 17, '0.00', '0.00', 3),
(8228, 13, 18, '0.00', '0.00', 11),
(8229, 11, 18, '0.00', '0.00', 114),
(8230, 13, 19, '0.00', '0.00', 36),
(8231, 11, 19, '0.00', '0.00', 36),
(8232, 13, 20, '0.00', '0.00', 10),
(8233, 11, 20, '0.00', '0.00', 68),
(8234, 13, 21, '0.00', '0.00', 23),
(8235, 11, 21, '0.00', '0.00', 30),
(8236, 13, 22, '0.00', '0.00', 6),
(8237, 11, 22, '0.00', '0.00', 121),
(8238, 13, 23, '0.00', '0.00', 12),
(8239, 11, 23, '0.00', '0.00', 142),
(8240, 13, 24, '0.00', '0.00', 0),
(8241, 11, 24, '0.00', '0.00', 7),
(8242, 13, 25, '0.00', '0.00', 0),
(8243, 11, 25, '0.00', '0.00', 3),
(8244, 13, 26, '0.00', '0.00', 81),
(8245, 11, 26, '0.00', '0.00', 199),
(8246, 13, 27, '0.00', '0.00', 0),
(8247, 11, 27, '0.00', '0.00', 17),
(8248, 13, 28, '0.00', '0.00', 4),
(8249, 11, 28, '0.00', '0.00', 16),
(8250, 13, 29, '0.00', '0.00', 4),
(8251, 11, 29, '0.00', '0.00', 1),
(8252, 13, 30, '0.00', '0.00', 0),
(8253, 11, 30, '0.00', '0.00', 12),
(8254, 13, 31, '0.00', '0.00', 28),
(8255, 11, 31, '0.00', '0.00', 0),
(8256, 13, 32, '0.00', '0.00', 87),
(8257, 11, 32, '0.00', '0.00', 149),
(8258, 13, 33, '0.00', '0.00', 26),
(8259, 11, 33, '0.00', '0.00', 166),
(8260, 13, 34, '0.00', '0.00', 620),
(8261, 11, 34, '0.00', '0.00', 6100),
(8262, 13, 35, '0.00', '0.00', 56),
(8263, 11, 35, '0.00', '0.00', 200),
(8264, 13, 36, '0.00', '0.00', 56),
(8265, 11, 36, '0.00', '0.00', 208),
(8266, 13, 37, '0.00', '0.00', 0),
(8267, 11, 37, '0.00', '0.00', 55),
(8268, 13, 38, '0.00', '0.00', 0),
(8269, 11, 38, '0.00', '0.00', 73),
(8270, 13, 39, '0.00', '0.00', 12),
(8271, 11, 39, '0.00', '0.00', 10),
(8272, 13, 40, '0.00', '0.00', 0),
(8273, 11, 40, '0.00', '0.00', 197),
(8274, 13, 41, '0.00', '0.00', 0),
(8275, 11, 41, '0.00', '0.00', 474),
(8276, 13, 42, '0.00', '0.00', 0),
(8277, 11, 42, '0.00', '0.00', 0),
(8278, 13, 43, '0.00', '0.00', 0),
(8279, 11, 43, '0.00', '0.00', 58),
(8280, 13, 44, '0.00', '0.00', 54),
(8281, 11, 44, '0.00', '0.00', 114),
(8282, 13, 45, '0.00', '0.00', 27),
(8283, 11, 45, '0.00', '0.00', 122),
(8284, 13, 46, '0.00', '0.00', 716),
(8285, 11, 46, '0.00', '0.00', 504),
(8286, 13, 47, '0.00', '0.00', 0),
(8287, 11, 47, '0.00', '0.00', 259),
(8288, 13, 48, '0.00', '0.00', 0),
(8289, 11, 48, '0.00', '0.00', 400),
(8290, 13, 49, '0.00', '0.00', 0),
(8291, 11, 49, '0.00', '0.00', 20),
(8292, 13, 50, '0.00', '0.00', 0),
(8293, 11, 50, '0.00', '0.00', 292),
(8294, 13, 51, '0.00', '0.00', 0),
(8295, 11, 51, '0.00', '0.00', 90),
(8296, 13, 52, '0.00', '0.00', 300),
(8297, 11, 52, '0.00', '0.00', 670),
(8298, 13, 53, '0.00', '0.00', 7),
(8299, 11, 53, '0.00', '0.00', 28),
(8300, 13, 54, '0.00', '0.00', 9),
(8301, 11, 54, '0.00', '0.00', 21),
(8302, 13, 55, '0.00', '0.00', 144),
(8303, 11, 55, '0.00', '0.00', 47),
(8304, 13, 56, '0.00', '0.00', 54),
(8305, 11, 56, '0.00', '0.00', 101),
(8306, 13, 57, '0.00', '0.00', 24),
(8307, 11, 57, '0.00', '0.00', 186),
(8308, 13, 58, '0.00', '0.00', 0),
(8309, 11, 58, '0.00', '0.00', 13),
(8310, 13, 59, '0.00', '0.00', 43),
(8311, 11, 59, '0.00', '0.00', 62),
(8312, 13, 60, '0.00', '0.00', 2),
(8313, 11, 60, '0.00', '0.00', 4),
(8314, 13, 61, '0.00', '0.00', 7),
(8315, 11, 61, '0.00', '0.00', 19),
(8316, 13, 62, '0.00', '0.00', 0),
(8317, 11, 62, '0.00', '0.00', 5),
(8318, 13, 63, '0.00', '0.00', 1),
(8319, 11, 63, '0.00', '0.00', 25),
(8320, 13, 64, '0.00', '0.00', 0),
(8321, 11, 64, '0.00', '0.00', 4),
(8322, 13, 65, '0.00', '0.00', 0),
(8323, 11, 65, '0.00', '0.00', 3),
(8324, 13, 66, '0.00', '0.00', 1),
(8325, 11, 66, '0.00', '0.00', 2),
(8326, 13, 67, '0.00', '0.00', 0),
(8327, 11, 67, '0.00', '0.00', 5),
(8328, 13, 68, '0.00', '0.00', 0),
(8329, 11, 68, '0.00', '0.00', 0),
(8330, 13, 69, '0.00', '0.00', 0),
(8331, 11, 69, '0.00', '0.00', 0),
(8332, 13, 70, '0.00', '0.00', 7),
(8333, 11, 70, '0.00', '0.00', 25),
(8334, 13, 71, '0.00', '0.00', 2),
(8335, 11, 71, '0.00', '0.00', 5),
(8336, 13, 72, '0.00', '0.00', 7),
(8337, 11, 72, '0.00', '0.00', 8),
(8338, 13, 73, '0.00', '0.00', 0),
(8339, 11, 73, '0.00', '0.00', 1),
(8340, 13, 74, '0.00', '0.00', 0),
(8341, 11, 74, '0.00', '0.00', 6),
(8342, 13, 75, '0.00', '0.00', 0),
(8343, 11, 75, '0.00', '0.00', 1),
(8344, 13, 76, '0.00', '0.00', 0),
(8345, 11, 76, '0.00', '0.00', 3),
(8346, 13, 77, '0.00', '0.00', 0),
(8347, 11, 77, '0.00', '0.00', 5),
(8348, 13, 78, '0.00', '0.00', 35),
(8349, 11, 78, '0.00', '0.00', 47),
(8350, 13, 79, '0.00', '0.00', 12),
(8351, 11, 79, '0.00', '0.00', 10),
(8352, 13, 80, '0.00', '0.00', 0),
(8353, 11, 80, '0.00', '0.00', 0),
(8354, 13, 81, '0.00', '0.00', 3),
(8355, 11, 81, '0.00', '0.00', 5),
(8356, 13, 82, '0.00', '0.00', 2),
(8357, 11, 82, '0.00', '0.00', 3),
(8358, 13, 83, '0.00', '0.00', 2),
(8359, 11, 83, '0.00', '0.00', 7),
(8360, 13, 84, '0.00', '0.00', 4),
(8361, 11, 84, '0.00', '0.00', 15),
(8362, 13, 85, '0.00', '0.00', 0),
(8363, 11, 85, '0.00', '0.00', 12),
(8364, 13, 86, '0.00', '0.00', 4),
(8365, 11, 86, '0.00', '0.00', 19),
(8366, 13, 87, '0.00', '0.00', 0),
(8367, 11, 87, '0.00', '0.00', 2),
(8368, 13, 88, '0.00', '0.00', 0),
(8369, 11, 88, '0.00', '0.00', 2),
(8370, 13, 89, '0.00', '0.00', 2),
(8371, 11, 89, '0.00', '0.00', 8),
(8372, 13, 90, '0.00', '0.00', 2),
(8373, 11, 90, '0.00', '0.00', 2),
(8374, 13, 91, '0.00', '0.00', 2),
(8375, 11, 91, '0.00', '0.00', 18),
(8376, 13, 92, '0.00', '0.00', 0),
(8377, 11, 92, '0.00', '0.00', 9),
(8378, 13, 93, '0.00', '0.00', 3),
(8379, 11, 93, '0.00', '0.00', 4),
(8380, 13, 94, '0.00', '0.00', 7),
(8381, 11, 94, '0.00', '0.00', 18),
(8382, 13, 95, '0.00', '0.00', 4),
(8383, 11, 95, '0.00', '0.00', 12),
(8384, 13, 96, '0.00', '0.00', 5),
(8385, 11, 96, '0.00', '0.00', 41),
(8386, 13, 97, '0.00', '0.00', 8),
(8387, 11, 97, '0.00', '0.00', 45),
(8388, 13, 98, '0.00', '0.00', 1),
(8389, 11, 98, '0.00', '0.00', 16),
(8390, 13, 99, '0.00', '0.00', 0),
(8391, 11, 99, '0.00', '0.00', 15),
(8392, 13, 100, '0.00', '0.00', 5),
(8393, 11, 100, '0.00', '0.00', 3),
(8394, 13, 101, '0.00', '0.00', 4),
(8395, 11, 101, '0.00', '0.00', 10),
(8396, 13, 102, '0.00', '0.00', 20),
(8397, 11, 102, '0.00', '0.00', 60),
(8398, 13, 103, '0.00', '0.00', 20),
(8399, 11, 103, '0.00', '0.00', 48),
(8400, 13, 104, '0.00', '0.00', 36),
(8401, 11, 104, '0.00', '0.00', 133),
(8402, 13, 105, '0.00', '0.00', 3),
(8403, 11, 105, '0.00', '0.00', 4),
(8404, 13, 106, '0.00', '0.00', 0),
(8405, 11, 106, '0.00', '0.00', 69),
(8406, 13, 107, '0.00', '0.00', 1),
(8407, 11, 107, '0.00', '0.00', 2),
(8408, 13, 108, '0.00', '0.00', 15),
(8409, 11, 108, '0.00', '0.00', 85),
(8410, 13, 109, '0.00', '0.00', 5),
(8411, 11, 109, '0.00', '0.00', 13),
(8412, 13, 110, '0.00', '0.00', 1),
(8413, 11, 110, '0.00', '0.00', 4),
(8414, 13, 111, '0.00', '0.00', 2),
(8415, 11, 111, '0.00', '0.00', 4),
(8416, 13, 112, '0.00', '0.00', 9),
(8417, 11, 112, '0.00', '0.00', 3),
(8418, 13, 113, '0.00', '0.00', 4),
(8419, 11, 113, '0.00', '0.00', 3),
(8420, 13, 114, '0.00', '0.00', 7),
(8421, 11, 114, '0.00', '0.00', 8),
(8422, 13, 115, '0.00', '0.00', 10),
(8423, 11, 115, '0.00', '0.00', 20),
(8424, 13, 116, '0.00', '0.00', 13),
(8425, 11, 116, '0.00', '0.00', 26),
(8426, 13, 117, '0.00', '0.00', 9),
(8427, 11, 117, '0.00', '0.00', 29),
(8428, 13, 118, '0.00', '0.00', 6),
(8429, 11, 118, '0.00', '0.00', 36),
(8430, 13, 119, '0.00', '0.00', 10),
(8431, 11, 119, '0.00', '0.00', 14),
(8432, 13, 120, '0.00', '0.00', 0),
(8433, 11, 120, '0.00', '0.00', 3),
(8434, 13, 121, '0.00', '0.00', 0),
(8435, 11, 121, '0.00', '0.00', 2),
(8436, 13, 122, '0.00', '0.00', 3),
(8437, 11, 122, '0.00', '0.00', 1),
(8438, 13, 123, '0.00', '0.00', 0),
(8439, 11, 123, '0.00', '0.00', 1),
(8440, 13, 124, '0.00', '0.00', 0),
(8441, 11, 124, '0.00', '0.00', 1),
(8442, 13, 125, '0.00', '0.00', 0),
(8443, 11, 125, '0.00', '0.00', 1),
(8444, 13, 126, '0.00', '0.00', 0),
(8445, 11, 126, '0.00', '0.00', 1),
(8446, 13, 127, '0.00', '0.00', 7),
(8447, 11, 127, '0.00', '0.00', 30),
(8448, 13, 128, '0.00', '0.00', 10),
(8449, 11, 128, '0.00', '0.00', 5),
(8450, 13, 129, '0.00', '0.00', 9),
(8451, 11, 129, '0.00', '0.00', 9),
(8452, 13, 130, '0.00', '0.00', 0),
(8453, 11, 130, '0.00', '0.00', 7),
(8454, 13, 131, '0.00', '0.00', 10),
(8455, 11, 131, '0.00', '0.00', 7),
(8456, 13, 132, '0.00', '0.00', 9),
(8457, 11, 132, '0.00', '0.00', 1),
(8458, 13, 133, '0.00', '0.00', 8),
(8459, 11, 133, '0.00', '0.00', 5),
(8460, 13, 134, '0.00', '0.00', 10),
(8461, 11, 134, '0.00', '0.00', 1),
(8462, 13, 135, '0.00', '0.00', 0),
(8463, 11, 135, '0.00', '0.00', 0),
(8464, 13, 136, '0.00', '0.00', 11),
(8465, 11, 136, '0.00', '0.00', 21),
(8466, 13, 137, '0.00', '0.00', 3),
(8467, 11, 137, '0.00', '0.00', 0),
(8468, 13, 138, '0.00', '0.00', 1),
(8469, 11, 138, '0.00', '0.00', 3),
(8470, 13, 139, '0.00', '0.00', 3),
(8471, 11, 139, '0.00', '0.00', 16),
(8472, 13, 140, '0.00', '0.00', 3),
(8473, 11, 140, '0.00', '0.00', 15),
(8474, 13, 141, '0.00', '0.00', 0),
(8475, 11, 141, '0.00', '0.00', 4),
(8476, 13, 142, '0.00', '0.00', 0),
(8477, 11, 142, '0.00', '0.00', 3),
(8478, 13, 143, '0.00', '0.00', 8),
(8479, 11, 143, '0.00', '0.00', 40),
(8480, 13, 144, '0.00', '0.00', 10),
(8481, 11, 144, '0.00', '0.00', 40),
(8482, 13, 145, '0.00', '0.00', 10),
(8483, 11, 145, '0.00', '0.00', 40),
(8484, 13, 146, '0.00', '0.00', 0),
(8485, 11, 146, '0.00', '0.00', 50),
(8486, 13, 147, '0.00', '0.00', 0),
(8487, 11, 147, '0.00', '0.00', 50),
(8488, 13, 148, '0.00', '0.00', 2),
(8489, 11, 148, '0.00', '0.00', 1),
(8490, 13, 149, '0.00', '0.00', 1),
(8491, 11, 149, '0.00', '0.00', 3),
(8492, 13, 150, '0.00', '0.00', 1),
(8493, 11, 150, '0.00', '0.00', 4),
(8494, 13, 151, '0.00', '0.00', 3),
(8495, 11, 151, '0.00', '0.00', 18),
(8496, 13, 152, '0.00', '0.00', 6),
(8497, 11, 152, '0.00', '0.00', 20),
(8498, 13, 153, '0.00', '0.00', 0),
(8499, 11, 153, '0.00', '0.00', 96),
(8500, 13, 154, '0.00', '0.00', 0),
(8501, 11, 154, '0.00', '0.00', 199),
(8502, 13, 155, '0.00', '0.00', 0),
(8503, 11, 155, '0.00', '0.00', 2),
(8504, 13, 156, '0.00', '0.00', 0),
(8505, 11, 156, '0.00', '0.00', 313),
(8506, 13, 157, '0.00', '0.00', 0),
(8507, 11, 157, '0.00', '0.00', 0),
(8508, 13, 158, '0.00', '0.00', 85),
(8509, 11, 158, '0.00', '0.00', 122),
(8510, 13, 159, '0.00', '0.00', 0),
(8511, 11, 159, '0.00', '0.00', 635),
(8512, 13, 160, '0.00', '0.00', 0),
(8513, 11, 160, '0.00', '0.00', 114),
(8514, 13, 161, '0.00', '0.00', 0),
(8515, 11, 161, '0.00', '0.00', 161),
(8516, 13, 162, '0.00', '0.00', 0),
(8517, 11, 162, '0.00', '0.00', 1),
(8518, 13, 163, '0.00', '0.00', 32),
(8519, 11, 163, '0.00', '0.00', 10),
(8520, 13, 164, '0.00', '0.00', 0),
(8521, 11, 164, '0.00', '0.00', 482),
(8522, 13, 165, '0.00', '0.00', 100),
(8523, 11, 165, '0.00', '0.00', 32),
(8524, 13, 166, '0.00', '0.00', 102),
(8525, 11, 166, '0.00', '0.00', 235),
(8526, 13, 167, '0.00', '0.00', 70),
(8527, 11, 167, '0.00', '0.00', 282),
(8528, 13, 168, '0.00', '0.00', 0),
(8529, 11, 168, '0.00', '0.00', 2),
(8530, 13, 169, '0.00', '0.00', 0),
(8531, 11, 169, '0.00', '0.00', 5),
(8532, 13, 170, '0.00', '0.00', 0),
(8533, 11, 170, '0.00', '0.00', 3),
(8534, 13, 171, '0.00', '0.00', 0),
(8535, 11, 171, '0.00', '0.00', 78),
(8536, 13, 172, '0.00', '0.00', 3),
(8537, 11, 172, '0.00', '0.00', 0),
(8538, 13, 173, '0.00', '0.00', 1),
(8539, 11, 173, '0.00', '0.00', 2),
(8540, 13, 174, '0.00', '0.00', 8),
(8541, 11, 174, '0.00', '0.00', 2),
(8542, 13, 175, '0.00', '0.00', 0),
(8543, 11, 175, '0.00', '0.00', 6),
(8544, 13, 176, '0.00', '0.00', 8),
(8545, 11, 176, '0.00', '0.00', 1),
(8546, 13, 177, '0.00', '0.00', 0),
(8547, 11, 177, '0.00', '0.00', 2),
(8548, 13, 178, '0.00', '0.00', 0),
(8549, 11, 178, '0.00', '0.00', 2),
(8550, 13, 179, '0.00', '0.00', 1),
(8551, 11, 179, '0.00', '0.00', 0),
(8552, 13, 180, '0.00', '0.00', 1),
(8553, 11, 180, '0.00', '0.00', 3),
(8554, 13, 181, '0.00', '0.00', 8),
(8555, 11, 181, '0.00', '0.00', 0),
(8556, 13, 182, '0.00', '0.00', 0),
(8557, 11, 182, '0.00', '0.00', 1),
(8558, 13, 183, '0.00', '0.00', 6),
(8559, 11, 183, '0.00', '0.00', 12),
(8560, 13, 184, '0.00', '0.00', 3),
(8561, 11, 184, '0.00', '0.00', 1),
(8562, 13, 185, '0.00', '0.00', 14),
(8563, 11, 185, '0.00', '0.00', 0),
(8564, 13, 186, '0.00', '0.00', 250),
(8565, 11, 186, '0.00', '0.00', 660),
(8566, 13, 187, '0.00', '0.00', 4),
(8567, 11, 187, '0.00', '0.00', 0),
(8568, 13, 188, '0.00', '0.00', 4),
(8569, 11, 188, '0.00', '0.00', 0),
(8570, 13, 189, '0.00', '0.00', 0),
(8571, 11, 189, '0.00', '0.00', 0),
(8572, 13, 190, '0.00', '0.00', 8),
(8573, 11, 190, '0.00', '0.00', 72),
(8574, 13, 191, '0.00', '0.00', 0),
(8575, 11, 191, '0.00', '0.00', 2),
(8576, 13, 192, '0.00', '0.00', 0),
(8577, 11, 192, '0.00', '0.00', 2),
(8578, 13, 193, '0.00', '0.00', 0),
(8579, 11, 193, '0.00', '0.00', 2),
(8580, 13, 194, '0.00', '0.00', 0),
(8581, 11, 194, '0.00', '0.00', 9),
(8582, 13, 195, '0.00', '0.00', 0),
(8583, 11, 195, '0.00', '0.00', 4),
(8584, 13, 196, '0.00', '0.00', 2),
(8585, 11, 196, '0.00', '0.00', 15),
(8586, 13, 197, '0.00', '0.00', 3),
(8587, 11, 197, '0.00', '0.00', 24),
(8588, 13, 198, '0.00', '0.00', 1),
(8589, 11, 198, '0.00', '0.00', 2),
(8590, 13, 199, '0.00', '0.00', 6),
(8591, 11, 199, '0.00', '0.00', 26),
(8592, 13, 200, '0.00', '0.00', 1),
(8593, 11, 200, '0.00', '0.00', 48),
(8594, 13, 201, '0.00', '0.00', 0),
(8595, 11, 201, '0.00', '0.00', 6),
(8596, 13, 202, '0.00', '0.00', 0),
(8597, 11, 202, '0.00', '0.00', 3),
(8598, 13, 203, '0.00', '0.00', 5),
(8599, 11, 203, '0.00', '0.00', 18),
(8600, 13, 204, '0.00', '0.00', 0),
(8601, 11, 204, '0.00', '0.00', 4),
(8602, 13, 205, '0.00', '0.00', 1),
(8603, 11, 205, '0.00', '0.00', 5),
(8604, 13, 206, '0.00', '0.00', 0),
(8605, 11, 206, '0.00', '0.00', 0),
(8606, 13, 207, '0.00', '0.00', 8),
(8607, 11, 207, '0.00', '0.00', 22),
(8608, 13, 208, '0.00', '0.00', 31),
(8609, 11, 208, '0.00', '0.00', 73),
(8610, 13, 209, '0.00', '0.00', 4),
(8611, 11, 209, '0.00', '0.00', 16),
(8612, 13, 210, '0.00', '0.00', 4),
(8613, 11, 210, '0.00', '0.00', 19),
(8614, 13, 211, '0.00', '0.00', 4),
(8615, 11, 211, '0.00', '0.00', 19),
(8616, 13, 212, '0.00', '0.00', 4),
(8617, 11, 212, '0.00', '0.00', 20),
(8618, 13, 213, '0.00', '0.00', 111),
(8619, 11, 213, '0.00', '0.00', 180),
(8620, 13, 214, '0.00', '0.00', 0),
(8621, 11, 214, '0.00', '0.00', 154),
(8622, 13, 215, '0.00', '0.00', 0),
(8623, 11, 215, '0.00', '0.00', 141),
(8624, 13, 216, '0.00', '0.00', 2),
(8625, 11, 216, '0.00', '0.00', 37),
(8626, 13, 217, '0.00', '0.00', 0),
(8627, 11, 217, '0.00', '0.00', 30),
(8628, 13, 218, '0.00', '0.00', 0),
(8629, 11, 218, '0.00', '0.00', 29),
(8630, 13, 219, '0.00', '0.00', 0),
(8631, 11, 219, '0.00', '0.00', 3),
(8632, 13, 220, '0.00', '0.00', 39),
(8633, 11, 220, '0.00', '0.00', 109),
(8634, 13, 221, '0.00', '0.00', 0),
(8635, 11, 221, '0.00', '0.00', 26),
(8636, 13, 222, '0.00', '0.00', 0),
(8637, 11, 222, '0.00', '0.00', 29),
(8638, 13, 223, '0.00', '0.00', 0),
(8639, 11, 223, '0.00', '0.00', 30),
(8640, 13, 224, '0.00', '0.00', 0),
(8641, 11, 224, '0.00', '0.00', 30),
(8642, 13, 225, '0.00', '0.00', 0),
(8643, 11, 225, '0.00', '0.00', 20),
(8644, 13, 226, '0.00', '0.00', 4),
(8645, 11, 226, '0.00', '0.00', 81),
(8646, 13, 227, '0.00', '0.00', 33),
(8647, 11, 227, '0.00', '0.00', 152),
(8648, 13, 228, '0.00', '0.00', 4),
(8649, 11, 228, '0.00', '0.00', 75),
(8650, 13, 229, '0.00', '0.00', 0),
(8651, 11, 229, '0.00', '0.00', 30),
(8652, 13, 230, '0.00', '0.00', 0),
(8653, 11, 230, '0.00', '0.00', 300),
(8654, 13, 231, '0.00', '0.00', 0),
(8655, 11, 231, '0.00', '0.00', 30),
(8656, 13, 232, '0.00', '0.00', 1),
(8657, 11, 232, '0.00', '0.00', 0),
(8658, 13, 233, '0.00', '0.00', 0),
(8659, 11, 233, '0.00', '0.00', 1),
(8660, 13, 234, '0.00', '0.00', 2),
(8661, 11, 234, '0.00', '0.00', 38),
(8662, 13, 235, '0.00', '0.00', 9),
(8663, 11, 235, '0.00', '0.00', 19),
(8664, 13, 236, '0.00', '0.00', 0),
(8665, 11, 236, '0.00', '0.00', 6),
(8666, 13, 237, '0.00', '0.00', 17),
(8667, 11, 237, '0.00', '0.00', 70),
(8668, 13, 238, '0.00', '0.00', 19),
(8669, 11, 238, '0.00', '0.00', 81),
(8670, 13, 239, '0.00', '0.00', 17),
(8671, 11, 239, '0.00', '0.00', 53),
(8672, 13, 240, '0.00', '0.00', 0),
(8673, 11, 240, '0.00', '0.00', 6),
(8674, 13, 241, '0.00', '0.00', 0),
(8675, 11, 241, '0.00', '0.00', 0),
(8676, 13, 242, '0.00', '0.00', 1),
(8677, 11, 242, '0.00', '0.00', 4),
(8678, 13, 243, '0.00', '0.00', 6),
(8679, 11, 243, '0.00', '0.00', 23),
(8680, 13, 244, '0.00', '0.00', 0),
(8681, 11, 244, '0.00', '0.00', 3),
(8682, 13, 245, '0.00', '0.00', 25),
(8683, 11, 245, '0.00', '0.00', 15),
(8684, 13, 246, '0.00', '0.00', 18),
(8685, 11, 246, '0.00', '0.00', 0),
(8686, 13, 247, '0.00', '0.00', 18),
(8687, 11, 247, '0.00', '0.00', 0),
(8688, 13, 248, '0.00', '0.00', 0),
(8689, 11, 248, '0.00', '0.00', 2),
(8690, 13, 249, '0.00', '0.00', 88),
(8691, 11, 249, '0.00', '0.00', 428),
(8692, 13, 250, '0.00', '0.00', 17),
(8693, 11, 250, '0.00', '0.00', 39),
(8694, 13, 251, '0.00', '0.00', 15),
(8695, 11, 251, '0.00', '0.00', 0),
(8696, 13, 252, '0.00', '0.00', 4),
(8697, 11, 252, '0.00', '0.00', 23),
(8698, 13, 253, '0.00', '0.00', 0),
(8699, 11, 253, '0.00', '0.00', 46),
(8700, 13, 254, '0.00', '0.00', 0),
(8701, 11, 254, '0.00', '0.00', 0),
(8702, 13, 255, '0.00', '0.00', 0),
(8703, 11, 255, '0.00', '0.00', 8),
(8704, 13, 256, '0.00', '0.00', 0),
(8705, 11, 256, '0.00', '0.00', 190),
(8706, 13, 257, '0.00', '0.00', 21),
(8707, 11, 257, '0.00', '0.00', 84),
(8708, 13, 258, '0.00', '0.00', 0),
(8709, 11, 258, '0.00', '0.00', 17),
(8710, 13, 259, '0.00', '0.00', 5),
(8711, 11, 259, '0.00', '0.00', 148),
(8712, 13, 260, '0.00', '0.00', 29),
(8713, 11, 260, '0.00', '0.00', 75),
(8714, 13, 261, '0.00', '0.00', 0),
(8715, 11, 261, '0.00', '0.00', 35),
(8716, 13, 262, '0.00', '0.00', 400),
(8717, 11, 262, '0.00', '0.00', 1036),
(8718, 13, 263, '0.00', '0.00', 186),
(8719, 11, 263, '0.00', '0.00', 96),
(8720, 13, 264, '0.00', '0.00', 6),
(8721, 11, 264, '0.00', '0.00', 2),
(8722, 13, 265, '0.00', '0.00', 20),
(8723, 11, 265, '0.00', '0.00', 90),
(8724, 13, 266, '0.00', '0.00', 23),
(8725, 11, 266, '0.00', '0.00', 47),
(8726, 13, 267, '0.00', '0.00', 2),
(8727, 11, 267, '0.00', '0.00', 47),
(8728, 13, 268, '0.00', '0.00', 6),
(8729, 11, 268, '0.00', '0.00', 27),
(8730, 13, 269, '0.00', '0.00', 62),
(8731, 11, 269, '0.00', '0.00', 270),
(8732, 13, 270, '0.00', '0.00', 0),
(8733, 11, 270, '0.00', '0.00', 49),
(8734, 13, 271, '0.00', '0.00', 1),
(8735, 11, 271, '0.00', '0.00', 2),
(8736, 13, 272, '0.00', '0.00', 0),
(8737, 11, 272, '0.00', '0.00', 0),
(8738, 13, 273, '0.00', '0.00', 4),
(8739, 11, 273, '0.00', '0.00', 41),
(8740, 13, 274, '0.00', '0.00', 4),
(8741, 11, 274, '0.00', '0.00', 37),
(8742, 13, 275, '0.00', '0.00', 0),
(8743, 11, 275, '0.00', '0.00', 18),
(8744, 13, 276, '0.00', '0.00', 0),
(8745, 11, 276, '0.00', '0.00', 14),
(8746, 13, 277, '0.00', '0.00', 0),
(8747, 11, 277, '0.00', '0.00', 2),
(8748, 13, 278, '0.00', '0.00', 0),
(8749, 11, 278, '0.00', '0.00', 3),
(8750, 13, 279, '0.00', '0.00', 0),
(8751, 11, 279, '0.00', '0.00', 11),
(8752, 13, 280, '0.00', '0.00', 6),
(8753, 11, 280, '0.00', '0.00', 22),
(8754, 13, 281, '0.00', '0.00', 0),
(8755, 11, 281, '0.00', '0.00', 10),
(8756, 13, 282, '0.00', '0.00', 0),
(8757, 11, 282, '0.00', '0.00', 11),
(8758, 13, 283, '0.00', '0.00', 10),
(8759, 11, 283, '0.00', '0.00', 1),
(8760, 13, 284, '0.00', '0.00', 0),
(8761, 11, 284, '0.00', '0.00', 7),
(8762, 13, 285, '0.00', '0.00', 0),
(8763, 11, 285, '0.00', '0.00', 3),
(8764, 13, 286, '0.00', '0.00', 1),
(8765, 11, 286, '0.00', '0.00', 4),
(8766, 13, 287, '0.00', '0.00', 1),
(8767, 11, 287, '0.00', '0.00', 0),
(8768, 13, 288, '0.00', '0.00', 28),
(8769, 11, 288, '0.00', '0.00', 13),
(8770, 13, 289, '0.00', '0.00', 1),
(8771, 11, 289, '0.00', '0.00', 6),
(8772, 13, 290, '0.00', '0.00', 1),
(8773, 11, 290, '0.00', '0.00', 0),
(8774, 13, 291, '0.00', '0.00', 2),
(8775, 11, 291, '0.00', '0.00', 8),
(8776, 13, 292, '0.00', '0.00', 2),
(8777, 11, 292, '0.00', '0.00', 4),
(8778, 13, 293, '0.00', '0.00', 6),
(8779, 11, 293, '0.00', '0.00', 2),
(8780, 13, 294, '0.00', '0.00', 4),
(8781, 11, 294, '0.00', '0.00', 7),
(8782, 13, 295, '0.00', '0.00', 1),
(8783, 11, 295, '0.00', '0.00', 3),
(8784, 13, 296, '0.00', '0.00', 9),
(8785, 11, 296, '0.00', '0.00', 7),
(8786, 13, 297, '0.00', '0.00', 3),
(8787, 11, 297, '0.00', '0.00', 30),
(8788, 13, 298, '0.00', '0.00', 0),
(8789, 11, 298, '0.00', '0.00', 2),
(8790, 13, 299, '0.00', '0.00', 1),
(8791, 11, 299, '0.00', '0.00', 3),
(8792, 13, 300, '0.00', '0.00', 8),
(8793, 11, 300, '0.00', '0.00', 16),
(8794, 13, 301, '0.00', '0.00', 3),
(8795, 11, 301, '0.00', '0.00', 9),
(8796, 13, 302, '0.00', '0.00', 2),
(8797, 11, 302, '0.00', '0.00', 5),
(8798, 13, 303, '0.00', '0.00', 6),
(8799, 11, 303, '0.00', '0.00', 6),
(8800, 13, 304, '0.00', '0.00', 4),
(8801, 11, 304, '0.00', '0.00', 1),
(8802, 13, 305, '0.00', '0.00', 0),
(8803, 11, 305, '0.00', '0.00', 4),
(8804, 13, 306, '0.00', '0.00', 25),
(8805, 11, 306, '0.00', '0.00', 18),
(8806, 13, 307, '0.00', '0.00', 30),
(8807, 11, 307, '0.00', '0.00', 40),
(8808, 13, 308, '0.00', '0.00', 11),
(8809, 11, 308, '0.00', '0.00', 17),
(8810, 13, 309, '0.00', '0.00', 10),
(8811, 11, 309, '0.00', '0.00', 63),
(8812, 13, 310, '0.00', '0.00', 2),
(8813, 11, 310, '0.00', '0.00', 6),
(8814, 13, 311, '0.00', '0.00', 0),
(8815, 11, 311, '0.00', '0.00', 1),
(8816, 13, 312, '0.00', '0.00', 3),
(8817, 11, 312, '0.00', '0.00', 1),
(8818, 13, 313, '0.00', '0.00', 1),
(8819, 11, 313, '0.00', '0.00', 2),
(8820, 13, 314, '0.00', '0.00', 2),
(8821, 11, 314, '0.00', '0.00', 1),
(8822, 13, 315, '0.00', '0.00', 3),
(8823, 11, 315, '0.00', '0.00', 2),
(8824, 13, 316, '0.00', '0.00', 6),
(8825, 11, 316, '0.00', '0.00', 1),
(8826, 13, 317, '0.00', '0.00', 3),
(8827, 11, 317, '0.00', '0.00', 7),
(8828, 13, 318, '0.00', '0.00', 6),
(8829, 11, 318, '0.00', '0.00', 6),
(8830, 13, 319, '0.00', '0.00', 6),
(8831, 11, 319, '0.00', '0.00', 15),
(8832, 13, 320, '0.00', '0.00', 6),
(8833, 11, 320, '0.00', '0.00', 5),
(8834, 13, 321, '0.00', '0.00', 3),
(8835, 11, 321, '0.00', '0.00', 0),
(8836, 13, 322, '0.00', '0.00', 0),
(8837, 11, 322, '0.00', '0.00', 3),
(8838, 13, 323, '0.00', '0.00', 886),
(8839, 11, 323, '0.00', '0.00', 7427),
(8840, 13, 324, '0.00', '0.00', 0),
(8841, 11, 324, '0.00', '0.00', 3),
(8842, 13, 325, '0.00', '0.00', 0),
(8843, 11, 325, '0.00', '0.00', 1498),
(8844, 13, 326, '0.00', '0.00', 0),
(8845, 11, 326, '0.00', '0.00', 700),
(8846, 13, 327, '0.00', '0.00', 0),
(8847, 11, 327, '0.00', '0.00', 69),
(8848, 13, 328, '0.00', '0.00', 1),
(8849, 11, 328, '0.00', '0.00', 1),
(8850, 13, 329, '0.00', '0.00', 6),
(8851, 11, 329, '0.00', '0.00', 4),
(8852, 13, 330, '0.00', '0.00', 3),
(8853, 11, 330, '0.00', '0.00', 0),
(8854, 13, 331, '0.00', '0.00', 0),
(8855, 11, 331, '0.00', '0.00', 9),
(8856, 13, 332, '0.00', '0.00', 0),
(8857, 11, 332, '0.00', '0.00', 4),
(8858, 13, 333, '0.00', '0.00', 0),
(8859, 11, 333, '0.00', '0.00', 1),
(8860, 13, 334, '0.00', '0.00', 1),
(8861, 11, 334, '0.00', '0.00', 5),
(8862, 13, 335, '0.00', '0.00', 0),
(8863, 11, 335, '0.00', '0.00', 1),
(8864, 13, 336, '0.00', '0.00', 2),
(8865, 11, 336, '0.00', '0.00', 10),
(8866, 13, 337, '0.00', '0.00', 0),
(8867, 11, 337, '0.00', '0.00', 80),
(8868, 13, 338, '0.00', '0.00', 0),
(8869, 11, 338, '0.00', '0.00', 72),
(8870, 13, 339, '0.00', '0.00', 48),
(8871, 11, 339, '0.00', '0.00', 0),
(8872, 13, 340, '0.00', '0.00', 48),
(8873, 11, 340, '0.00', '0.00', 6),
(8874, 13, 341, '0.00', '0.00', 156),
(8875, 11, 341, '0.00', '0.00', 724),
(8876, 13, 342, '0.00', '0.00', 156),
(8877, 11, 342, '0.00', '0.00', 696),
(8878, 13, 343, '0.00', '0.00', 0),
(8879, 11, 343, '0.00', '0.00', 8),
(8880, 13, 344, '0.00', '0.00', 0),
(8881, 11, 344, '0.00', '0.00', 12),
(8882, 13, 345, '0.00', '0.00', 16),
(8883, 11, 345, '0.00', '0.00', 80),
(8884, 13, 346, '0.00', '0.00', 16),
(8885, 11, 346, '0.00', '0.00', 76),
(8886, 13, 347, '0.00', '0.00', 2),
(8887, 11, 347, '0.00', '0.00', 3),
(8888, 13, 348, '0.00', '0.00', 0),
(8889, 11, 348, '0.00', '0.00', 25),
(8890, 13, 349, '0.00', '0.00', 0),
(8891, 11, 349, '0.00', '0.00', 7),
(8892, 13, 350, '0.00', '0.00', 0),
(8893, 11, 350, '0.00', '0.00', 8),
(8894, 13, 351, '0.00', '0.00', 0),
(8895, 11, 351, '0.00', '0.00', 157),
(8896, 13, 352, '0.00', '0.00', 0),
(8897, 11, 352, '0.00', '0.00', 98),
(8898, 13, 353, '0.00', '0.00', 21),
(8899, 11, 353, '0.00', '0.00', 63),
(8900, 13, 354, '0.00', '0.00', 16),
(8901, 11, 354, '0.00', '0.00', 17),
(8902, 13, 355, '0.00', '0.00', 24),
(8903, 11, 355, '0.00', '0.00', 46),
(8904, 13, 356, '0.00', '0.00', 20),
(8905, 11, 356, '0.00', '0.00', 76),
(8906, 13, 357, '0.00', '0.00', 8),
(8907, 11, 357, '0.00', '0.00', 53),
(8908, 13, 358, '0.00', '0.00', 8),
(8909, 11, 358, '0.00', '0.00', 26),
(8910, 13, 359, '0.00', '0.00', 0),
(8911, 11, 359, '0.00', '0.00', 213),
(8912, 13, 360, '0.00', '0.00', 0),
(8913, 11, 360, '0.00', '0.00', 127),
(8914, 13, 361, '0.00', '0.00', 23),
(8915, 11, 361, '0.00', '0.00', 14),
(8916, 13, 362, '0.00', '0.00', 15),
(8917, 11, 362, '0.00', '0.00', 24),
(8918, 13, 363, '0.00', '0.00', 18),
(8919, 11, 363, '0.00', '0.00', 127),
(8920, 13, 364, '0.00', '0.00', 0),
(8921, 11, 364, '0.00', '0.00', 10),
(8922, 13, 365, '0.00', '0.00', 0),
(8923, 11, 365, '0.00', '0.00', 11),
(8924, 13, 366, '0.00', '0.00', 5),
(8925, 11, 366, '0.00', '0.00', 0),
(8926, 13, 367, '0.00', '0.00', 0),
(8927, 11, 367, '0.00', '0.00', 34),
(8928, 13, 368, '0.00', '0.00', 0),
(8929, 11, 368, '0.00', '0.00', 158),
(8930, 13, 369, '0.00', '0.00', 0),
(8931, 11, 369, '0.00', '0.00', 22),
(8932, 13, 370, '0.00', '0.00', 0),
(8933, 11, 370, '0.00', '0.00', 30),
(8934, 13, 371, '0.00', '0.00', 6),
(8935, 11, 371, '0.00', '0.00', 36),
(8936, 13, 372, '0.00', '0.00', 4),
(8937, 11, 372, '0.00', '0.00', 5),
(8938, 13, 373, '0.00', '0.00', 0),
(8939, 11, 373, '0.00', '0.00', 16),
(8940, 13, 374, '0.00', '0.00', 3),
(8941, 11, 374, '0.00', '0.00', 33),
(8942, 13, 375, '0.00', '0.00', 15),
(8943, 11, 375, '0.00', '0.00', 24),
(8944, 13, 376, '0.00', '0.00', 16),
(8945, 11, 376, '0.00', '0.00', 56),
(8946, 13, 377, '0.00', '0.00', 31),
(8947, 11, 377, '0.00', '0.00', 54),
(8948, 13, 378, '0.00', '0.00', 60),
(8949, 11, 378, '0.00', '0.00', 314),
(8950, 13, 379, '0.00', '0.00', 3),
(8951, 11, 379, '0.00', '0.00', 2),
(8952, 13, 380, '0.00', '0.00', 16),
(8953, 11, 380, '0.00', '0.00', 55),
(8954, 13, 381, '0.00', '0.00', 4),
(8955, 11, 381, '0.00', '0.00', 0),
(8956, 13, 382, '0.00', '0.00', 0),
(8957, 11, 382, '0.00', '0.00', 0),
(8958, 13, 383, '0.00', '0.00', 15),
(8959, 11, 383, '0.00', '0.00', 0),
(8960, 13, 384, '0.00', '0.00', 50),
(8961, 11, 384, '0.00', '0.00', 0),
(8962, 13, 385, '0.00', '0.00', 1700),
(8963, 11, 385, '0.00', '0.00', 3300),
(8964, 13, 386, '0.00', '0.00', 0),
(8965, 11, 386, '0.00', '0.00', 7),
(8966, 13, 387, '0.00', '0.00', 3),
(8967, 11, 387, '0.00', '0.00', 0),
(8968, 13, 388, '0.00', '0.00', 3),
(8969, 11, 388, '0.00', '0.00', 3),
(8970, 13, 389, '0.00', '0.00', 0),
(8971, 11, 389, '0.00', '0.00', 8),
(8972, 13, 390, '0.00', '0.00', 0),
(8973, 11, 390, '0.00', '0.00', 2),
(8974, 13, 391, '0.00', '0.00', 1),
(8975, 11, 391, '0.00', '0.00', 0),
(8976, 13, 392, '0.00', '0.00', 1),
(8977, 11, 392, '0.00', '0.00', 0),
(8978, 13, 393, '0.00', '0.00', 2),
(8979, 11, 393, '0.00', '0.00', 1),
(8980, 13, 394, '0.00', '0.00', 2),
(8981, 11, 394, '0.00', '0.00', 7),
(8982, 13, 395, '0.00', '0.00', 0),
(8983, 11, 395, '0.00', '0.00', 4),
(8984, 13, 396, '0.00', '0.00', 8),
(8985, 11, 396, '0.00', '0.00', 0),
(8986, 13, 397, '0.00', '0.00', 59),
(8987, 11, 397, '0.00', '0.00', 182),
(8988, 13, 398, '0.00', '0.00', 3),
(8989, 11, 398, '0.00', '0.00', 248),
(8990, 13, 399, '0.00', '0.00', 5),
(8991, 11, 399, '0.00', '0.00', 40),
(8992, 13, 400, '0.00', '0.00', 3),
(8993, 11, 400, '0.00', '0.00', 20),
(8994, 13, 401, '0.00', '0.00', 3),
(8995, 11, 401, '0.00', '0.00', 4),
(8996, 13, 402, '0.00', '0.00', 3),
(8997, 11, 402, '0.00', '0.00', 2),
(8998, 13, 403, '0.00', '0.00', 36),
(8999, 11, 403, '0.00', '0.00', 86),
(9000, 13, 404, '0.00', '0.00', 4),
(9001, 11, 404, '0.00', '0.00', 0),
(9002, 13, 405, '0.00', '0.00', 10),
(9003, 11, 405, '0.00', '0.00', 21),
(9004, 13, 406, '0.00', '0.00', 14),
(9005, 11, 406, '0.00', '0.00', 0),
(9006, 13, 407, '0.00', '0.00', 37),
(9007, 11, 407, '0.00', '0.00', 18),
(9008, 13, 408, '0.00', '0.00', 31),
(9009, 11, 408, '0.00', '0.00', 353),
(9010, 13, 409, '0.00', '0.00', 18),
(9011, 11, 409, '0.00', '0.00', 55),
(9012, 13, 410, '0.00', '0.00', 4),
(9013, 11, 410, '0.00', '0.00', 22),
(9014, 13, 411, '0.00', '0.00', 0),
(9015, 11, 411, '0.00', '0.00', 0),
(9016, 13, 412, '0.00', '0.00', 1),
(9017, 11, 412, '0.00', '0.00', 3),
(9018, 13, 413, '0.00', '0.00', 1),
(9019, 11, 413, '0.00', '0.00', 3),
(9020, 13, 414, '0.00', '0.00', 26),
(9021, 11, 414, '0.00', '0.00', 209),
(9022, 13, 415, '0.00', '0.00', 1),
(9023, 11, 415, '0.00', '0.00', 3),
(9024, 13, 416, '0.00', '0.00', 0),
(9025, 11, 416, '0.00', '0.00', 20),
(9026, 13, 417, '0.00', '0.00', 37),
(9027, 11, 417, '0.00', '0.00', 66),
(9028, 13, 418, '0.00', '0.00', 0),
(9029, 11, 418, '0.00', '0.00', 1),
(9030, 13, 419, '0.00', '0.00', 85),
(9031, 11, 419, '0.00', '0.00', 379),
(9032, 13, 420, '0.00', '0.00', 1),
(9033, 11, 420, '0.00', '0.00', 5),
(9034, 13, 421, '0.00', '0.00', 2),
(9035, 11, 421, '0.00', '0.00', 3),
(9036, 13, 422, '0.00', '0.00', 12),
(9037, 11, 422, '0.00', '0.00', 52),
(9038, 13, 423, '0.00', '0.00', 0),
(9039, 11, 423, '0.00', '0.00', 6),
(9040, 13, 424, '0.00', '0.00', 10),
(9041, 11, 424, '0.00', '0.00', 6),
(9042, 13, 425, '0.00', '0.00', 10),
(9043, 11, 425, '0.00', '0.00', 17),
(9044, 13, 426, '0.00', '0.00', 11),
(9045, 11, 426, '0.00', '0.00', 8),
(9046, 13, 427, '0.00', '0.00', 10),
(9047, 11, 427, '0.00', '0.00', 7),
(9048, 13, 428, '0.00', '0.00', 10),
(9049, 11, 428, '0.00', '0.00', 0),
(9050, 13, 429, '0.00', '0.00', 29),
(9051, 11, 429, '0.00', '0.00', 204),
(9052, 13, 430, '0.00', '0.00', 0),
(9053, 11, 430, '0.00', '0.00', 2),
(9054, 13, 431, '0.00', '0.00', 0),
(9055, 11, 431, '0.00', '0.00', 2),
(9056, 13, 432, '0.00', '0.00', 8),
(9057, 11, 432, '0.00', '0.00', 57),
(9058, 13, 433, '0.00', '0.00', 0),
(9059, 11, 433, '0.00', '0.00', 21),
(9060, 13, 434, '0.00', '0.00', 5),
(9061, 11, 434, '0.00', '0.00', 6),
(9062, 13, 435, '0.00', '0.00', 4),
(9063, 11, 435, '0.00', '0.00', 32),
(9064, 13, 436, '0.00', '0.00', 2),
(9065, 11, 436, '0.00', '0.00', 0),
(9066, 13, 437, '0.00', '0.00', 2),
(9067, 11, 437, '0.00', '0.00', 12),
(9068, 13, 438, '0.00', '0.00', 1),
(9069, 11, 438, '0.00', '0.00', 3),
(9070, 13, 439, '0.00', '0.00', 1),
(9071, 11, 439, '0.00', '0.00', 7),
(9072, 13, 440, '0.00', '0.00', 23),
(9073, 11, 440, '0.00', '0.00', 99),
(9074, 13, 441, '0.00', '0.00', 41),
(9075, 11, 441, '0.00', '0.00', 210),
(9076, 13, 442, '0.00', '0.00', 37),
(9077, 11, 442, '0.00', '0.00', 75),
(9078, 13, 443, '0.00', '0.00', 33),
(9079, 11, 443, '0.00', '0.00', 170),
(9080, 13, 444, '0.00', '0.00', 30),
(9081, 11, 444, '0.00', '0.00', 136),
(9082, 13, 445, '0.00', '0.00', 130),
(9083, 11, 445, '0.00', '0.00', 173),
(9084, 13, 446, '0.00', '0.00', 21),
(9085, 11, 446, '0.00', '0.00', 0),
(9086, 13, 447, '0.00', '0.00', 15),
(9087, 11, 447, '0.00', '0.00', 0),
(9088, 13, 448, '0.00', '0.00', 0),
(9089, 11, 448, '0.00', '0.00', 0),
(9090, 13, 449, '0.00', '0.00', 70),
(9091, 11, 449, '0.00', '0.00', 0),
(9092, 13, 450, '0.00', '0.00', 75),
(9093, 11, 450, '0.00', '0.00', 49),
(9094, 13, 451, '0.00', '0.00', 155),
(9095, 11, 451, '0.00', '0.00', 100),
(9096, 13, 452, '0.00', '0.00', 32),
(9097, 11, 452, '0.00', '0.00', 23),
(9098, 13, 453, '0.00', '0.00', 22),
(9099, 11, 453, '0.00', '0.00', 68),
(9100, 13, 454, '0.00', '0.00', 89),
(9101, 11, 454, '0.00', '0.00', 386),
(9102, 13, 455, '0.00', '0.00', 45),
(9103, 11, 455, '0.00', '0.00', 292),
(9104, 13, 456, '0.00', '0.00', 126),
(9105, 11, 456, '0.00', '0.00', 468),
(9106, 13, 457, '0.00', '0.00', 25),
(9107, 11, 457, '0.00', '0.00', 179),
(9108, 13, 458, '0.00', '0.00', 67),
(9109, 11, 458, '0.00', '0.00', 32),
(9110, 13, 459, '0.00', '0.00', 9),
(9111, 11, 459, '0.00', '0.00', 16),
(9112, 13, 460, '0.00', '0.00', 37),
(9113, 11, 460, '0.00', '0.00', 31),
(9114, 13, 461, '0.00', '0.00', 2),
(9115, 11, 461, '0.00', '0.00', 0),
(9116, 13, 462, '0.00', '0.00', 0),
(9117, 11, 462, '0.00', '0.00', 34),
(9118, 13, 463, '0.00', '0.00', 18),
(9119, 11, 463, '0.00', '0.00', 74),
(9120, 13, 464, '0.00', '0.00', 0),
(9121, 11, 464, '0.00', '0.00', 0),
(9122, 13, 465, '0.00', '0.00', 0),
(9123, 11, 465, '0.00', '0.00', 7),
(9124, 13, 466, '0.00', '0.00', 0),
(9125, 11, 466, '0.00', '0.00', 14),
(9126, 13, 467, '0.00', '0.00', 0),
(9127, 11, 467, '0.00', '0.00', 12),
(9128, 13, 468, '0.00', '0.00', 0),
(9129, 11, 468, '0.00', '0.00', 2),
(9130, 13, 469, '0.00', '0.00', 43),
(9131, 11, 469, '0.00', '0.00', 0),
(9132, 13, 470, '0.00', '0.00', 10),
(9133, 11, 470, '0.00', '0.00', 0),
(9134, 13, 471, '0.00', '0.00', 60),
(9135, 11, 471, '0.00', '0.00', 244),
(9136, 13, 472, '0.00', '0.00', 0),
(9137, 11, 472, '0.00', '0.00', 30),
(9138, 13, 473, '0.00', '0.00', 20),
(9139, 11, 473, '0.00', '0.00', 20),
(9140, 13, 474, '0.00', '0.00', 0),
(9141, 11, 474, '0.00', '0.00', 0),
(9142, 13, 475, '0.00', '0.00', 29),
(9143, 11, 475, '0.00', '0.00', 150),
(9144, 13, 476, '0.00', '0.00', 8),
(9145, 11, 476, '0.00', '0.00', 443),
(9146, 13, 477, '0.00', '0.00', 30),
(9147, 11, 477, '0.00', '0.00', 101),
(9148, 13, 478, '0.00', '0.00', 0),
(9149, 11, 478, '0.00', '0.00', 10),
(9150, 13, 479, '0.00', '0.00', 2),
(9151, 11, 479, '0.00', '0.00', 0),
(9152, 13, 480, '0.00', '0.00', 2),
(9153, 11, 480, '0.00', '0.00', 4),
(9154, 13, 481, '0.00', '0.00', 1),
(9155, 11, 481, '0.00', '0.00', 1),
(9156, 13, 482, '0.00', '0.00', 9),
(9157, 11, 482, '0.00', '0.00', 30),
(9158, 13, 483, '0.00', '0.00', 3),
(9159, 11, 483, '0.00', '0.00', 15),
(9160, 13, 484, '0.00', '0.00', 4),
(9161, 11, 484, '0.00', '0.00', 11),
(9162, 13, 485, '0.00', '0.00', 6),
(9163, 11, 485, '0.00', '0.00', 0),
(9164, 13, 486, '0.00', '0.00', 9),
(9165, 11, 486, '0.00', '0.00', 63),
(9166, 13, 487, '0.00', '0.00', 7),
(9167, 11, 487, '0.00', '0.00', 34),
(9168, 13, 488, '0.00', '0.00', 5),
(9169, 11, 488, '0.00', '0.00', 23),
(9170, 13, 489, '0.00', '0.00', 14),
(9171, 11, 489, '0.00', '0.00', 36),
(9172, 13, 490, '0.00', '0.00', 1),
(9173, 11, 490, '0.00', '0.00', 37),
(9174, 13, 491, '0.00', '0.00', 2),
(9175, 11, 491, '0.00', '0.00', 26),
(9176, 13, 492, '0.00', '0.00', 6),
(9177, 11, 492, '0.00', '0.00', 70),
(9178, 13, 493, '0.00', '0.00', 1),
(9179, 11, 493, '0.00', '0.00', 3),
(9180, 13, 494, '0.00', '0.00', 0),
(9181, 11, 494, '0.00', '0.00', 2),
(9182, 13, 495, '0.00', '0.00', 0),
(9183, 11, 495, '0.00', '0.00', 10),
(9184, 13, 496, '0.00', '0.00', 50),
(9185, 11, 496, '0.00', '0.00', 198),
(9186, 13, 497, '0.00', '0.00', 17),
(9187, 11, 497, '0.00', '0.00', 100),
(9188, 13, 498, '0.00', '0.00', 6),
(9189, 11, 498, '0.00', '0.00', 90),
(9190, 13, 499, '0.00', '0.00', 3),
(9191, 11, 499, '0.00', '0.00', 8),
(9192, 13, 500, '0.00', '0.00', 1),
(9193, 11, 500, '0.00', '0.00', 2),
(9194, 13, 501, '0.00', '0.00', 0),
(9195, 11, 501, '0.00', '0.00', 3),
(9196, 13, 502, '0.00', '0.00', 1),
(9197, 11, 502, '0.00', '0.00', 0),
(9198, 13, 503, '0.00', '0.00', 1),
(9199, 11, 503, '0.00', '0.00', 4),
(9200, 13, 504, '0.00', '0.00', 32),
(9201, 11, 504, '0.00', '0.00', 22),
(9202, 13, 505, '0.00', '0.00', 15),
(9203, 11, 505, '0.00', '0.00', 0),
(9204, 13, 506, '0.00', '0.00', 48),
(9205, 11, 506, '0.00', '0.00', 55),
(9206, 13, 507, '0.00', '0.00', 5),
(9207, 11, 507, '0.00', '0.00', 47),
(9208, 13, 508, '0.00', '0.00', 0),
(9209, 11, 508, '0.00', '0.00', 2),
(9210, 13, 509, '0.00', '0.00', 3),
(9211, 11, 509, '0.00', '0.00', 4),
(9212, 13, 510, '0.00', '0.00', 0),
(9213, 11, 510, '0.00', '0.00', 87),
(9214, 13, 511, '0.00', '0.00', 10),
(9215, 11, 511, '0.00', '0.00', 293),
(9216, 13, 512, '0.00', '0.00', 0),
(9217, 11, 512, '0.00', '0.00', 8),
(9218, 13, 513, '0.00', '0.00', 8),
(9219, 11, 513, '0.00', '0.00', 25),
(9220, 13, 514, '0.00', '0.00', 0),
(9221, 11, 514, '0.00', '0.00', 143),
(9222, 13, 515, '0.00', '0.00', 4),
(9223, 11, 515, '0.00', '0.00', 20),
(9224, 13, 516, '0.00', '0.00', 0),
(9225, 11, 516, '0.00', '0.00', 2),
(9226, 13, 517, '0.00', '0.00', 16),
(9227, 11, 517, '0.00', '0.00', 53),
(9228, 13, 518, '0.00', '0.00', 5),
(9229, 11, 518, '0.00', '0.00', 32),
(9230, 13, 519, '0.00', '0.00', 0),
(9231, 11, 519, '0.00', '0.00', 4),
(9232, 13, 520, '0.00', '0.00', 0),
(9233, 11, 520, '0.00', '0.00', 9),
(9234, 13, 521, '0.00', '0.00', 8),
(9235, 11, 521, '0.00', '0.00', 13),
(9236, 13, 522, '0.00', '0.00', 0),
(9237, 11, 522, '0.00', '0.00', 13),
(9238, 13, 523, '0.00', '0.00', 10),
(9239, 11, 523, '0.00', '0.00', 22),
(9240, 13, 524, '0.00', '0.00', 6),
(9241, 11, 524, '0.00', '0.00', 57),
(9242, 13, 525, '0.00', '0.00', 6),
(9243, 11, 525, '0.00', '0.00', 13),
(9244, 13, 526, '0.00', '0.00', 8),
(9245, 11, 526, '0.00', '0.00', 19),
(9246, 13, 527, '0.00', '0.00', 138),
(9247, 11, 527, '0.00', '0.00', 120),
(9248, 13, 528, '0.00', '0.00', 186),
(9249, 11, 528, '0.00', '0.00', 398),
(9250, 13, 529, '0.00', '0.00', 0),
(9251, 11, 529, '0.00', '0.00', 1),
(9252, 13, 530, '0.00', '0.00', 0),
(9253, 11, 530, '0.00', '0.00', 1),
(9254, 13, 531, '0.00', '0.00', 7),
(9255, 11, 531, '0.00', '0.00', 27),
(9256, 13, 532, '0.00', '0.00', 29),
(9257, 11, 532, '0.00', '0.00', 0),
(9258, 13, 533, '0.00', '0.00', 105),
(9259, 11, 533, '0.00', '0.00', 961),
(9260, 13, 534, '0.00', '0.00', 120),
(9261, 11, 534, '0.00', '0.00', 0),
(9262, 13, 535, '0.00', '0.00', 14),
(9263, 11, 535, '0.00', '0.00', 56),
(9264, 13, 536, '0.00', '0.00', 16),
(9265, 11, 536, '0.00', '0.00', 128),
(9266, 13, 537, '0.00', '0.00', 0),
(9267, 11, 537, '0.00', '0.00', 0),
(9268, 13, 538, '0.00', '0.00', 0),
(9269, 11, 538, '0.00', '0.00', 12),
(9270, 13, 539, '0.00', '0.00', 0),
(9271, 11, 539, '0.00', '0.00', 23),
(9272, 13, 540, '0.00', '0.00', 0),
(9273, 11, 540, '0.00', '0.00', 3),
(9274, 13, 541, '0.00', '0.00', 196),
(9275, 11, 541, '0.00', '0.00', 109),
(9276, 13, 542, '0.00', '0.00', 84),
(9277, 11, 542, '0.00', '0.00', 24),
(9278, 13, 543, '0.00', '0.00', 132),
(9279, 11, 543, '0.00', '0.00', 40),
(9280, 13, 544, '0.00', '0.00', 190),
(9281, 11, 544, '0.00', '0.00', 53),
(9282, 13, 545, '0.00', '0.00', 90),
(9283, 11, 545, '0.00', '0.00', 95),
(9284, 13, 546, '0.00', '0.00', 1),
(9285, 11, 546, '0.00', '0.00', 1),
(9286, 13, 547, '0.00', '0.00', 1),
(9287, 11, 547, '0.00', '0.00', 2),
(9288, 13, 548, '0.00', '0.00', 1),
(9289, 11, 548, '0.00', '0.00', 0),
(9290, 13, 549, '0.00', '0.00', 0),
(9291, 11, 549, '0.00', '0.00', 1),
(9292, 13, 550, '0.00', '0.00', 1),
(9293, 11, 550, '0.00', '0.00', 0),
(9294, 13, 551, '0.00', '0.00', 8),
(9295, 11, 551, '0.00', '0.00', 7),
(9296, 13, 552, '0.00', '0.00', 16),
(9297, 11, 552, '0.00', '0.00', 58),
(9298, 13, 553, '0.00', '0.00', 12),
(9299, 11, 553, '0.00', '0.00', 67),
(9300, 13, 554, '0.00', '0.00', 15),
(9301, 11, 554, '0.00', '0.00', 47),
(9302, 13, 555, '0.00', '0.00', 0),
(9303, 11, 555, '0.00', '0.00', 2),
(9304, 13, 556, '0.00', '0.00', 5),
(9305, 11, 556, '0.00', '0.00', 18),
(9306, 13, 557, '0.00', '0.00', 5),
(9307, 11, 557, '0.00', '0.00', 10),
(9308, 13, 558, '0.00', '0.00', 7),
(9309, 11, 558, '0.00', '0.00', 17),
(9310, 13, 559, '0.00', '0.00', 0),
(9311, 11, 559, '0.00', '0.00', 3),
(9312, 13, 560, '0.00', '0.00', 2),
(9313, 11, 560, '0.00', '0.00', 11),
(9314, 13, 561, '0.00', '0.00', 3),
(9315, 11, 561, '0.00', '0.00', 15),
(9316, 13, 562, '0.00', '0.00', 4),
(9317, 11, 562, '0.00', '0.00', 0),
(9318, 13, 563, '0.00', '0.00', 7),
(9319, 11, 563, '0.00', '0.00', 7),
(9320, 13, 564, '0.00', '0.00', 0),
(9321, 11, 564, '0.00', '0.00', 1),
(9322, 13, 565, '0.00', '0.00', 2),
(9323, 11, 565, '0.00', '0.00', 3),
(9324, 13, 566, '0.00', '0.00', 5),
(9325, 11, 566, '0.00', '0.00', 4),
(9326, 13, 567, '0.00', '0.00', 3),
(9327, 11, 567, '0.00', '0.00', 12),
(9328, 13, 568, '0.00', '0.00', 6),
(9329, 11, 568, '0.00', '0.00', 11),
(9330, 13, 569, '0.00', '0.00', 4),
(9331, 11, 569, '0.00', '0.00', 0),
(9332, 13, 570, '0.00', '0.00', 0),
(9333, 11, 570, '0.00', '0.00', 2),
(9334, 13, 571, '0.00', '0.00', 0),
(9335, 11, 571, '0.00', '0.00', 13),
(9336, 13, 572, '0.00', '0.00', 0),
(9337, 11, 572, '0.00', '0.00', 29),
(9338, 13, 573, '0.00', '0.00', 0),
(9339, 11, 573, '0.00', '0.00', 10),
(9340, 13, 574, '0.00', '0.00', 0),
(9341, 11, 574, '0.00', '0.00', 41),
(9342, 13, 575, '0.00', '0.00', 0),
(9343, 11, 575, '0.00', '0.00', 3),
(9344, 13, 576, '0.00', '0.00', 11),
(9345, 11, 576, '0.00', '0.00', 0),
(9346, 13, 577, '0.00', '0.00', 35),
(9347, 11, 577, '0.00', '0.00', 42),
(9348, 13, 578, '0.00', '0.00', 0),
(9349, 11, 578, '0.00', '0.00', 19),
(9350, 13, 579, '0.00', '0.00', 4),
(9351, 11, 579, '0.00', '0.00', 2),
(9352, 13, 580, '0.00', '0.00', 5),
(9353, 11, 580, '0.00', '0.00', 15),
(9354, 13, 581, '0.00', '0.00', 0),
(9355, 11, 581, '0.00', '0.00', 14),
(9356, 13, 582, '0.00', '0.00', 1),
(9357, 11, 582, '0.00', '0.00', 0),
(9358, 13, 583, '0.00', '0.00', 41),
(9359, 11, 583, '0.00', '0.00', 11),
(9360, 13, 584, '0.00', '0.00', 5),
(9361, 11, 584, '0.00', '0.00', 14),
(9362, 13, 585, '0.00', '0.00', 0),
(9363, 11, 585, '0.00', '0.00', 26),
(9364, 13, 586, '0.00', '0.00', 2),
(9365, 11, 586, '0.00', '0.00', 0),
(9366, 13, 587, '0.00', '0.00', 12),
(9367, 11, 587, '0.00', '0.00', 33),
(9368, 13, 588, '0.00', '0.00', 1),
(9369, 11, 588, '0.00', '0.00', 19),
(9370, 13, 589, '0.00', '0.00', 0),
(9371, 11, 589, '0.00', '0.00', 0),
(9372, 13, 590, '0.00', '0.00', 13),
(9373, 11, 590, '0.00', '0.00', 53),
(9374, 13, 591, '0.00', '0.00', 4),
(9375, 11, 591, '0.00', '0.00', 54),
(9376, 13, 592, '0.00', '0.00', 80),
(9377, 11, 592, '0.00', '0.00', 205),
(9378, 13, 593, '0.00', '0.00', 10),
(9379, 11, 593, '0.00', '0.00', 0),
(9380, 13, 594, '0.00', '0.00', 6),
(9381, 11, 594, '0.00', '0.00', 71),
(9382, 13, 595, '0.00', '0.00', 8),
(9383, 11, 595, '0.00', '0.00', 111),
(9384, 13, 596, '0.00', '0.00', 12),
(9385, 11, 596, '0.00', '0.00', 64),
(9386, 13, 597, '0.00', '0.00', 55),
(9387, 11, 597, '0.00', '0.00', 7),
(9388, 13, 598, '0.00', '0.00', 0),
(9389, 11, 598, '0.00', '0.00', 4),
(9390, 13, 599, '0.00', '0.00', 3),
(9391, 11, 599, '0.00', '0.00', 10),
(9392, 13, 600, '0.00', '0.00', 4),
(9393, 11, 600, '0.00', '0.00', 20),
(9394, 13, 601, '0.00', '0.00', 79),
(9395, 11, 601, '0.00', '0.00', 0),
(9396, 13, 602, '0.00', '0.00', 100),
(9397, 11, 602, '0.00', '0.00', 215),
(9398, 13, 603, '0.00', '0.00', 0),
(9399, 11, 603, '0.00', '0.00', 12),
(9400, 13, 604, '0.00', '0.00', 0),
(9401, 11, 604, '0.00', '0.00', 69),
(9402, 13, 605, '0.00', '0.00', 36),
(9403, 11, 605, '0.00', '0.00', 116),
(9404, 13, 606, '0.00', '0.00', 0),
(9405, 11, 606, '0.00', '0.00', 110),
(9406, 13, 607, '0.00', '0.00', 1),
(9407, 11, 607, '0.00', '0.00', 9),
(9408, 13, 608, '0.00', '0.00', 5),
(9409, 11, 608, '0.00', '0.00', 43),
(9410, 13, 609, '0.00', '0.00', 18),
(9411, 11, 609, '0.00', '0.00', 0),
(9412, 13, 610, '0.00', '0.00', 15),
(9413, 11, 610, '0.00', '0.00', 79),
(9414, 13, 611, '0.00', '0.00', 100),
(9415, 11, 611, '0.00', '0.00', 121),
(9416, 13, 612, '0.00', '0.00', 8),
(9417, 11, 612, '0.00', '0.00', 25),
(9418, 13, 613, '0.00', '0.00', 32),
(9419, 11, 613, '0.00', '0.00', 49),
(9420, 13, 614, '0.00', '0.00', 27),
(9421, 11, 614, '0.00', '0.00', 74),
(9422, 13, 615, '0.00', '0.00', 59),
(9423, 11, 615, '0.00', '0.00', 84),
(9424, 13, 616, '0.00', '0.00', 0),
(9425, 11, 616, '0.00', '0.00', 86),
(9426, 13, 617, '0.00', '0.00', 8),
(9427, 11, 617, '0.00', '0.00', 0),
(9428, 13, 618, '0.00', '0.00', 23),
(9429, 11, 618, '0.00', '0.00', 47),
(9430, 13, 619, '0.00', '0.00', 0),
(9431, 11, 619, '0.00', '0.00', 11),
(9432, 13, 620, '0.00', '0.00', 110),
(9433, 11, 620, '0.00', '0.00', 403),
(9434, 13, 621, '0.00', '0.00', 0),
(9435, 11, 621, '0.00', '0.00', 20),
(9436, 13, 622, '0.00', '0.00', 104),
(9437, 11, 622, '0.00', '0.00', 186),
(9438, 13, 623, '0.00', '0.00', 20),
(9439, 11, 623, '0.00', '0.00', 0),
(9440, 13, 624, '0.00', '0.00', 43),
(9441, 11, 624, '0.00', '0.00', 24),
(9442, 13, 625, '0.00', '0.00', 0),
(9443, 11, 625, '0.00', '0.00', 679),
(9444, 13, 626, '0.00', '0.00', 70),
(9445, 11, 626, '0.00', '0.00', 30),
(9446, 13, 627, '0.00', '0.00', 60),
(9447, 11, 627, '0.00', '0.00', 113),
(9448, 13, 628, '0.00', '0.00', 12),
(9449, 11, 628, '0.00', '0.00', 111),
(9450, 13, 629, '0.00', '0.00', 0),
(9451, 11, 629, '0.00', '0.00', 51),
(9452, 13, 630, '0.00', '0.00', 0),
(9453, 11, 630, '0.00', '0.00', 10),
(9454, 13, 631, '0.00', '0.00', 0),
(9455, 11, 631, '0.00', '0.00', 7),
(9456, 13, 632, '0.00', '0.00', 11),
(9457, 11, 632, '0.00', '0.00', 76),
(9458, 13, 633, '0.00', '0.00', 3),
(9459, 11, 633, '0.00', '0.00', 76),
(9460, 13, 634, '0.00', '0.00', 0),
(9461, 11, 634, '0.00', '0.00', 29),
(9462, 13, 635, '0.00', '0.00', 12),
(9463, 11, 635, '0.00', '0.00', 5),
(9464, 13, 636, '0.00', '0.00', 0),
(9465, 11, 636, '0.00', '0.00', 16),
(9466, 13, 637, '0.00', '0.00', 3),
(9467, 11, 637, '0.00', '0.00', 2),
(9468, 13, 638, '0.00', '0.00', 0),
(9469, 11, 638, '0.00', '0.00', 9),
(9470, 13, 639, '0.00', '0.00', 71),
(9471, 11, 639, '0.00', '0.00', 439),
(9472, 13, 640, '0.00', '0.00', 0),
(9473, 11, 640, '0.00', '0.00', 215),
(9474, 13, 641, '0.00', '0.00', 0),
(9475, 11, 641, '0.00', '0.00', 6),
(9476, 13, 642, '0.00', '0.00', 20),
(9477, 11, 642, '0.00', '0.00', 145),
(9478, 13, 643, '0.00', '0.00', 0),
(9479, 11, 643, '0.00', '0.00', 19),
(9480, 13, 644, '0.00', '0.00', 16),
(9481, 11, 644, '0.00', '0.00', 84),
(9482, 13, 645, '0.00', '0.00', 4),
(9483, 11, 645, '0.00', '0.00', 54),
(9484, 13, 646, '0.00', '0.00', 18),
(9485, 11, 646, '0.00', '0.00', 25),
(9486, 13, 647, '0.00', '0.00', 10),
(9487, 11, 647, '0.00', '0.00', 32),
(9488, 13, 648, '0.00', '0.00', 24),
(9489, 11, 648, '0.00', '0.00', 31),
(9490, 13, 649, '0.00', '0.00', 0),
(9491, 11, 649, '0.00', '0.00', 0),
(9492, 13, 650, '0.00', '0.00', 0),
(9493, 11, 650, '0.00', '0.00', 19),
(9494, 13, 651, '0.00', '0.00', 4),
(9495, 11, 651, '0.00', '0.00', 6),
(9496, 13, 652, '0.00', '0.00', 0),
(9497, 11, 652, '0.00', '0.00', 10),
(9498, 13, 653, '0.00', '0.00', 2),
(9499, 11, 653, '0.00', '0.00', 0),
(9500, 13, 654, '0.00', '0.00', 12),
(9501, 11, 654, '0.00', '0.00', 29),
(9502, 13, 655, '0.00', '0.00', 20),
(9503, 11, 655, '0.00', '0.00', 21),
(9504, 13, 656, '0.00', '0.00', 0),
(9505, 11, 656, '0.00', '0.00', 2),
(9506, 13, 657, '0.00', '0.00', 0),
(9507, 11, 657, '0.00', '0.00', 4),
(9508, 13, 658, '0.00', '0.00', 0),
(9509, 11, 658, '0.00', '0.00', 196),
(9510, 13, 659, '0.00', '0.00', 0),
(9511, 11, 659, '0.00', '0.00', 34),
(9512, 13, 660, '0.00', '0.00', 0),
(9513, 11, 660, '0.00', '0.00', 8),
(9514, 13, 661, '0.00', '0.00', 195),
(9515, 11, 661, '0.00', '0.00', 670),
(9516, 13, 662, '0.00', '0.00', 12),
(9517, 11, 662, '0.00', '0.00', 110),
(9518, 13, 663, '0.00', '0.00', 129),
(9519, 11, 663, '0.00', '0.00', 217),
(9520, 13, 664, '0.00', '0.00', 19),
(9521, 11, 664, '0.00', '0.00', 140),
(9522, 13, 665, '0.00', '0.00', 147),
(9523, 11, 665, '0.00', '0.00', 179),
(9524, 13, 666, '0.00', '0.00', 28),
(9525, 11, 666, '0.00', '0.00', 82),
(9526, 13, 667, '0.00', '0.00', 6),
(9527, 11, 667, '0.00', '0.00', 126),
(9528, 13, 668, '0.00', '0.00', 3),
(9529, 11, 668, '0.00', '0.00', 168),
(9530, 13, 669, '0.00', '0.00', 3),
(9531, 11, 669, '0.00', '0.00', 0),
(9532, 13, 670, '0.00', '0.00', 216),
(9533, 11, 670, '0.00', '0.00', 539),
(9534, 13, 671, '0.00', '0.00', 150),
(9535, 11, 671, '0.00', '0.00', 637),
(9536, 13, 672, '0.00', '0.00', 107),
(9537, 11, 672, '0.00', '0.00', 1343),
(9538, 13, 673, '0.00', '0.00', 106),
(9539, 11, 673, '0.00', '0.00', 456),
(9540, 13, 674, '0.00', '0.00', 53),
(9541, 11, 674, '0.00', '0.00', 531),
(9542, 13, 675, '0.00', '0.00', 10),
(9543, 11, 675, '0.00', '0.00', 321),
(9544, 13, 676, '0.00', '0.00', 110),
(9545, 11, 676, '0.00', '0.00', 135),
(9546, 13, 677, '0.00', '0.00', 0),
(9547, 11, 677, '0.00', '0.00', 100),
(9548, 13, 678, '0.00', '0.00', 60),
(9549, 11, 678, '0.00', '0.00', 253),
(9550, 13, 679, '0.00', '0.00', 88),
(9551, 11, 679, '0.00', '0.00', 104),
(9552, 13, 680, '0.00', '0.00', 48),
(9553, 11, 680, '0.00', '0.00', 30),
(9554, 13, 681, '0.00', '0.00', 64),
(9555, 11, 681, '0.00', '0.00', 85),
(9556, 13, 682, '0.00', '0.00', 0),
(9557, 11, 682, '0.00', '0.00', 23),
(9558, 13, 683, '0.00', '0.00', 5),
(9559, 11, 683, '0.00', '0.00', 16),
(9560, 13, 684, '0.00', '0.00', 25),
(9561, 11, 684, '0.00', '0.00', 8),
(9562, 13, 685, '0.00', '0.00', 11),
(9563, 11, 685, '0.00', '0.00', 47),
(9564, 13, 686, '0.00', '0.00', 0),
(9565, 11, 686, '0.00', '0.00', 65),
(9566, 13, 687, '0.00', '0.00', 80),
(9567, 11, 687, '0.00', '0.00', 13),
(9568, 13, 688, '0.00', '0.00', 0),
(9569, 11, 688, '0.00', '0.00', 0),
(9570, 13, 689, '0.00', '0.00', 47),
(9571, 11, 689, '0.00', '0.00', 80),
(9572, 13, 690, '0.00', '0.00', 0),
(9573, 11, 690, '0.00', '0.00', 12),
(9574, 13, 691, '0.00', '0.00', 33),
(9575, 11, 691, '0.00', '0.00', 184),
(9576, 13, 692, '0.00', '0.00', 36),
(9577, 11, 692, '0.00', '0.00', 32),
(9578, 13, 693, '0.00', '0.00', 48),
(9579, 11, 693, '0.00', '0.00', 256),
(9580, 13, 694, '0.00', '0.00', 59),
(9581, 11, 694, '0.00', '0.00', 215),
(9582, 13, 695, '0.00', '0.00', 30),
(9583, 11, 695, '0.00', '0.00', 133),
(9584, 13, 696, '0.00', '0.00', 31),
(9585, 11, 696, '0.00', '0.00', 50),
(9586, 13, 697, '0.00', '0.00', 30),
(9587, 11, 697, '0.00', '0.00', 101),
(9588, 13, 698, '0.00', '0.00', 0),
(9589, 11, 698, '0.00', '0.00', 32),
(9590, 13, 699, '0.00', '0.00', 16),
(9591, 11, 699, '0.00', '0.00', 26),
(9592, 13, 700, '0.00', '0.00', 0),
(9593, 11, 700, '0.00', '0.00', 28),
(9594, 13, 701, '0.00', '0.00', 5),
(9595, 11, 701, '0.00', '0.00', 31),
(9596, 13, 702, '0.00', '0.00', 7),
(9597, 11, 702, '0.00', '0.00', 35),
(9598, 13, 703, '0.00', '0.00', 2),
(9599, 11, 703, '0.00', '0.00', 6),
(9600, 13, 704, '0.00', '0.00', 0),
(9601, 11, 704, '0.00', '0.00', 1),
(9602, 13, 705, '0.00', '0.00', 2),
(9603, 11, 705, '0.00', '0.00', 25),
(9604, 13, 706, '0.00', '0.00', 0),
(9605, 11, 706, '0.00', '0.00', 54),
(9606, 13, 707, '0.00', '0.00', 6),
(9607, 11, 707, '0.00', '0.00', 38),
(9608, 13, 708, '0.00', '0.00', 3),
(9609, 11, 708, '0.00', '0.00', 21),
(9610, 13, 709, '0.00', '0.00', 2),
(9611, 11, 709, '0.00', '0.00', 21),
(9612, 13, 710, '0.00', '0.00', 7),
(9613, 11, 710, '0.00', '0.00', 39),
(9614, 13, 711, '0.00', '0.00', 18),
(9615, 11, 711, '0.00', '0.00', 29),
(9616, 13, 712, '0.00', '0.00', 5),
(9617, 11, 712, '0.00', '0.00', 45),
(9618, 13, 713, '0.00', '0.00', 5),
(9619, 11, 713, '0.00', '0.00', 26),
(9620, 13, 714, '0.00', '0.00', 0),
(9621, 11, 714, '0.00', '0.00', 155),
(9622, 13, 715, '0.00', '0.00', 3),
(9623, 11, 715, '0.00', '0.00', 113),
(9624, 13, 716, '0.00', '0.00', 0),
(9625, 11, 716, '0.00', '0.00', 898),
(9626, 13, 717, '0.00', '0.00', 10),
(9627, 11, 717, '0.00', '0.00', 197),
(9628, 13, 718, '0.00', '0.00', 0),
(9629, 11, 718, '0.00', '0.00', 40),
(9630, 13, 719, '0.00', '0.00', 0),
(9631, 11, 719, '0.00', '0.00', 40),
(9632, 13, 720, '0.00', '0.00', 27),
(9633, 11, 720, '0.00', '0.00', 66),
(9634, 13, 721, '0.00', '0.00', 0),
(9635, 11, 721, '0.00', '0.00', 99),
(9636, 13, 722, '0.00', '0.00', 0),
(9637, 11, 722, '0.00', '0.00', 4),
(9638, 13, 723, '0.00', '0.00', 0),
(9639, 11, 723, '0.00', '0.00', 26),
(9640, 13, 724, '0.00', '0.00', 37),
(9641, 11, 724, '0.00', '0.00', 150),
(9642, 13, 725, '0.00', '0.00', 0);
INSERT INTO `warehouse_stock` (`id`, `warehouse_id`, `product_id`, `weight_kg`, `volume_cbm`, `total_pieces`) VALUES
(9643, 11, 725, '0.00', '0.00', 43),
(9644, 13, 726, '0.00', '0.00', 2),
(9645, 11, 726, '0.00', '0.00', 50),
(9646, 13, 727, '0.00', '0.00', 42),
(9647, 11, 727, '0.00', '0.00', 205),
(9648, 13, 728, '0.00', '0.00', 18),
(9649, 11, 728, '0.00', '0.00', 73),
(9650, 13, 729, '0.00', '0.00', 0),
(9651, 11, 729, '0.00', '0.00', 6),
(9652, 13, 730, '0.00', '0.00', 8),
(9653, 11, 730, '0.00', '0.00', 28),
(9654, 13, 731, '0.00', '0.00', 0),
(9655, 11, 731, '0.00', '0.00', 38),
(9656, 13, 732, '0.00', '0.00', 0),
(9657, 11, 732, '0.00', '0.00', 19),
(9658, 13, 733, '0.00', '0.00', 2),
(9659, 11, 733, '0.00', '0.00', 25),
(9660, 13, 734, '0.00', '0.00', 0),
(9661, 11, 734, '0.00', '0.00', 4),
(9662, 13, 735, '0.00', '0.00', 0),
(9663, 11, 735, '0.00', '0.00', 7),
(9664, 13, 736, '0.00', '0.00', 45),
(9665, 11, 736, '0.00', '0.00', 96),
(9666, 13, 737, '0.00', '0.00', 12),
(9667, 11, 737, '0.00', '0.00', 151),
(9668, 13, 738, '0.00', '0.00', 18),
(9669, 11, 738, '0.00', '0.00', 83),
(9670, 13, 739, '0.00', '0.00', 12),
(9671, 11, 739, '0.00', '0.00', 195),
(9672, 13, 740, '0.00', '0.00', 7),
(9673, 11, 740, '0.00', '0.00', 58),
(9674, 13, 741, '0.00', '0.00', 3),
(9675, 11, 741, '0.00', '0.00', 55),
(9676, 13, 742, '0.00', '0.00', 0),
(9677, 11, 742, '0.00', '0.00', 2),
(9678, 13, 743, '0.00', '0.00', 10),
(9679, 11, 743, '0.00', '0.00', 167),
(9680, 13, 744, '0.00', '0.00', 10),
(9681, 11, 744, '0.00', '0.00', 85),
(9682, 13, 745, '0.00', '0.00', 12),
(9683, 11, 745, '0.00', '0.00', 62),
(9684, 13, 746, '0.00', '0.00', 5),
(9685, 11, 746, '0.00', '0.00', 51),
(9686, 13, 747, '0.00', '0.00', 0),
(9687, 11, 747, '0.00', '0.00', 11),
(9688, 13, 748, '0.00', '0.00', 10),
(9689, 11, 748, '0.00', '0.00', 90),
(9690, 13, 749, '0.00', '0.00', 0),
(9691, 11, 749, '0.00', '0.00', 36),
(9692, 13, 750, '0.00', '0.00', 10),
(9693, 11, 750, '0.00', '0.00', 100),
(9694, 13, 751, '0.00', '0.00', 9),
(9695, 11, 751, '0.00', '0.00', 20),
(9696, 13, 752, '0.00', '0.00', 5),
(9697, 11, 752, '0.00', '0.00', 15),
(9698, 13, 753, '0.00', '0.00', 12),
(9699, 11, 753, '0.00', '0.00', 30),
(9700, 13, 754, '0.00', '0.00', 0),
(9701, 11, 754, '0.00', '0.00', 485),
(9702, 13, 755, '0.00', '0.00', 151),
(9703, 11, 755, '0.00', '0.00', 806),
(9704, 13, 756, '0.00', '0.00', 0),
(9705, 11, 756, '0.00', '0.00', 268),
(9706, 13, 757, '0.00', '0.00', 261),
(9707, 11, 757, '0.00', '0.00', 265),
(9708, 13, 758, '0.00', '0.00', 4),
(9709, 11, 758, '0.00', '0.00', 7),
(9710, 13, 759, '0.00', '0.00', 3),
(9711, 11, 759, '0.00', '0.00', 3),
(9712, 13, 760, '0.00', '0.00', 7),
(9713, 11, 760, '0.00', '0.00', 26),
(9714, 13, 761, '0.00', '0.00', 0),
(9715, 11, 761, '0.00', '0.00', 3),
(9716, 13, 762, '0.00', '0.00', 0),
(9717, 11, 762, '0.00', '0.00', 5),
(9718, 13, 763, '0.00', '0.00', 4),
(9719, 11, 763, '0.00', '0.00', 10),
(9720, 13, 764, '0.00', '0.00', 0),
(9721, 11, 764, '0.00', '0.00', 2),
(9722, 13, 765, '0.00', '0.00', 2),
(9723, 11, 765, '0.00', '0.00', 3),
(9724, 13, 766, '0.00', '0.00', 2),
(9725, 11, 766, '0.00', '0.00', 1),
(9726, 13, 767, '0.00', '0.00', 13),
(9727, 11, 767, '0.00', '0.00', 0),
(9728, 13, 768, '0.00', '0.00', 3),
(9729, 11, 768, '0.00', '0.00', 1),
(9730, 13, 769, '0.00', '0.00', 5),
(9731, 11, 769, '0.00', '0.00', 0),
(9732, 13, 770, '0.00', '0.00', 0),
(9733, 11, 770, '0.00', '0.00', 0),
(9734, 13, 771, '0.00', '0.00', 0),
(9735, 11, 771, '0.00', '0.00', 0),
(9736, 13, 772, '0.00', '0.00', 0),
(9737, 11, 772, '0.00', '0.00', 11),
(9738, 13, 773, '0.00', '0.00', 0),
(9739, 11, 773, '0.00', '0.00', 6),
(9740, 13, 774, '0.00', '0.00', 0),
(9741, 11, 774, '0.00', '0.00', 19),
(9742, 13, 775, '0.00', '0.00', 12),
(9743, 11, 775, '0.00', '0.00', 11),
(9744, 13, 776, '0.00', '0.00', 3),
(9745, 11, 776, '0.00', '0.00', 44),
(9746, 13, 777, '0.00', '0.00', 0),
(9747, 11, 777, '0.00', '0.00', 3),
(9748, 13, 778, '0.00', '0.00', 22),
(9749, 11, 778, '0.00', '0.00', 6),
(9750, 13, 779, '0.00', '0.00', 0),
(9751, 11, 779, '0.00', '0.00', 2),
(9752, 13, 780, '0.00', '0.00', 0),
(9753, 11, 780, '0.00', '0.00', 1),
(9754, 13, 781, '0.00', '0.00', 2),
(9755, 11, 781, '0.00', '0.00', 0),
(9756, 13, 782, '0.00', '0.00', 12),
(9757, 11, 782, '0.00', '0.00', 28),
(9758, 13, 783, '0.00', '0.00', 0),
(9759, 11, 783, '0.00', '0.00', 6),
(9760, 13, 784, '0.00', '0.00', 0),
(9761, 11, 784, '0.00', '0.00', 36),
(9762, 13, 785, '0.00', '0.00', 15),
(9763, 11, 785, '0.00', '0.00', 51),
(9764, 13, 786, '0.00', '0.00', 1),
(9765, 11, 786, '0.00', '0.00', 8),
(9766, 13, 787, '0.00', '0.00', 2),
(9767, 11, 787, '0.00', '0.00', 3),
(9768, 13, 788, '0.00', '0.00', 0),
(9769, 11, 788, '0.00', '0.00', 1),
(9770, 13, 789, '0.00', '0.00', 5),
(9771, 11, 789, '0.00', '0.00', 3),
(9772, 13, 790, '0.00', '0.00', 8),
(9773, 11, 790, '0.00', '0.00', 13),
(9774, 13, 791, '0.00', '0.00', 2),
(9775, 11, 791, '0.00', '0.00', 4),
(9776, 13, 792, '0.00', '0.00', 0),
(9777, 11, 792, '0.00', '0.00', 2),
(9778, 13, 793, '0.00', '0.00', 12),
(9779, 11, 793, '0.00', '0.00', 15),
(9780, 13, 794, '0.00', '0.00', 2),
(9781, 11, 794, '0.00', '0.00', 2),
(9782, 13, 795, '0.00', '0.00', 6),
(9783, 11, 795, '0.00', '0.00', 13),
(9784, 13, 796, '0.00', '0.00', 0),
(9785, 11, 796, '0.00', '0.00', 20),
(9786, 13, 797, '0.00', '0.00', 5),
(9787, 11, 797, '0.00', '0.00', 45),
(9788, 13, 798, '0.00', '0.00', 0),
(9789, 11, 798, '0.00', '0.00', 86),
(9790, 13, 799, '0.00', '0.00', 0),
(9791, 11, 799, '0.00', '0.00', 72),
(9792, 13, 800, '0.00', '0.00', 199),
(9793, 11, 800, '0.00', '0.00', 386),
(9794, 13, 801, '0.00', '0.00', 0),
(9795, 11, 801, '0.00', '0.00', 9),
(9796, 13, 802, '0.00', '0.00', 40),
(9797, 11, 802, '0.00', '0.00', 131),
(9798, 13, 803, '0.00', '0.00', 9),
(9799, 11, 803, '0.00', '0.00', 58),
(9800, 13, 804, '0.00', '0.00', 40),
(9801, 11, 804, '0.00', '0.00', 148),
(9802, 13, 805, '0.00', '0.00', 40),
(9803, 11, 805, '0.00', '0.00', 114),
(9804, 13, 806, '0.00', '0.00', 75),
(9805, 11, 806, '0.00', '0.00', 79),
(9806, 13, 807, '0.00', '0.00', 125),
(9807, 11, 807, '0.00', '0.00', 23),
(9808, 13, 808, '0.00', '0.00', 26),
(9809, 11, 808, '0.00', '0.00', 92),
(9810, 13, 809, '0.00', '0.00', 105),
(9811, 11, 809, '0.00', '0.00', 35),
(9812, 13, 810, '0.00', '0.00', 50),
(9813, 11, 810, '0.00', '0.00', 94),
(9814, 13, 811, '0.00', '0.00', 0),
(9815, 11, 811, '0.00', '0.00', 215),
(9816, 13, 812, '0.00', '0.00', 0),
(9817, 11, 812, '0.00', '0.00', 31),
(9818, 13, 813, '0.00', '0.00', 55),
(9819, 11, 813, '0.00', '0.00', 0),
(9820, 13, 814, '0.00', '0.00', 0),
(9821, 11, 814, '0.00', '0.00', 14),
(9822, 13, 815, '0.00', '0.00', 36),
(9823, 11, 815, '0.00', '0.00', 96),
(9824, 13, 816, '0.00', '0.00', 224),
(9825, 11, 816, '0.00', '0.00', 45),
(9826, 13, 817, '0.00', '0.00', 19),
(9827, 11, 817, '0.00', '0.00', 2),
(9828, 13, 818, '0.00', '0.00', 0),
(9829, 11, 818, '0.00', '0.00', 112),
(9830, 13, 819, '0.00', '0.00', 0),
(9831, 11, 819, '0.00', '0.00', 20),
(9832, 13, 820, '0.00', '0.00', 0),
(9833, 11, 820, '0.00', '0.00', 18),
(9834, 13, 821, '0.00', '0.00', 55),
(9835, 11, 821, '0.00', '0.00', 0),
(9836, 13, 822, '0.00', '0.00', 1),
(9837, 11, 822, '0.00', '0.00', 0),
(9838, 13, 823, '0.00', '0.00', 0),
(9839, 11, 823, '0.00', '0.00', 3),
(9840, 13, 824, '0.00', '0.00', 0),
(9841, 11, 824, '0.00', '0.00', 13),
(9842, 13, 825, '0.00', '0.00', 0),
(9843, 11, 825, '0.00', '0.00', 32),
(9844, 13, 826, '0.00', '0.00', 0),
(9845, 11, 826, '0.00', '0.00', 20),
(9846, 13, 827, '0.00', '0.00', 1),
(9847, 11, 827, '0.00', '0.00', 1),
(9848, 13, 828, '0.00', '0.00', 0),
(9849, 11, 828, '0.00', '0.00', 1),
(9850, 13, 829, '0.00', '0.00', 13),
(9851, 11, 829, '0.00', '0.00', 28),
(9852, 13, 830, '0.00', '0.00', 1),
(9853, 11, 830, '0.00', '0.00', 0),
(9854, 13, 831, '0.00', '0.00', 1),
(9855, 11, 831, '0.00', '0.00', 6),
(9856, 13, 832, '0.00', '0.00', 3),
(9857, 11, 832, '0.00', '0.00', 5),
(9858, 13, 833, '0.00', '0.00', 2),
(9859, 11, 833, '0.00', '0.00', 7),
(9860, 13, 834, '0.00', '0.00', 2),
(9861, 11, 834, '0.00', '0.00', 45),
(9862, 13, 835, '0.00', '0.00', 0),
(9863, 11, 835, '0.00', '0.00', 25),
(9864, 13, 836, '0.00', '0.00', 0),
(9865, 11, 836, '0.00', '0.00', 0),
(9866, 13, 837, '0.00', '0.00', 68),
(9867, 11, 837, '0.00', '0.00', 16),
(9868, 13, 838, '0.00', '0.00', 110),
(9869, 11, 838, '0.00', '0.00', 98),
(9870, 13, 839, '0.00', '0.00', 0),
(9871, 11, 839, '0.00', '0.00', 16),
(9872, 13, 840, '0.00', '0.00', 4),
(9873, 11, 840, '0.00', '0.00', 0),
(9874, 13, 841, '0.00', '0.00', 80),
(9875, 11, 841, '0.00', '0.00', 8),
(9876, 13, 842, '0.00', '0.00', 72),
(9877, 11, 842, '0.00', '0.00', 0),
(9878, 13, 843, '0.00', '0.00', 190),
(9879, 11, 843, '0.00', '0.00', 125),
(9880, 13, 844, '0.00', '0.00', 0),
(9881, 11, 844, '0.00', '0.00', 8),
(9882, 13, 845, '0.00', '0.00', 0),
(9883, 11, 845, '0.00', '0.00', 1),
(9884, 13, 846, '0.00', '0.00', 18),
(9885, 11, 846, '0.00', '0.00', 59),
(9886, 13, 847, '0.00', '0.00', 0),
(9887, 11, 847, '0.00', '0.00', 0),
(9888, 13, 848, '0.00', '0.00', 2),
(9889, 11, 848, '0.00', '0.00', 1),
(9890, 13, 849, '0.00', '0.00', 1),
(9891, 11, 849, '0.00', '0.00', 2),
(9892, 13, 850, '0.00', '0.00', 1),
(9893, 11, 850, '0.00', '0.00', 4),
(9894, 13, 851, '0.00', '0.00', 1),
(9895, 11, 851, '0.00', '0.00', 3),
(9896, 13, 852, '0.00', '0.00', 2),
(9897, 11, 852, '0.00', '0.00', 3),
(9898, 13, 853, '0.00', '0.00', 1),
(9899, 11, 853, '0.00', '0.00', 1),
(9900, 13, 854, '0.00', '0.00', 6),
(9901, 11, 854, '0.00', '0.00', 9),
(9902, 13, 855, '0.00', '0.00', 5),
(9903, 11, 855, '0.00', '0.00', 1),
(9904, 13, 856, '0.00', '0.00', 0),
(9905, 11, 856, '0.00', '0.00', 1),
(9906, 13, 857, '0.00', '0.00', 37),
(9907, 11, 857, '0.00', '0.00', 21),
(9908, 13, 858, '0.00', '0.00', 8),
(9909, 11, 858, '0.00', '0.00', 100),
(9910, 13, 859, '0.00', '0.00', 3),
(9911, 11, 859, '0.00', '0.00', 19),
(9912, 13, 860, '0.00', '0.00', 0),
(9913, 11, 860, '0.00', '0.00', 4),
(9914, 13, 861, '0.00', '0.00', 0),
(9915, 11, 861, '0.00', '0.00', 0),
(9916, 13, 862, '0.00', '0.00', 0),
(9917, 11, 862, '0.00', '0.00', 234),
(9918, 13, 863, '0.00', '0.00', 135),
(9919, 11, 863, '0.00', '0.00', 135),
(9920, 13, 864, '0.00', '0.00', 65),
(9921, 11, 864, '0.00', '0.00', 0),
(9922, 13, 865, '0.00', '0.00', 63),
(9923, 11, 865, '0.00', '0.00', 151),
(9924, 13, 866, '0.00', '0.00', 77),
(9925, 11, 866, '0.00', '0.00', 129),
(9926, 13, 867, '0.00', '0.00', 79),
(9927, 11, 867, '0.00', '0.00', 221),
(9928, 13, 868, '0.00', '0.00', 0),
(9929, 11, 868, '0.00', '0.00', 113),
(9930, 13, 869, '0.00', '0.00', 0),
(9931, 11, 869, '0.00', '0.00', 25),
(9932, 13, 870, '0.00', '0.00', 0),
(9933, 11, 870, '0.00', '0.00', 13),
(9934, 13, 871, '0.00', '0.00', 0),
(9935, 11, 871, '0.00', '0.00', 44),
(9936, 13, 872, '0.00', '0.00', 0),
(9937, 11, 872, '0.00', '0.00', 121),
(9938, 13, 873, '0.00', '0.00', 0),
(9939, 11, 873, '0.00', '0.00', 65),
(9940, 13, 874, '0.00', '0.00', 0),
(9941, 11, 874, '0.00', '0.00', 220),
(9942, 13, 875, '0.00', '0.00', 0),
(9943, 11, 875, '0.00', '0.00', 90),
(9944, 13, 876, '0.00', '0.00', 0),
(9945, 11, 876, '0.00', '0.00', 33),
(9946, 13, 877, '0.00', '0.00', 20),
(9947, 11, 877, '0.00', '0.00', 92),
(9948, 13, 878, '0.00', '0.00', 40),
(9949, 11, 878, '0.00', '0.00', 210),
(9950, 13, 879, '0.00', '0.00', 20),
(9951, 11, 879, '0.00', '0.00', 72),
(9952, 13, 880, '0.00', '0.00', 20),
(9953, 11, 880, '0.00', '0.00', 79),
(9954, 13, 881, '0.00', '0.00', 0),
(9955, 11, 881, '0.00', '0.00', 106),
(9956, 13, 882, '0.00', '0.00', 26),
(9957, 11, 882, '0.00', '0.00', 158),
(9958, 13, 883, '0.00', '0.00', 0),
(9959, 11, 883, '0.00', '0.00', 31),
(9960, 13, 884, '0.00', '0.00', 0),
(9961, 11, 884, '0.00', '0.00', 5),
(9962, 13, 885, '0.00', '0.00', 0),
(9963, 11, 885, '0.00', '0.00', 80),
(9964, 13, 886, '0.00', '0.00', 0),
(9965, 11, 886, '0.00', '0.00', 20),
(9966, 13, 887, '0.00', '0.00', 0),
(9967, 11, 887, '0.00', '0.00', 30),
(9968, 13, 888, '0.00', '0.00', 0),
(9969, 11, 888, '0.00', '0.00', 100),
(9970, 13, 889, '0.00', '0.00', 0),
(9971, 11, 889, '0.00', '0.00', 30),
(9972, 13, 890, '0.00', '0.00', 0),
(9973, 11, 890, '0.00', '0.00', 15),
(9974, 13, 891, '0.00', '0.00', 0),
(9975, 11, 891, '0.00', '0.00', 57),
(9976, 13, 892, '0.00', '0.00', 0),
(9977, 11, 892, '0.00', '0.00', 55),
(9978, 13, 893, '0.00', '0.00', 0),
(9979, 11, 893, '0.00', '0.00', 49),
(9980, 13, 894, '0.00', '0.00', 0),
(9981, 11, 894, '0.00', '0.00', 78),
(9982, 13, 895, '0.00', '0.00', 0),
(9983, 11, 895, '0.00', '0.00', 13),
(9984, 13, 896, '0.00', '0.00', 0),
(9985, 11, 896, '0.00', '0.00', 33),
(9986, 13, 897, '0.00', '0.00', 0),
(9987, 11, 897, '0.00', '0.00', 117),
(9988, 13, 898, '0.00', '0.00', 0),
(9989, 11, 898, '0.00', '0.00', 59),
(9990, 13, 899, '0.00', '0.00', 0),
(9991, 11, 899, '0.00', '0.00', 3),
(9992, 13, 900, '0.00', '0.00', 0),
(9993, 11, 900, '0.00', '0.00', 41),
(9994, 13, 901, '0.00', '0.00', 0),
(9995, 11, 901, '0.00', '0.00', 20),
(9996, 13, 902, '0.00', '0.00', 0),
(9997, 11, 902, '0.00', '0.00', 45),
(9998, 13, 903, '0.00', '0.00', 0),
(9999, 11, 903, '0.00', '0.00', 2),
(10000, 13, 904, '0.00', '0.00', 0),
(10001, 11, 904, '0.00', '0.00', 50),
(10002, 13, 905, '0.00', '0.00', 0),
(10003, 11, 905, '0.00', '0.00', 65),
(10004, 13, 906, '0.00', '0.00', 0),
(10005, 11, 906, '0.00', '0.00', 23),
(10006, 13, 907, '0.00', '0.00', 0),
(10007, 11, 907, '0.00', '0.00', 15),
(10008, 13, 908, '0.00', '0.00', 0),
(10009, 11, 908, '0.00', '0.00', 91),
(10010, 13, 909, '0.00', '0.00', 0),
(10011, 11, 909, '0.00', '0.00', 97),
(10012, 13, 910, '0.00', '0.00', 0),
(10013, 11, 910, '0.00', '0.00', 183),
(10014, 13, 911, '0.00', '0.00', 0),
(10015, 11, 911, '0.00', '0.00', 98),
(10016, 13, 912, '0.00', '0.00', 0),
(10017, 11, 912, '0.00', '0.00', 103),
(10018, 13, 913, '0.00', '0.00', 0),
(10019, 11, 913, '0.00', '0.00', 10),
(10020, 13, 914, '0.00', '0.00', 0),
(10021, 11, 914, '0.00', '0.00', 126),
(10022, 13, 915, '0.00', '0.00', 0),
(10023, 11, 915, '0.00', '0.00', 45),
(10024, 13, 916, '0.00', '0.00', 0),
(10025, 11, 916, '0.00', '0.00', 43),
(10026, 13, 917, '0.00', '0.00', 0),
(10027, 11, 917, '0.00', '0.00', 36),
(10028, 13, 918, '0.00', '0.00', 0),
(10029, 11, 918, '0.00', '0.00', 47),
(10030, 13, 919, '0.00', '0.00', 0),
(10031, 11, 919, '0.00', '0.00', 26),
(10032, 13, 920, '0.00', '0.00', 0),
(10033, 11, 920, '0.00', '0.00', 47),
(10034, 13, 921, '0.00', '0.00', 0),
(10035, 11, 921, '0.00', '0.00', 47),
(10036, 13, 922, '0.00', '0.00', 0),
(10037, 11, 922, '0.00', '0.00', 36),
(10038, 13, 923, '0.00', '0.00', 0),
(10039, 11, 923, '0.00', '0.00', 42),
(10040, 13, 924, '0.00', '0.00', 0),
(10041, 11, 924, '0.00', '0.00', 35),
(10042, 13, 925, '0.00', '0.00', 0),
(10043, 11, 925, '0.00', '0.00', 27),
(10044, 13, 926, '0.00', '0.00', 0),
(10045, 11, 926, '0.00', '0.00', 14),
(10046, 13, 927, '0.00', '0.00', 0),
(10047, 11, 927, '0.00', '0.00', 0),
(10048, 13, 928, '0.00', '0.00', 0),
(10049, 11, 928, '0.00', '0.00', 66),
(10050, 13, 929, '0.00', '0.00', 0),
(10051, 11, 929, '0.00', '0.00', 10),
(10052, 13, 930, '0.00', '0.00', 0),
(10053, 11, 930, '0.00', '0.00', 4),
(10054, 13, 931, '0.00', '0.00', 0),
(10055, 11, 931, '0.00', '0.00', 50),
(10056, 13, 932, '0.00', '0.00', 0),
(10057, 11, 932, '0.00', '0.00', 22),
(10058, 13, 933, '0.00', '0.00', 0),
(10059, 11, 933, '0.00', '0.00', 5),
(10060, 13, 934, '0.00', '0.00', 9),
(10061, 11, 934, '0.00', '0.00', 12),
(10062, 13, 935, '0.00', '0.00', 10),
(10063, 11, 935, '0.00', '0.00', 13),
(10064, 13, 936, '0.00', '0.00', 24),
(10065, 11, 936, '0.00', '0.00', 16),
(10066, 13, 937, '0.00', '0.00', 25),
(10067, 11, 937, '0.00', '0.00', 65),
(10068, 13, 938, '0.00', '0.00', 18),
(10069, 11, 938, '0.00', '0.00', 58),
(10070, 13, 939, '0.00', '0.00', 10),
(10071, 11, 939, '0.00', '0.00', 2),
(10072, 13, 940, '0.00', '0.00', 12),
(10073, 11, 940, '0.00', '0.00', 36),
(10074, 13, 941, '0.00', '0.00', 4),
(10075, 11, 941, '0.00', '0.00', 12),
(10076, 13, 942, '0.00', '0.00', 7),
(10077, 11, 942, '0.00', '0.00', 5),
(10078, 13, 943, '0.00', '0.00', 6),
(10079, 11, 943, '0.00', '0.00', 29),
(10080, 13, 944, '0.00', '0.00', 3),
(10081, 11, 944, '0.00', '0.00', 49),
(10082, 13, 945, '0.00', '0.00', 15),
(10083, 11, 945, '0.00', '0.00', 30),
(10084, 13, 946, '0.00', '0.00', 5),
(10085, 11, 946, '0.00', '0.00', 84),
(10086, 13, 947, '0.00', '0.00', 3),
(10087, 11, 947, '0.00', '0.00', 20),
(10088, 13, 948, '0.00', '0.00', 21),
(10089, 11, 948, '0.00', '0.00', 48),
(10090, 13, 949, '0.00', '0.00', 10),
(10091, 11, 949, '0.00', '0.00', 84),
(10092, 13, 950, '0.00', '0.00', 3),
(10093, 11, 950, '0.00', '0.00', 39),
(10094, 13, 951, '0.00', '0.00', 6),
(10095, 11, 951, '0.00', '0.00', 27),
(10096, 13, 952, '0.00', '0.00', 5),
(10097, 11, 952, '0.00', '0.00', 40),
(10098, 13, 953, '0.00', '0.00', 12),
(10099, 11, 953, '0.00', '0.00', 48),
(10100, 13, 954, '0.00', '0.00', 11),
(10101, 11, 954, '0.00', '0.00', 5),
(10102, 13, 955, '0.00', '0.00', 13),
(10103, 11, 955, '0.00', '0.00', 10),
(10104, 13, 956, '0.00', '0.00', 0),
(10105, 11, 956, '0.00', '0.00', 9),
(10106, 13, 957, '0.00', '0.00', 12),
(10107, 11, 957, '0.00', '0.00', 14),
(10108, 13, 958, '0.00', '0.00', 0),
(10109, 11, 958, '0.00', '0.00', 8),
(10110, 13, 959, '0.00', '0.00', 5),
(10111, 11, 959, '0.00', '0.00', 22),
(10112, 13, 960, '0.00', '0.00', 5),
(10113, 11, 960, '0.00', '0.00', 0),
(10114, 13, 961, '0.00', '0.00', 19),
(10115, 11, 961, '0.00', '0.00', 39),
(10116, 13, 962, '0.00', '0.00', 0),
(10117, 11, 962, '0.00', '0.00', 5),
(10118, 13, 963, '0.00', '0.00', 12),
(10119, 11, 963, '0.00', '0.00', 14),
(10120, 13, 964, '0.00', '0.00', 20),
(10121, 11, 964, '0.00', '0.00', 29),
(10122, 13, 965, '0.00', '0.00', 0),
(10123, 11, 965, '0.00', '0.00', 5),
(10124, 13, 966, '0.00', '0.00', 5),
(10125, 11, 966, '0.00', '0.00', 52),
(10126, 13, 967, '0.00', '0.00', 5),
(10127, 11, 967, '0.00', '0.00', 29),
(10128, 13, 968, '0.00', '0.00', 7),
(10129, 11, 968, '0.00', '0.00', 15),
(10130, 13, 969, '0.00', '0.00', 4),
(10131, 11, 969, '0.00', '0.00', 19),
(10132, 13, 970, '0.00', '0.00', 9),
(10133, 11, 970, '0.00', '0.00', 58),
(10134, 13, 971, '0.00', '0.00', 3),
(10135, 11, 971, '0.00', '0.00', 19),
(10136, 13, 972, '0.00', '0.00', 7),
(10137, 11, 972, '0.00', '0.00', 17),
(10138, 13, 973, '0.00', '0.00', 15),
(10139, 11, 973, '0.00', '0.00', 55),
(10140, 13, 974, '0.00', '0.00', 0),
(10141, 11, 974, '0.00', '0.00', 2),
(10142, 13, 975, '0.00', '0.00', 0),
(10143, 11, 975, '0.00', '0.00', 1),
(10144, 13, 976, '0.00', '0.00', 1),
(10145, 11, 976, '0.00', '0.00', 41),
(10146, 13, 977, '0.00', '0.00', 4),
(10147, 11, 977, '0.00', '0.00', 2),
(10148, 13, 978, '0.00', '0.00', 18),
(10149, 11, 978, '0.00', '0.00', 6),
(10150, 13, 979, '0.00', '0.00', 8),
(10151, 11, 979, '0.00', '0.00', 13),
(10152, 13, 980, '0.00', '0.00', 1),
(10153, 11, 980, '0.00', '0.00', 16),
(10154, 13, 981, '0.00', '0.00', 30),
(10155, 11, 981, '0.00', '0.00', 64),
(10156, 13, 982, '0.00', '0.00', 0),
(10157, 11, 982, '0.00', '0.00', 11),
(10158, 13, 983, '0.00', '0.00', 0),
(10159, 11, 983, '0.00', '0.00', 100),
(10160, 13, 984, '0.00', '0.00', 0),
(10161, 11, 984, '0.00', '0.00', 77),
(10162, 13, 985, '0.00', '0.00', 199),
(10163, 11, 985, '0.00', '0.00', 366),
(10164, 13, 986, '0.00', '0.00', 0),
(10165, 11, 986, '0.00', '0.00', 11),
(10166, 13, 987, '0.00', '0.00', 197),
(10167, 11, 987, '0.00', '0.00', 333),
(10168, 13, 988, '0.00', '0.00', 42),
(10169, 11, 988, '0.00', '0.00', 0),
(10170, 13, 989, '0.00', '0.00', 65),
(10171, 11, 989, '0.00', '0.00', 0),
(10172, 13, 990, '0.00', '0.00', 2),
(10173, 11, 990, '0.00', '0.00', 10),
(10174, 13, 991, '0.00', '0.00', 4),
(10175, 11, 991, '0.00', '0.00', 10),
(10176, 13, 992, '0.00', '0.00', 16),
(10177, 11, 992, '0.00', '0.00', 150),
(10178, 13, 993, '0.00', '0.00', 6),
(10179, 11, 993, '0.00', '0.00', 1),
(10180, 13, 994, '0.00', '0.00', 0),
(10181, 11, 994, '0.00', '0.00', 84),
(10182, 13, 995, '0.00', '0.00', 160),
(10183, 11, 995, '0.00', '0.00', 23),
(10184, 13, 996, '0.00', '0.00', 40),
(10185, 11, 996, '0.00', '0.00', 100),
(10186, 13, 997, '0.00', '0.00', 0),
(10187, 11, 997, '0.00', '0.00', 189),
(10188, 13, 998, '0.00', '0.00', 26),
(10189, 11, 998, '0.00', '0.00', 142),
(10190, 13, 999, '0.00', '0.00', 36),
(10191, 11, 999, '0.00', '0.00', 126),
(10192, 13, 1000, '0.00', '0.00', 40),
(10193, 11, 1000, '0.00', '0.00', 148),
(10194, 13, 1001, '0.00', '0.00', 20),
(10195, 11, 1001, '0.00', '0.00', 48),
(10196, 13, 1002, '0.00', '0.00', 0),
(10197, 11, 1002, '0.00', '0.00', 40),
(10198, 13, 1003, '0.00', '0.00', 0),
(10199, 11, 1003, '0.00', '0.00', 40),
(10200, 13, 1004, '0.00', '0.00', 40),
(10201, 11, 1004, '0.00', '0.00', 241),
(10202, 13, 1005, '0.00', '0.00', 160),
(10203, 11, 1005, '0.00', '0.00', 1401),
(10204, 13, 1006, '0.00', '0.00', 275),
(10205, 11, 1006, '0.00', '0.00', 208),
(10206, 13, 1007, '0.00', '0.00', 130),
(10207, 11, 1007, '0.00', '0.00', 426),
(10208, 13, 1008, '0.00', '0.00', 65),
(10209, 11, 1008, '0.00', '0.00', 732),
(10210, 13, 1009, '0.00', '0.00', 0),
(10211, 11, 1009, '0.00', '0.00', 122),
(10212, 13, 1010, '0.00', '0.00', 190),
(10213, 11, 1010, '0.00', '0.00', 253),
(10214, 13, 1011, '0.00', '0.00', 0),
(10215, 11, 1011, '0.00', '0.00', 447),
(10216, 13, 1012, '0.00', '0.00', 0),
(10217, 11, 1012, '0.00', '0.00', 50),
(10218, 13, 1013, '0.00', '0.00', 160),
(10219, 11, 1013, '0.00', '0.00', 78),
(10220, 13, 1014, '0.00', '0.00', 40),
(10221, 11, 1014, '0.00', '0.00', 314),
(10222, 13, 1015, '0.00', '0.00', 0),
(10223, 11, 1015, '0.00', '0.00', 355),
(10224, 13, 1016, '0.00', '0.00', 100),
(10225, 11, 1016, '0.00', '0.00', 110),
(10226, 13, 1017, '0.00', '0.00', 35),
(10227, 11, 1017, '0.00', '0.00', 86),
(10228, 13, 1018, '0.00', '0.00', 0),
(10229, 11, 1018, '0.00', '0.00', 195),
(10230, 13, 1019, '0.00', '0.00', 120),
(10231, 11, 1019, '0.00', '0.00', 367),
(10232, 13, 1020, '0.00', '0.00', 0),
(10233, 11, 1020, '0.00', '0.00', 96),
(10234, 13, 1021, '0.00', '0.00', 0),
(10235, 11, 1021, '0.00', '0.00', 129),
(10236, 13, 1022, '0.00', '0.00', 0),
(10237, 11, 1022, '0.00', '0.00', 130),
(10238, 13, 1023, '0.00', '0.00', 0),
(10239, 11, 1023, '0.00', '0.00', 230),
(10240, 13, 1024, '0.00', '0.00', 170),
(10241, 11, 1024, '0.00', '0.00', 270),
(10242, 13, 1025, '0.00', '0.00', 150),
(10243, 11, 1025, '0.00', '0.00', 389),
(10244, 13, 1026, '0.00', '0.00', 20),
(10245, 11, 1026, '0.00', '0.00', 90),
(10246, 13, 1027, '0.00', '0.00', 120),
(10247, 11, 1027, '0.00', '0.00', 522),
(10248, 13, 1028, '0.00', '0.00', 0),
(10249, 11, 1028, '0.00', '0.00', 7),
(10250, 13, 1029, '0.00', '0.00', 0),
(10251, 11, 1029, '0.00', '0.00', 18),
(10252, 13, 1030, '0.00', '0.00', 155),
(10253, 11, 1030, '0.00', '0.00', 148),
(10254, 13, 1031, '0.00', '0.00', 132),
(10255, 11, 1031, '0.00', '0.00', 256),
(10256, 13, 1032, '0.00', '0.00', 100),
(10257, 11, 1032, '0.00', '0.00', 464),
(10258, 13, 1033, '0.00', '0.00', 138),
(10259, 11, 1033, '0.00', '0.00', 168),
(10260, 13, 1034, '0.00', '0.00', 61),
(10261, 11, 1034, '0.00', '0.00', 155),
(10262, 13, 1035, '0.00', '0.00', 95),
(10263, 11, 1035, '0.00', '0.00', 196),
(10264, 13, 1036, '0.00', '0.00', 14),
(10265, 11, 1036, '0.00', '0.00', 18),
(10266, 13, 1037, '0.00', '0.00', 0),
(10267, 11, 1037, '0.00', '0.00', 33),
(10268, 13, 1038, '0.00', '0.00', 44),
(10269, 11, 1038, '0.00', '0.00', 141),
(10270, 13, 1039, '0.00', '0.00', 0),
(10271, 11, 1039, '0.00', '0.00', 4),
(10272, 13, 1040, '0.00', '0.00', 31),
(10273, 11, 1040, '0.00', '0.00', 109),
(10274, 13, 1041, '0.00', '0.00', 5),
(10275, 11, 1041, '0.00', '0.00', 4),
(10276, 13, 1042, '0.00', '0.00', 0),
(10277, 11, 1042, '0.00', '0.00', 10),
(10278, 13, 1043, '0.00', '0.00', 0),
(10279, 11, 1043, '0.00', '0.00', 93),
(10280, 13, 1044, '0.00', '0.00', 82),
(10281, 11, 1044, '0.00', '0.00', 68),
(10282, 13, 1045, '0.00', '0.00', 59),
(10283, 11, 1045, '0.00', '0.00', 392),
(10284, 13, 1046, '0.00', '0.00', 0),
(10285, 11, 1046, '0.00', '0.00', 206),
(10286, 13, 1047, '0.00', '0.00', 84),
(10287, 11, 1047, '0.00', '0.00', 404),
(10288, 13, 1048, '0.00', '0.00', 0),
(10289, 11, 1048, '0.00', '0.00', 0),
(10290, 13, 1049, '0.00', '0.00', 47),
(10291, 11, 1049, '0.00', '0.00', 153),
(10292, 13, 1050, '0.00', '0.00', 0),
(10293, 11, 1050, '0.00', '0.00', 10),
(10294, 13, 1051, '0.00', '0.00', 0),
(10295, 11, 1051, '0.00', '0.00', 4),
(10296, 13, 1052, '0.00', '0.00', 33),
(10297, 11, 1052, '0.00', '0.00', 90),
(10298, 13, 1053, '0.00', '0.00', 17),
(10299, 11, 1053, '0.00', '0.00', 28),
(10300, 13, 1054, '0.00', '0.00', 95),
(10301, 11, 1054, '0.00', '0.00', 92),
(10302, 13, 1055, '0.00', '0.00', 24),
(10303, 11, 1055, '0.00', '0.00', 56),
(10304, 13, 1056, '0.00', '0.00', 0),
(10305, 11, 1056, '0.00', '0.00', 30),
(10306, 13, 1057, '0.00', '0.00', 0),
(10307, 11, 1057, '0.00', '0.00', 16),
(10308, 13, 1058, '0.00', '0.00', 0),
(10309, 11, 1058, '0.00', '0.00', 141),
(10310, 13, 1059, '0.00', '0.00', 12),
(10311, 11, 1059, '0.00', '0.00', 32),
(10312, 13, 1060, '0.00', '0.00', 25),
(10313, 11, 1060, '0.00', '0.00', 116),
(10314, 13, 1061, '0.00', '0.00', 0),
(10315, 11, 1061, '0.00', '0.00', 54),
(10316, 13, 1062, '0.00', '0.00', 31),
(10317, 11, 1062, '0.00', '0.00', 302),
(10318, 13, 1063, '0.00', '0.00', 0),
(10319, 11, 1063, '0.00', '0.00', 24),
(10320, 13, 1064, '0.00', '0.00', 0),
(10321, 11, 1064, '0.00', '0.00', 49),
(10322, 13, 1065, '0.00', '0.00', 87),
(10323, 11, 1065, '0.00', '0.00', 325),
(10324, 13, 1066, '0.00', '0.00', 88),
(10325, 11, 1066, '0.00', '0.00', 760),
(10326, 13, 1067, '0.00', '0.00', 107),
(10327, 11, 1067, '0.00', '0.00', 556),
(10328, 13, 1068, '0.00', '0.00', 32),
(10329, 11, 1068, '0.00', '0.00', 45),
(10330, 13, 1069, '0.00', '0.00', 0),
(10331, 11, 1069, '0.00', '0.00', 68),
(10332, 13, 1070, '0.00', '0.00', 4),
(10333, 11, 1070, '0.00', '0.00', 2),
(10334, 13, 1071, '0.00', '0.00', 4),
(10335, 11, 1071, '0.00', '0.00', 9),
(10336, 13, 1072, '0.00', '0.00', 72),
(10337, 11, 1072, '0.00', '0.00', 318),
(10338, 13, 1073, '0.00', '0.00', 6),
(10339, 11, 1073, '0.00', '0.00', 23),
(10340, 13, 1074, '0.00', '0.00', 0),
(10341, 11, 1074, '0.00', '0.00', 9),
(10342, 13, 1075, '0.00', '0.00', 11),
(10343, 11, 1075, '0.00', '0.00', 21),
(10344, 13, 1076, '0.00', '0.00', 0),
(10345, 11, 1076, '0.00', '0.00', 3),
(10346, 13, 1077, '0.00', '0.00', 99),
(10347, 11, 1077, '0.00', '0.00', 240),
(10348, 13, 1078, '0.00', '0.00', 0),
(10349, 11, 1078, '0.00', '0.00', 200),
(10350, 13, 1079, '0.00', '0.00', 800),
(10351, 11, 1079, '0.00', '0.00', 5525),
(10352, 13, 1080, '0.00', '0.00', 0),
(10353, 11, 1080, '0.00', '0.00', 200),
(10354, 13, 1081, '0.00', '0.00', 725),
(10355, 11, 1081, '0.00', '0.00', 1400),
(10356, 13, 1082, '0.00', '0.00', 0),
(10357, 11, 1082, '0.00', '0.00', 0),
(10358, 13, 1083, '0.00', '0.00', 0),
(10359, 11, 1083, '0.00', '0.00', 300),
(10360, 13, 1084, '0.00', '0.00', 40),
(10361, 11, 1084, '0.00', '0.00', 658),
(10362, 13, 1085, '0.00', '0.00', 0),
(10363, 11, 1085, '0.00', '0.00', 250),
(10364, 13, 1086, '0.00', '0.00', 1),
(10365, 11, 1086, '0.00', '0.00', 22),
(10366, 13, 1087, '0.00', '0.00', 2),
(10367, 11, 1087, '0.00', '0.00', 6),
(10368, 13, 1088, '0.00', '0.00', 8),
(10369, 11, 1088, '0.00', '0.00', 2),
(10370, 13, 1089, '0.00', '0.00', 7),
(10371, 11, 1089, '0.00', '0.00', 4),
(10372, 13, 1090, '0.00', '0.00', 2),
(10373, 11, 1090, '0.00', '0.00', 15),
(10374, 13, 1091, '0.00', '0.00', 2),
(10375, 11, 1091, '0.00', '0.00', 4),
(10376, 13, 1092, '0.00', '0.00', 5),
(10377, 11, 1092, '0.00', '0.00', 8),
(10378, 13, 1093, '0.00', '0.00', 43),
(10379, 11, 1093, '0.00', '0.00', 12),
(10380, 13, 1094, '0.00', '0.00', 15),
(10381, 11, 1094, '0.00', '0.00', 86),
(10382, 13, 1095, '0.00', '0.00', 128),
(10383, 11, 1095, '0.00', '0.00', 464),
(10384, 13, 1096, '0.00', '0.00', 8),
(10385, 11, 1096, '0.00', '0.00', 28),
(10386, 13, 1097, '0.00', '0.00', 4),
(10387, 11, 1097, '0.00', '0.00', 43),
(10388, 13, 1098, '0.00', '0.00', 0),
(10389, 11, 1098, '0.00', '0.00', 12),
(10390, 13, 1099, '0.00', '0.00', 250),
(10391, 11, 1099, '0.00', '0.00', 330),
(10392, 13, 1100, '0.00', '0.00', 100),
(10393, 11, 1100, '0.00', '0.00', 600),
(10394, 13, 1101, '0.00', '0.00', 230),
(10395, 11, 1101, '0.00', '0.00', 210),
(10396, 13, 1102, '0.00', '0.00', 100),
(10397, 11, 1102, '0.00', '0.00', 0),
(10398, 13, 1103, '0.00', '0.00', 0),
(10399, 11, 1103, '0.00', '0.00', 128),
(10400, 13, 1104, '0.00', '0.00', 290),
(10401, 11, 1104, '0.00', '0.00', 1300),
(10402, 13, 1105, '0.00', '0.00', 100),
(10403, 11, 1105, '0.00', '0.00', 200),
(10404, 13, 1106, '0.00', '0.00', 2),
(10405, 11, 1106, '0.00', '0.00', 2),
(10406, 13, 1107, '0.00', '0.00', 0),
(10407, 11, 1107, '0.00', '0.00', 0),
(10408, 13, 1108, '0.00', '0.00', 0),
(10409, 11, 1108, '0.00', '0.00', 0),
(10410, 13, 1109, '0.00', '0.00', 1),
(10411, 11, 1109, '0.00', '0.00', 8),
(10412, 13, 1110, '0.00', '0.00', 2),
(10413, 11, 1110, '0.00', '0.00', 3),
(10414, 13, 1111, '0.00', '0.00', 0),
(10415, 11, 1111, '0.00', '0.00', 2),
(10416, 13, 1112, '0.00', '0.00', 1),
(10417, 11, 1112, '0.00', '0.00', 3),
(10418, 13, 1113, '0.00', '0.00', 1),
(10419, 11, 1113, '0.00', '0.00', 0),
(10420, 13, 1114, '0.00', '0.00', 0),
(10421, 11, 1114, '0.00', '0.00', 8),
(10422, 13, 1115, '0.00', '0.00', 0),
(10423, 11, 1115, '0.00', '0.00', 40),
(10424, 13, 1116, '0.00', '0.00', 6),
(10425, 11, 1116, '0.00', '0.00', 29),
(10426, 13, 1117, '0.00', '0.00', 7),
(10427, 11, 1117, '0.00', '0.00', 33),
(10428, 13, 1118, '0.00', '0.00', 1),
(10429, 11, 1118, '0.00', '0.00', 2),
(10430, 13, 1119, '0.00', '0.00', 0),
(10431, 11, 1119, '0.00', '0.00', 1),
(10432, 13, 1120, '0.00', '0.00', 0),
(10433, 11, 1120, '0.00', '0.00', 4),
(10434, 13, 1121, '0.00', '0.00', 0),
(10435, 11, 1121, '0.00', '0.00', 2),
(10436, 13, 1122, '0.00', '0.00', 0),
(10437, 11, 1122, '0.00', '0.00', 1),
(10438, 13, 1123, '0.00', '0.00', 4),
(10439, 11, 1123, '0.00', '0.00', 0),
(10440, 13, 1124, '0.00', '0.00', 3),
(10441, 11, 1124, '0.00', '0.00', 5),
(10442, 13, 1125, '0.00', '0.00', 2),
(10443, 11, 1125, '0.00', '0.00', 5),
(10444, 13, 1126, '0.00', '0.00', 2),
(10445, 11, 1126, '0.00', '0.00', 9),
(10446, 13, 1127, '0.00', '0.00', 5),
(10447, 11, 1127, '0.00', '0.00', 2),
(10448, 13, 1128, '0.00', '0.00', 0),
(10449, 11, 1128, '0.00', '0.00', 5),
(10450, 13, 1129, '0.00', '0.00', 0),
(10451, 11, 1129, '0.00', '0.00', 6),
(10452, 13, 1130, '0.00', '0.00', 5),
(10453, 11, 1130, '0.00', '0.00', 19),
(10454, 13, 1131, '0.00', '0.00', 0),
(10455, 11, 1131, '0.00', '0.00', 3),
(10456, 13, 1132, '0.00', '0.00', 0),
(10457, 11, 1132, '0.00', '0.00', 23),
(10458, 13, 1133, '0.00', '0.00', 4),
(10459, 11, 1133, '0.00', '0.00', 7),
(10460, 13, 1134, '0.00', '0.00', 11),
(10461, 11, 1134, '0.00', '0.00', 57),
(10462, 13, 1135, '0.00', '0.00', 4),
(10463, 11, 1135, '0.00', '0.00', 32),
(10464, 13, 1136, '0.00', '0.00', 3),
(10465, 11, 1136, '0.00', '0.00', 30),
(10466, 13, 1137, '0.00', '0.00', 3),
(10467, 11, 1137, '0.00', '0.00', 21),
(10468, 13, 1138, '0.00', '0.00', 0),
(10469, 11, 1138, '0.00', '0.00', 0),
(10470, 13, 1139, '0.00', '0.00', 12),
(10471, 11, 1139, '0.00', '0.00', 23),
(10472, 13, 1140, '0.00', '0.00', 0),
(10473, 11, 1140, '0.00', '0.00', 5),
(10474, 13, 1141, '0.00', '0.00', 0),
(10475, 11, 1141, '0.00', '0.00', 16),
(10476, 13, 1142, '0.00', '0.00', 0),
(10477, 11, 1142, '0.00', '0.00', 16),
(10478, 13, 1143, '0.00', '0.00', 1),
(10479, 11, 1143, '0.00', '0.00', 2),
(10480, 13, 1144, '0.00', '0.00', 0),
(10481, 11, 1144, '0.00', '0.00', 102),
(10482, 13, 1145, '0.00', '0.00', 6),
(10483, 11, 1145, '0.00', '0.00', 8),
(10484, 13, 1146, '0.00', '0.00', 9),
(10485, 11, 1146, '0.00', '0.00', 16),
(10486, 13, 1147, '0.00', '0.00', 0),
(10487, 11, 1147, '0.00', '0.00', 2),
(10488, 13, 1148, '0.00', '0.00', 9),
(10489, 11, 1148, '0.00', '0.00', 7),
(10490, 13, 1149, '0.00', '0.00', 1),
(10491, 11, 1149, '0.00', '0.00', 13),
(10492, 13, 1150, '0.00', '0.00', 2),
(10493, 11, 1150, '0.00', '0.00', 8),
(10494, 13, 1151, '0.00', '0.00', 0),
(10495, 11, 1151, '0.00', '0.00', 1),
(10496, 13, 1152, '0.00', '0.00', 1),
(10497, 11, 1152, '0.00', '0.00', 0),
(10498, 13, 1153, '0.00', '0.00', 6),
(10499, 11, 1153, '0.00', '0.00', 0),
(10500, 13, 1154, '0.00', '0.00', 1),
(10501, 11, 1154, '0.00', '0.00', 0),
(10502, 13, 1155, '0.00', '0.00', 8),
(10503, 11, 1155, '0.00', '0.00', 3),
(10504, 13, 1156, '0.00', '0.00', 0),
(10505, 11, 1156, '0.00', '0.00', 4),
(10506, 13, 1157, '0.00', '0.00', 16),
(10507, 11, 1157, '0.00', '0.00', 28),
(10508, 13, 1158, '0.00', '0.00', 0),
(10509, 11, 1158, '0.00', '0.00', 0),
(10510, 13, 1159, '0.00', '0.00', 0),
(10511, 11, 1159, '0.00', '0.00', 1),
(10512, 13, 1160, '0.00', '0.00', 2),
(10513, 11, 1160, '0.00', '0.00', 3),
(10514, 13, 1161, '0.00', '0.00', 0),
(10515, 11, 1161, '0.00', '0.00', 2),
(10516, 13, 1162, '0.00', '0.00', 7),
(10517, 11, 1162, '0.00', '0.00', 16),
(10518, 13, 1163, '0.00', '0.00', 2),
(10519, 11, 1163, '0.00', '0.00', 20),
(10520, 13, 1164, '0.00', '0.00', 2),
(10521, 11, 1164, '0.00', '0.00', 8),
(10522, 13, 1165, '0.00', '0.00', 2),
(10523, 11, 1165, '0.00', '0.00', 4),
(10524, 13, 1166, '0.00', '0.00', 8),
(10525, 11, 1166, '0.00', '0.00', 41),
(10526, 13, 1167, '0.00', '0.00', 3),
(10527, 11, 1167, '0.00', '0.00', 44),
(10528, 13, 1168, '0.00', '0.00', 0),
(10529, 11, 1168, '0.00', '0.00', 39),
(10530, 13, 1169, '0.00', '0.00', 0),
(10531, 11, 1169, '0.00', '0.00', 1),
(10532, 13, 1170, '0.00', '0.00', 0),
(10533, 11, 1170, '0.00', '0.00', 2),
(10534, 13, 1171, '0.00', '0.00', 1),
(10535, 11, 1171, '0.00', '0.00', 3),
(10536, 13, 1172, '0.00', '0.00', 1),
(10537, 11, 1172, '0.00', '0.00', 4),
(10538, 13, 1173, '0.00', '0.00', 5),
(10539, 11, 1173, '0.00', '0.00', 16),
(10540, 13, 1174, '0.00', '0.00', 2),
(10541, 11, 1174, '0.00', '0.00', 17),
(10542, 13, 1175, '0.00', '0.00', 3),
(10543, 11, 1175, '0.00', '0.00', 3),
(10544, 13, 1176, '0.00', '0.00', 4),
(10545, 11, 1176, '0.00', '0.00', 10),
(10546, 13, 1177, '0.00', '0.00', 3),
(10547, 11, 1177, '0.00', '0.00', 0),
(10548, 13, 1178, '0.00', '0.00', 12),
(10549, 11, 1178, '0.00', '0.00', 8),
(10550, 13, 1179, '0.00', '0.00', 12),
(10551, 11, 1179, '0.00', '0.00', 0),
(10552, 13, 1180, '0.00', '0.00', 300),
(10553, 11, 1180, '0.00', '0.00', 735),
(10554, 13, 1181, '0.00', '0.00', 400),
(10555, 11, 1181, '0.00', '0.00', 680),
(10556, 13, 1182, '0.00', '0.00', 0),
(10557, 11, 1182, '0.00', '0.00', 2),
(10558, 13, 1183, '0.00', '0.00', 0),
(10559, 11, 1183, '0.00', '0.00', 2),
(10560, 13, 1184, '0.00', '0.00', 0),
(10561, 11, 1184, '0.00', '0.00', 2),
(10562, 13, 1185, '0.00', '0.00', 2),
(10563, 11, 1185, '0.00', '0.00', 1),
(10564, 13, 1186, '0.00', '0.00', 18),
(10565, 11, 1186, '0.00', '0.00', 33),
(10566, 13, 1187, '0.00', '0.00', 13),
(10567, 11, 1187, '0.00', '0.00', 49),
(10568, 13, 1188, '0.00', '0.00', 7),
(10569, 11, 1188, '0.00', '0.00', 34),
(10570, 13, 1189, '0.00', '0.00', 4),
(10571, 11, 1189, '0.00', '0.00', 33),
(10572, 13, 1190, '0.00', '0.00', 0),
(10573, 11, 1190, '0.00', '0.00', 3),
(10574, 13, 1191, '0.00', '0.00', 9),
(10575, 11, 1191, '0.00', '0.00', 2),
(10576, 13, 1192, '0.00', '0.00', 5),
(10577, 11, 1192, '0.00', '0.00', 14),
(10578, 13, 1193, '0.00', '0.00', 3),
(10579, 11, 1193, '0.00', '0.00', 10),
(10580, 13, 1194, '0.00', '0.00', 9),
(10581, 11, 1194, '0.00', '0.00', 166),
(10582, 13, 1195, '0.00', '0.00', 50),
(10583, 11, 1195, '0.00', '0.00', 194),
(10584, 13, 1196, '0.00', '0.00', 45),
(10585, 11, 1196, '0.00', '0.00', 86),
(10586, 13, 1197, '0.00', '0.00', 20),
(10587, 11, 1197, '0.00', '0.00', 81),
(10588, 13, 1198, '0.00', '0.00', 0),
(10589, 11, 1198, '0.00', '0.00', 166),
(10590, 13, 1199, '0.00', '0.00', 9),
(10591, 11, 1199, '0.00', '0.00', 23),
(10592, 13, 1200, '0.00', '0.00', 0),
(10593, 11, 1200, '0.00', '0.00', 7),
(10594, 13, 1201, '0.00', '0.00', 0),
(10595, 11, 1201, '0.00', '0.00', 0),
(10596, 13, 1202, '0.00', '0.00', 0),
(10597, 11, 1202, '0.00', '0.00', 56),
(10598, 13, 1203, '0.00', '0.00', 0),
(10599, 11, 1203, '0.00', '0.00', 16),
(10600, 13, 1204, '0.00', '0.00', 0),
(10601, 11, 1204, '0.00', '0.00', 0),
(10602, 13, 1205, '0.00', '0.00', 0),
(10603, 11, 1205, '0.00', '0.00', 0),
(10604, 13, 1206, '0.00', '0.00', 0),
(10605, 11, 1206, '0.00', '0.00', 0),
(10606, 13, 1207, '0.00', '0.00', 20),
(10607, 11, 1207, '0.00', '0.00', 204),
(10608, 13, 1208, '0.00', '0.00', 19),
(10609, 11, 1208, '0.00', '0.00', 40),
(10610, 13, 1209, '0.00', '0.00', 4),
(10611, 11, 1209, '0.00', '0.00', 10),
(10612, 13, 1210, '0.00', '0.00', 90),
(10613, 11, 1210, '0.00', '0.00', 170),
(10614, 13, 1211, '0.00', '0.00', 0),
(10615, 11, 1211, '0.00', '0.00', 176),
(10616, 13, 1212, '0.00', '0.00', 28),
(10617, 11, 1212, '0.00', '0.00', 10),
(10618, 13, 1213, '0.00', '0.00', 0),
(10619, 11, 1213, '0.00', '0.00', 5),
(10620, 13, 1214, '0.00', '0.00', 8),
(10621, 11, 1214, '0.00', '0.00', 5),
(10622, 13, 1215, '0.00', '0.00', 0),
(10623, 11, 1215, '0.00', '0.00', 2),
(10624, 13, 1216, '0.00', '0.00', 13),
(10625, 11, 1216, '0.00', '0.00', 41),
(10626, 13, 1217, '0.00', '0.00', 2),
(10627, 11, 1217, '0.00', '0.00', 3),
(10628, 13, 1218, '0.00', '0.00', 3),
(10629, 11, 1218, '0.00', '0.00', 4),
(10630, 13, 1219, '0.00', '0.00', 0),
(10631, 11, 1219, '0.00', '0.00', 1),
(10632, 13, 1220, '0.00', '0.00', 2),
(10633, 11, 1220, '0.00', '0.00', 3),
(10634, 13, 1221, '0.00', '0.00', 1),
(10635, 11, 1221, '0.00', '0.00', 0),
(10636, 13, 1222, '0.00', '0.00', 0),
(10637, 11, 1222, '0.00', '0.00', 1),
(10638, 13, 1223, '0.00', '0.00', 6),
(10639, 11, 1223, '0.00', '0.00', 13),
(10640, 13, 1224, '0.00', '0.00', 7),
(10641, 11, 1224, '0.00', '0.00', 1),
(10642, 13, 1225, '0.00', '0.00', 3),
(10643, 11, 1225, '0.00', '0.00', 0),
(10644, 13, 1226, '0.00', '0.00', 2),
(10645, 11, 1226, '0.00', '0.00', 6),
(10646, 13, 1227, '0.00', '0.00', 75),
(10647, 11, 1227, '0.00', '0.00', 65),
(10648, 13, 1228, '0.00', '0.00', 9),
(10649, 11, 1228, '0.00', '0.00', 120),
(10650, 13, 1229, '0.00', '0.00', 6),
(10651, 11, 1229, '0.00', '0.00', 63),
(10652, 13, 1230, '0.00', '0.00', 15),
(10653, 11, 1230, '0.00', '0.00', 58),
(10654, 13, 1231, '0.00', '0.00', 6),
(10655, 11, 1231, '0.00', '0.00', 39),
(10656, 13, 1232, '0.00', '0.00', 28),
(10657, 11, 1232, '0.00', '0.00', 37),
(10658, 13, 1233, '0.00', '0.00', 30),
(10659, 11, 1233, '0.00', '0.00', 37),
(10660, 13, 1234, '0.00', '0.00', 11),
(10661, 11, 1234, '0.00', '0.00', 25),
(10662, 13, 1235, '0.00', '0.00', 0),
(10663, 11, 1235, '0.00', '0.00', 5),
(10664, 13, 1236, '0.00', '0.00', 0),
(10665, 11, 1236, '0.00', '0.00', 82),
(10666, 13, 1237, '0.00', '0.00', 35),
(10667, 11, 1237, '0.00', '0.00', 109),
(10668, 13, 1238, '0.00', '0.00', 12),
(10669, 11, 1238, '0.00', '0.00', 52),
(10670, 13, 1239, '0.00', '0.00', 0),
(10671, 11, 1239, '0.00', '0.00', 104),
(10672, 13, 1240, '0.00', '0.00', 44),
(10673, 11, 1240, '0.00', '0.00', 51),
(10674, 13, 1241, '0.00', '0.00', 10),
(10675, 11, 1241, '0.00', '0.00', 14),
(10676, 13, 1242, '0.00', '0.00', 3),
(10677, 11, 1242, '0.00', '0.00', 4),
(10678, 13, 1243, '0.00', '0.00', 0),
(10679, 11, 1243, '0.00', '0.00', 71),
(10680, 13, 1244, '0.00', '0.00', 0),
(10681, 11, 1244, '0.00', '0.00', 77),
(10682, 13, 1245, '0.00', '0.00', 64),
(10683, 11, 1245, '0.00', '0.00', 41),
(10684, 13, 1246, '0.00', '0.00', 59),
(10685, 11, 1246, '0.00', '0.00', 100),
(10686, 13, 1247, '0.00', '0.00', 0),
(10687, 11, 1247, '0.00', '0.00', 106),
(10688, 13, 1248, '0.00', '0.00', 12),
(10689, 11, 1248, '0.00', '0.00', 0),
(10690, 13, 1249, '0.00', '0.00', 59),
(10691, 11, 1249, '0.00', '0.00', 89),
(10692, 13, 1250, '0.00', '0.00', 0),
(10693, 11, 1250, '0.00', '0.00', 68),
(10694, 13, 1251, '0.00', '0.00', 34),
(10695, 11, 1251, '0.00', '0.00', 129),
(10696, 13, 1252, '0.00', '0.00', 0),
(10697, 11, 1252, '0.00', '0.00', 74),
(10698, 13, 1253, '0.00', '0.00', 0),
(10699, 11, 1253, '0.00', '0.00', 7),
(10700, 13, 1254, '0.00', '0.00', 0),
(10701, 11, 1254, '0.00', '0.00', 0),
(10702, 13, 1255, '0.00', '0.00', 18),
(10703, 11, 1255, '0.00', '0.00', 38),
(10704, 13, 1256, '0.00', '0.00', 4),
(10705, 11, 1256, '0.00', '0.00', 11),
(10706, 13, 1257, '0.00', '0.00', 2),
(10707, 11, 1257, '0.00', '0.00', 0),
(10708, 13, 1258, '0.00', '0.00', 8),
(10709, 11, 1258, '0.00', '0.00', 23),
(10710, 13, 1259, '0.00', '0.00', 0),
(10711, 11, 1259, '0.00', '0.00', 0),
(10712, 13, 1260, '0.00', '0.00', 0),
(10713, 11, 1260, '0.00', '0.00', 18),
(10714, 13, 1261, '0.00', '0.00', 0),
(10715, 11, 1261, '0.00', '0.00', 9),
(10716, 13, 1262, '0.00', '0.00', 4),
(10717, 11, 1262, '0.00', '0.00', 17),
(10718, 13, 1263, '0.00', '0.00', 0),
(10719, 11, 1263, '0.00', '0.00', 8),
(10720, 13, 1264, '0.00', '0.00', 0),
(10721, 11, 1264, '0.00', '0.00', 10),
(10722, 13, 1265, '0.00', '0.00', 0),
(10723, 11, 1265, '0.00', '0.00', 0),
(10724, 13, 1266, '0.00', '0.00', 0),
(10725, 11, 1266, '0.00', '0.00', 2),
(10726, 13, 1267, '0.00', '0.00', 8),
(10727, 11, 1267, '0.00', '0.00', 3),
(10728, 13, 1268, '0.00', '0.00', 0),
(10729, 11, 1268, '0.00', '0.00', 4),
(10730, 13, 1269, '0.00', '0.00', 2),
(10731, 11, 1269, '0.00', '0.00', 2),
(10732, 13, 1270, '0.00', '0.00', 3),
(10733, 11, 1270, '0.00', '0.00', 12),
(10734, 13, 1271, '0.00', '0.00', 17),
(10735, 11, 1271, '0.00', '0.00', 31),
(10736, 13, 1272, '0.00', '0.00', 5),
(10737, 11, 1272, '0.00', '0.00', 1),
(10738, 13, 1273, '0.00', '0.00', 6),
(10739, 11, 1273, '0.00', '0.00', 2),
(10740, 13, 1274, '0.00', '0.00', 13),
(10741, 11, 1274, '0.00', '0.00', 33),
(10742, 13, 1275, '0.00', '0.00', 19),
(10743, 11, 1275, '0.00', '0.00', 7),
(10744, 13, 1276, '0.00', '0.00', 0),
(10745, 11, 1276, '0.00', '0.00', 0),
(10746, 13, 1277, '0.00', '0.00', 16),
(10747, 11, 1277, '0.00', '0.00', 0),
(10748, 13, 1278, '0.00', '0.00', 16),
(10749, 11, 1278, '0.00', '0.00', 10),
(10750, 13, 1279, '0.00', '0.00', 0),
(10751, 11, 1279, '0.00', '0.00', 31),
(10752, 13, 1280, '0.00', '0.00', 5),
(10753, 11, 1280, '0.00', '0.00', 57),
(10754, 13, 1281, '0.00', '0.00', 11),
(10755, 11, 1281, '0.00', '0.00', 57),
(10756, 13, 1282, '0.00', '0.00', 5),
(10757, 11, 1282, '0.00', '0.00', 5),
(10758, 13, 1283, '0.00', '0.00', 0),
(10759, 11, 1283, '0.00', '0.00', 5),
(10760, 13, 1284, '0.00', '0.00', 13),
(10761, 11, 1284, '0.00', '0.00', 39),
(10762, 13, 1285, '0.00', '0.00', 1),
(10763, 11, 1285, '0.00', '0.00', 16),
(10764, 13, 1286, '0.00', '0.00', 5),
(10765, 11, 1286, '0.00', '0.00', 4),
(10766, 13, 1287, '0.00', '0.00', 0),
(10767, 11, 1287, '0.00', '0.00', 1),
(10768, 13, 1288, '0.00', '0.00', 0),
(10769, 11, 1288, '0.00', '0.00', 2),
(10770, 13, 1289, '0.00', '0.00', 13),
(10771, 11, 1289, '0.00', '0.00', 0),
(10772, 13, 1290, '0.00', '0.00', 0),
(10773, 11, 1290, '0.00', '0.00', 10),
(10774, 13, 1291, '0.00', '0.00', 12),
(10775, 11, 1291, '0.00', '0.00', 47),
(10776, 13, 1292, '0.00', '0.00', 34),
(10777, 11, 1292, '0.00', '0.00', 61),
(10778, 13, 1293, '0.00', '0.00', 20),
(10779, 11, 1293, '0.00', '0.00', 1),
(10780, 13, 1294, '0.00', '0.00', 28),
(10781, 11, 1294, '0.00', '0.00', 5),
(10782, 13, 1295, '0.00', '0.00', 0),
(10783, 11, 1295, '0.00', '0.00', 0),
(10784, 13, 1296, '0.00', '0.00', 0),
(10785, 11, 1296, '0.00', '0.00', 2),
(10786, 13, 1297, '0.00', '0.00', 0),
(10787, 11, 1297, '0.00', '0.00', 2),
(10788, 13, 1298, '0.00', '0.00', 1),
(10789, 11, 1298, '0.00', '0.00', 1),
(10790, 13, 1299, '0.00', '0.00', 8),
(10791, 11, 1299, '0.00', '0.00', 11),
(10792, 13, 1300, '0.00', '0.00', 45),
(10793, 11, 1300, '0.00', '0.00', 42),
(10794, 13, 1301, '0.00', '0.00', 55),
(10795, 11, 1301, '0.00', '0.00', 81),
(10796, 13, 1302, '0.00', '0.00', 0),
(10797, 11, 1302, '0.00', '0.00', 15),
(10798, 13, 1303, '0.00', '0.00', 20),
(10799, 11, 1303, '0.00', '0.00', 44),
(10800, 13, 1304, '0.00', '0.00', 5),
(10801, 11, 1304, '0.00', '0.00', 35),
(10802, 13, 1305, '0.00', '0.00', 20),
(10803, 11, 1305, '0.00', '0.00', 92),
(10804, 13, 1306, '0.00', '0.00', 266),
(10805, 11, 1306, '0.00', '0.00', 521),
(10806, 13, 1307, '0.00', '0.00', 30),
(10807, 11, 1307, '0.00', '0.00', 14),
(10808, 13, 1308, '0.00', '0.00', 87),
(10809, 11, 1308, '0.00', '0.00', 0),
(10810, 13, 1309, '0.00', '0.00', 0),
(10811, 11, 1309, '0.00', '0.00', 67),
(10812, 13, 1310, '0.00', '0.00', 5),
(10813, 11, 1310, '0.00', '0.00', 0),
(10814, 13, 1311, '0.00', '0.00', 9),
(10815, 11, 1311, '0.00', '0.00', 5),
(10816, 13, 1312, '0.00', '0.00', 0),
(10817, 11, 1312, '0.00', '0.00', 17),
(10818, 13, 1313, '0.00', '0.00', 1),
(10819, 11, 1313, '0.00', '0.00', 0),
(10820, 13, 1314, '0.00', '0.00', 1),
(10821, 11, 1314, '0.00', '0.00', 1),
(10822, 13, 1315, '0.00', '0.00', 1),
(10823, 11, 1315, '0.00', '0.00', 0),
(10824, 13, 1316, '0.00', '0.00', 43),
(10825, 11, 1316, '0.00', '0.00', 16),
(10826, 13, 1317, '0.00', '0.00', 0),
(10827, 11, 1317, '0.00', '0.00', 73),
(10828, 13, 1318, '0.00', '0.00', 0),
(10829, 11, 1318, '0.00', '0.00', 9),
(10830, 13, 1319, '0.00', '0.00', 4),
(10831, 11, 1319, '0.00', '0.00', 9),
(10832, 13, 1320, '0.00', '0.00', 0),
(10833, 11, 1320, '0.00', '0.00', 16),
(10834, 13, 1321, '0.00', '0.00', 24),
(10835, 11, 1321, '0.00', '0.00', 14),
(10836, 13, 1322, '0.00', '0.00', 850),
(10837, 11, 1322, '0.00', '0.00', 907),
(10838, 13, 1323, '0.00', '0.00', 78),
(10839, 11, 1323, '0.00', '0.00', 101),
(10840, 13, 1324, '0.00', '0.00', 0),
(10841, 11, 1324, '0.00', '0.00', 0),
(10842, 13, 1325, '0.00', '0.00', 72),
(10843, 11, 1325, '0.00', '0.00', 70),
(10844, 13, 1326, '0.00', '0.00', 14),
(10845, 11, 1326, '0.00', '0.00', 60),
(10846, 13, 1327, '0.00', '0.00', 19),
(10847, 11, 1327, '0.00', '0.00', 14),
(10848, 13, 1328, '0.00', '0.00', 8),
(10849, 11, 1328, '0.00', '0.00', 22),
(10850, 13, 1329, '0.00', '0.00', 0),
(10851, 11, 1329, '0.00', '0.00', 84),
(10852, 13, 1330, '0.00', '0.00', 0),
(10853, 11, 1330, '0.00', '0.00', 136),
(10854, 13, 1331, '0.00', '0.00', 0),
(10855, 11, 1331, '0.00', '0.00', 0),
(10856, 13, 1332, '0.00', '0.00', 4),
(10857, 11, 1332, '0.00', '0.00', 20),
(10858, 13, 1333, '0.00', '0.00', 19),
(10859, 11, 1333, '0.00', '0.00', 272),
(10860, 13, 1334, '0.00', '0.00', 0),
(10861, 11, 1334, '0.00', '0.00', 34),
(10862, 13, 1335, '0.00', '0.00', 4),
(10863, 11, 1335, '0.00', '0.00', 5),
(10864, 13, 1336, '0.00', '0.00', 8),
(10865, 11, 1336, '0.00', '0.00', 0),
(10866, 13, 1337, '0.00', '0.00', 8),
(10867, 11, 1337, '0.00', '0.00', 3),
(10868, 13, 1338, '0.00', '0.00', 0),
(10869, 11, 1338, '0.00', '0.00', 1),
(10870, 13, 1339, '0.00', '0.00', 0),
(10871, 11, 1339, '0.00', '0.00', 1),
(10872, 13, 1340, '0.00', '0.00', 76),
(10873, 11, 1340, '0.00', '0.00', 19),
(10874, 13, 1341, '0.00', '0.00', 0),
(10875, 11, 1341, '0.00', '0.00', 3),
(10876, 13, 1342, '0.00', '0.00', 6),
(10877, 11, 1342, '0.00', '0.00', 0),
(10878, 13, 1343, '0.00', '0.00', 41),
(10879, 11, 1343, '0.00', '0.00', 0),
(10880, 13, 1344, '0.00', '0.00', 19),
(10881, 11, 1344, '0.00', '0.00', 9),
(10882, 13, 1345, '0.00', '0.00', 55),
(10883, 11, 1345, '0.00', '0.00', 9),
(10884, 13, 1346, '0.00', '0.00', 0),
(10885, 11, 1346, '0.00', '0.00', 6),
(10886, 13, 1347, '0.00', '0.00', 4),
(10887, 11, 1347, '0.00', '0.00', 7),
(10888, 13, 1348, '0.00', '0.00', 0),
(10889, 11, 1348, '0.00', '0.00', 6),
(10890, 13, 1349, '0.00', '0.00', 4),
(10891, 11, 1349, '0.00', '0.00', 10),
(10892, 13, 1350, '0.00', '0.00', 185),
(10893, 11, 1350, '0.00', '0.00', 409),
(10894, 13, 1351, '0.00', '0.00', 73),
(10895, 11, 1351, '0.00', '0.00', 39),
(10896, 13, 1352, '0.00', '0.00', 57),
(10897, 11, 1352, '0.00', '0.00', 82),
(10898, 13, 1353, '0.00', '0.00', 21),
(10899, 11, 1353, '0.00', '0.00', 0),
(10900, 13, 1354, '0.00', '0.00', 45),
(10901, 11, 1354, '0.00', '0.00', 63),
(10902, 13, 1355, '0.00', '0.00', 13),
(10903, 11, 1355, '0.00', '0.00', 39),
(10904, 13, 1356, '0.00', '0.00', 3),
(10905, 11, 1356, '0.00', '0.00', 24),
(10906, 13, 1357, '0.00', '0.00', 8),
(10907, 11, 1357, '0.00', '0.00', 42),
(10908, 13, 1358, '0.00', '0.00', 4),
(10909, 11, 1358, '0.00', '0.00', 8),
(10910, 13, 1359, '0.00', '0.00', 6),
(10911, 11, 1359, '0.00', '0.00', 16),
(10912, 13, 1360, '0.00', '0.00', 3),
(10913, 11, 1360, '0.00', '0.00', 0),
(10914, 13, 1361, '0.00', '0.00', 5),
(10915, 11, 1361, '0.00', '0.00', 202),
(10916, 13, 1362, '0.00', '0.00', 50),
(10917, 11, 1362, '0.00', '0.00', 32),
(10918, 13, 1363, '0.00', '0.00', 40),
(10919, 11, 1363, '0.00', '0.00', 369),
(10920, 13, 1364, '0.00', '0.00', 9),
(10921, 11, 1364, '0.00', '0.00', 21),
(10922, 13, 1365, '0.00', '0.00', 2),
(10923, 11, 1365, '0.00', '0.00', 9),
(10924, 13, 1366, '0.00', '0.00', 2),
(10925, 11, 1366, '0.00', '0.00', 0),
(10926, 13, 1367, '0.00', '0.00', 800),
(10927, 11, 1367, '0.00', '0.00', 1000),
(10928, 13, 1368, '0.00', '0.00', 0),
(10929, 11, 1368, '0.00', '0.00', 2400),
(10930, 13, 1369, '0.00', '0.00', 1000),
(10931, 11, 1369, '0.00', '0.00', 2830),
(10932, 13, 1370, '0.00', '0.00', 0),
(10933, 11, 1370, '0.00', '0.00', 7490),
(10934, 13, 1371, '0.00', '0.00', 0),
(10935, 11, 1371, '0.00', '0.00', 1380),
(10936, 13, 1372, '0.00', '0.00', 3800),
(10937, 11, 1372, '0.00', '0.00', 5300),
(10938, 13, 1373, '0.00', '0.00', 0),
(10939, 11, 1373, '0.00', '0.00', 990),
(10940, 13, 1374, '0.00', '0.00', 0),
(10941, 11, 1374, '0.00', '0.00', 2790),
(10942, 13, 1375, '0.00', '0.00', 0),
(10943, 11, 1375, '0.00', '0.00', 4990),
(10944, 13, 1376, '0.00', '0.00', 800),
(10945, 11, 1376, '0.00', '0.00', 788),
(10946, 13, 1377, '0.00', '0.00', 2800),
(10947, 11, 1377, '0.00', '0.00', 2085),
(10948, 13, 1378, '0.00', '0.00', 500),
(10949, 11, 1378, '0.00', '0.00', 394),
(10950, 13, 1379, '0.00', '0.00', 0),
(10951, 11, 1379, '0.00', '0.00', 93),
(10952, 13, 1380, '0.00', '0.00', 400),
(10953, 11, 1380, '0.00', '0.00', 3842),
(10954, 13, 1381, '0.00', '0.00', 0),
(10955, 11, 1381, '0.00', '0.00', 600),
(10956, 13, 1382, '0.00', '0.00', 186),
(10957, 11, 1382, '0.00', '0.00', 61),
(10958, 13, 1383, '0.00', '0.00', 45),
(10959, 11, 1383, '0.00', '0.00', 221),
(10960, 13, 1384, '0.00', '0.00', 0),
(10961, 11, 1384, '0.00', '0.00', 0),
(10962, 13, 1385, '0.00', '0.00', 500),
(10963, 11, 1385, '0.00', '0.00', 284),
(10964, 13, 1386, '0.00', '0.00', 0),
(10965, 11, 1386, '0.00', '0.00', 36),
(10966, 13, 1387, '0.00', '0.00', 164),
(10967, 11, 1387, '0.00', '0.00', 196),
(10968, 13, 1388, '0.00', '0.00', 12),
(10969, 11, 1388, '0.00', '0.00', 4),
(10970, 13, 1389, '0.00', '0.00', 0),
(10971, 11, 1389, '0.00', '0.00', 9),
(10972, 13, 1390, '0.00', '0.00', 0),
(10973, 11, 1390, '0.00', '0.00', 12),
(10974, 13, 1391, '0.00', '0.00', 0),
(10975, 11, 1391, '0.00', '0.00', 4),
(10976, 13, 1392, '0.00', '0.00', 0),
(10977, 11, 1392, '0.00', '0.00', 4),
(10978, 13, 1393, '0.00', '0.00', 0),
(10979, 11, 1393, '0.00', '0.00', 2),
(10980, 13, 1394, '0.00', '0.00', 0),
(10981, 11, 1394, '0.00', '0.00', 1),
(10982, 13, 1395, '0.00', '0.00', 4),
(10983, 11, 1395, '0.00', '0.00', 14),
(10984, 13, 1396, '0.00', '0.00', 1),
(10985, 11, 1396, '0.00', '0.00', 2),
(10986, 13, 1397, '0.00', '0.00', 3),
(10987, 11, 1397, '0.00', '0.00', 10),
(10988, 13, 1398, '0.00', '0.00', 0),
(10989, 11, 1398, '0.00', '0.00', 3),
(10990, 13, 1399, '0.00', '0.00', 0),
(10991, 11, 1399, '0.00', '0.00', 9),
(10992, 13, 1400, '0.00', '0.00', 1),
(10993, 11, 1400, '0.00', '0.00', 10),
(10994, 13, 1401, '0.00', '0.00', 0),
(10995, 11, 1401, '0.00', '0.00', 18),
(10996, 13, 1402, '0.00', '0.00', 1),
(10997, 11, 1402, '0.00', '0.00', 8),
(10998, 13, 1403, '0.00', '0.00', 2),
(10999, 11, 1403, '0.00', '0.00', 5),
(11000, 13, 1404, '0.00', '0.00', 7),
(11001, 11, 1404, '0.00', '0.00', 31),
(11002, 13, 1405, '0.00', '0.00', 0),
(11003, 11, 1405, '0.00', '0.00', 5),
(11004, 13, 1406, '0.00', '0.00', 6),
(11005, 11, 1406, '0.00', '0.00', 33),
(11006, 13, 1407, '0.00', '0.00', 9),
(11007, 11, 1407, '0.00', '0.00', 54),
(11008, 13, 1408, '0.00', '0.00', 0),
(11009, 11, 1408, '0.00', '0.00', 2),
(11010, 13, 1409, '0.00', '0.00', 14),
(11011, 11, 1409, '0.00', '0.00', 21),
(11012, 13, 1410, '0.00', '0.00', 17),
(11013, 11, 1410, '0.00', '0.00', 35),
(11014, 13, 1411, '0.00', '0.00', 26),
(11015, 11, 1411, '0.00', '0.00', 114),
(11016, 13, 1412, '0.00', '0.00', 19),
(11017, 11, 1412, '0.00', '0.00', 50),
(11018, 13, 1413, '0.00', '0.00', 5),
(11019, 11, 1413, '0.00', '0.00', 0),
(11020, 13, 1414, '0.00', '0.00', 0),
(11021, 11, 1414, '0.00', '0.00', 3),
(11022, 13, 1415, '0.00', '0.00', 6),
(11023, 11, 1415, '0.00', '0.00', 14),
(11024, 13, 1416, '0.00', '0.00', 0),
(11025, 11, 1416, '0.00', '0.00', 8),
(11026, 13, 1417, '0.00', '0.00', 11),
(11027, 11, 1417, '0.00', '0.00', 22),
(11028, 13, 1418, '0.00', '0.00', 15);
INSERT INTO `warehouse_stock` (`id`, `warehouse_id`, `product_id`, `weight_kg`, `volume_cbm`, `total_pieces`) VALUES
(11029, 11, 1418, '0.00', '0.00', 19),
(11030, 13, 1419, '0.00', '0.00', 8),
(11031, 11, 1419, '0.00', '0.00', 66),
(11032, 13, 1420, '0.00', '0.00', 18),
(11033, 11, 1420, '0.00', '0.00', 52),
(11034, 13, 1421, '0.00', '0.00', 2),
(11035, 11, 1421, '0.00', '0.00', 3),
(11036, 13, 1422, '0.00', '0.00', 3),
(11037, 11, 1422, '0.00', '0.00', 13),
(11038, 13, 1423, '0.00', '0.00', 4),
(11039, 11, 1423, '0.00', '0.00', 10),
(11040, 13, 1424, '0.00', '0.00', 1),
(11041, 11, 1424, '0.00', '0.00', 0),
(11042, 13, 1425, '0.00', '0.00', 0),
(11043, 11, 1425, '0.00', '0.00', 1),
(11044, 13, 1426, '0.00', '0.00', 2),
(11045, 11, 1426, '0.00', '0.00', 6),
(11046, 13, 1427, '0.00', '0.00', 3),
(11047, 11, 1427, '0.00', '0.00', 9),
(11048, 13, 1428, '0.00', '0.00', 2),
(11049, 11, 1428, '0.00', '0.00', 4),
(11050, 13, 1429, '0.00', '0.00', 34),
(11051, 11, 1429, '0.00', '0.00', 27),
(11052, 13, 1430, '0.00', '0.00', 0),
(11053, 11, 1430, '0.00', '0.00', 4),
(11054, 13, 1431, '0.00', '0.00', 0),
(11055, 11, 1431, '0.00', '0.00', 7),
(11056, 13, 1432, '0.00', '0.00', 0),
(11057, 11, 1432, '0.00', '0.00', 16),
(11058, 13, 1433, '0.00', '0.00', 0),
(11059, 11, 1433, '0.00', '0.00', 7),
(11060, 13, 1434, '0.00', '0.00', 0),
(11061, 11, 1434, '0.00', '0.00', 4),
(11062, 13, 1435, '0.00', '0.00', 10),
(11063, 11, 1435, '0.00', '0.00', 66),
(11064, 13, 1436, '0.00', '0.00', 1),
(11065, 11, 1436, '0.00', '0.00', 5),
(11066, 13, 1437, '0.00', '0.00', 30),
(11067, 11, 1437, '0.00', '0.00', 215),
(11068, 13, 1438, '0.00', '0.00', 1),
(11069, 11, 1438, '0.00', '0.00', 7),
(11070, 13, 1439, '0.00', '0.00', 4),
(11071, 11, 1439, '0.00', '0.00', 30),
(11072, 13, 1440, '0.00', '0.00', 4),
(11073, 11, 1440, '0.00', '0.00', 32),
(11074, 13, 1441, '0.00', '0.00', 4),
(11075, 11, 1441, '0.00', '0.00', 41),
(11076, 13, 1442, '0.00', '0.00', 6),
(11077, 11, 1442, '0.00', '0.00', 26),
(11078, 13, 1443, '0.00', '0.00', 32),
(11079, 11, 1443, '0.00', '0.00', 19),
(11080, 13, 1444, '0.00', '0.00', 36),
(11081, 11, 1444, '0.00', '0.00', 28),
(11082, 13, 1445, '0.00', '0.00', 0),
(11083, 11, 1445, '0.00', '0.00', 0),
(11084, 13, 1446, '0.00', '0.00', 5),
(11085, 11, 1446, '0.00', '0.00', 1),
(11086, 13, 1447, '0.00', '0.00', 0),
(11087, 11, 1447, '0.00', '0.00', 2),
(11088, 13, 1448, '0.00', '0.00', 0),
(11089, 11, 1448, '0.00', '0.00', 3),
(11090, 13, 1449, '0.00', '0.00', 2),
(11091, 11, 1449, '0.00', '0.00', 6),
(11092, 13, 1450, '0.00', '0.00', 0),
(11093, 11, 1450, '0.00', '0.00', 7),
(11094, 13, 1451, '0.00', '0.00', 4),
(11095, 11, 1451, '0.00', '0.00', 14),
(11096, 13, 1452, '0.00', '0.00', 2),
(11097, 11, 1452, '0.00', '0.00', 2),
(11098, 13, 1453, '0.00', '0.00', 10),
(11099, 11, 1453, '0.00', '0.00', 42),
(11100, 13, 1454, '0.00', '0.00', 18),
(11101, 11, 1454, '0.00', '0.00', 69),
(11102, 13, 1455, '0.00', '0.00', 13),
(11103, 11, 1455, '0.00', '0.00', 37),
(11104, 13, 1456, '0.00', '0.00', 0),
(11105, 11, 1456, '0.00', '0.00', 74),
(11106, 13, 1457, '0.00', '0.00', 14),
(11107, 11, 1457, '0.00', '0.00', 55),
(11108, 13, 1458, '0.00', '0.00', 7),
(11109, 11, 1458, '0.00', '0.00', 29),
(11110, 13, 1459, '0.00', '0.00', 11),
(11111, 11, 1459, '0.00', '0.00', 5),
(11112, 13, 1460, '0.00', '0.00', 0),
(11113, 11, 1460, '0.00', '0.00', 17),
(11114, 13, 1461, '0.00', '0.00', 8),
(11115, 11, 1461, '0.00', '0.00', 80),
(11116, 13, 1462, '0.00', '0.00', 0),
(11117, 11, 1462, '0.00', '0.00', 3),
(11118, 13, 1463, '0.00', '0.00', 17),
(11119, 11, 1463, '0.00', '0.00', 22),
(11120, 13, 1464, '0.00', '0.00', 0),
(11121, 11, 1464, '0.00', '0.00', 1),
(11122, 13, 1465, '0.00', '0.00', 0),
(11123, 11, 1465, '0.00', '0.00', 10),
(11124, 13, 1466, '0.00', '0.00', 0),
(11125, 11, 1466, '0.00', '0.00', 3),
(11126, 13, 1467, '0.00', '0.00', 0),
(11127, 11, 1467, '0.00', '0.00', 1),
(11128, 13, 1468, '0.00', '0.00', 0),
(11129, 11, 1468, '0.00', '0.00', 2),
(11130, 13, 1469, '0.00', '0.00', 0),
(11131, 11, 1469, '0.00', '0.00', 14),
(11132, 13, 1470, '0.00', '0.00', 4),
(11133, 11, 1470, '0.00', '0.00', 5),
(11134, 13, 1471, '0.00', '0.00', 2),
(11135, 11, 1471, '0.00', '0.00', 5),
(11136, 13, 1472, '0.00', '0.00', 0),
(11137, 11, 1472, '0.00', '0.00', 11),
(11138, 13, 1473, '0.00', '0.00', 6),
(11139, 11, 1473, '0.00', '0.00', 3),
(11140, 13, 1474, '0.00', '0.00', 0),
(11141, 11, 1474, '0.00', '0.00', 7),
(11142, 13, 1475, '0.00', '0.00', 0),
(11143, 11, 1475, '0.00', '0.00', 5),
(11144, 13, 1476, '0.00', '0.00', 0),
(11145, 11, 1476, '0.00', '0.00', 4),
(11146, 13, 1477, '0.00', '0.00', 27),
(11147, 11, 1477, '0.00', '0.00', 33),
(11148, 13, 1478, '0.00', '0.00', 15),
(11149, 11, 1478, '0.00', '0.00', 97),
(11150, 13, 1479, '0.00', '0.00', 20),
(11151, 11, 1479, '0.00', '0.00', 0),
(11152, 13, 1480, '0.00', '0.00', 10),
(11153, 11, 1480, '0.00', '0.00', 0),
(11154, 13, 1481, '0.00', '0.00', 15),
(11155, 11, 1481, '0.00', '0.00', 0),
(11156, 13, 1482, '0.00', '0.00', 10),
(11157, 11, 1482, '0.00', '0.00', 18),
(11158, 13, 1483, '0.00', '0.00', 15),
(11159, 11, 1483, '0.00', '0.00', 55),
(11160, 13, 1484, '0.00', '0.00', 35),
(11161, 11, 1484, '0.00', '0.00', 92),
(11162, 13, 1485, '0.00', '0.00', 5),
(11163, 11, 1485, '0.00', '0.00', 8),
(11164, 13, 1486, '0.00', '0.00', 0),
(11165, 11, 1486, '0.00', '0.00', 98),
(11166, 13, 1487, '0.00', '0.00', 9),
(11167, 11, 1487, '0.00', '0.00', 34),
(11168, 13, 1488, '0.00', '0.00', 20),
(11169, 11, 1488, '0.00', '0.00', 57),
(11170, 13, 1489, '0.00', '0.00', 4),
(11171, 11, 1489, '0.00', '0.00', 23),
(11172, 13, 1490, '0.00', '0.00', 29),
(11173, 11, 1490, '0.00', '0.00', 47),
(11174, 13, 1491, '0.00', '0.00', 1),
(11175, 11, 1491, '0.00', '0.00', 39),
(11176, 13, 1492, '0.00', '0.00', 21),
(11177, 11, 1492, '0.00', '0.00', 5),
(11178, 13, 1493, '0.00', '0.00', 30),
(11179, 11, 1493, '0.00', '0.00', 125),
(11180, 13, 1494, '0.00', '0.00', 50),
(11181, 11, 1494, '0.00', '0.00', 23),
(11182, 13, 1495, '0.00', '0.00', 0),
(11183, 11, 1495, '0.00', '0.00', 6),
(11184, 13, 1496, '0.00', '0.00', 50),
(11185, 11, 1496, '0.00', '0.00', 0),
(11186, 13, 1497, '0.00', '0.00', 25),
(11187, 11, 1497, '0.00', '0.00', 31),
(11188, 13, 1498, '0.00', '0.00', 50),
(11189, 11, 1498, '0.00', '0.00', 0),
(11190, 13, 1499, '0.00', '0.00', 28),
(11191, 11, 1499, '0.00', '0.00', 99),
(11192, 13, 1500, '0.00', '0.00', 70),
(11193, 11, 1500, '0.00', '0.00', 0),
(11194, 13, 1501, '0.00', '0.00', 12),
(11195, 11, 1501, '0.00', '0.00', 8),
(11196, 13, 1502, '0.00', '0.00', 50),
(11197, 11, 1502, '0.00', '0.00', 68),
(11198, 13, 1503, '0.00', '0.00', 19),
(11199, 11, 1503, '0.00', '0.00', 21),
(11200, 13, 1504, '0.00', '0.00', 10),
(11201, 11, 1504, '0.00', '0.00', 0),
(11202, 13, 1505, '0.00', '0.00', 0),
(11203, 11, 1505, '0.00', '0.00', 118),
(11204, 13, 1506, '0.00', '0.00', 10),
(11205, 11, 1506, '0.00', '0.00', 70),
(11206, 13, 1507, '0.00', '0.00', 0),
(11207, 11, 1507, '0.00', '0.00', 4),
(11208, 13, 1508, '0.00', '0.00', 50),
(11209, 11, 1508, '0.00', '0.00', 175),
(11210, 13, 1509, '0.00', '0.00', 8),
(11211, 11, 1509, '0.00', '0.00', 153),
(11212, 13, 1510, '0.00', '0.00', 0),
(11213, 11, 1510, '0.00', '0.00', 20),
(11214, 13, 1511, '0.00', '0.00', 58),
(11215, 11, 1511, '0.00', '0.00', 263),
(11216, 13, 1512, '0.00', '0.00', 4),
(11217, 11, 1512, '0.00', '0.00', 102),
(11218, 13, 1513, '0.00', '0.00', 13),
(11219, 11, 1513, '0.00', '0.00', 24),
(11220, 13, 1514, '0.00', '0.00', 9),
(11221, 11, 1514, '0.00', '0.00', 0),
(11222, 13, 1515, '0.00', '0.00', 0),
(11223, 11, 1515, '0.00', '0.00', 4),
(11224, 13, 1516, '0.00', '0.00', 33),
(11225, 11, 1516, '0.00', '0.00', 46),
(11226, 13, 1517, '0.00', '0.00', 15),
(11227, 11, 1517, '0.00', '0.00', 0),
(11228, 13, 1518, '0.00', '0.00', 27),
(11229, 11, 1518, '0.00', '0.00', 0),
(11230, 13, 1519, '0.00', '0.00', 14),
(11231, 11, 1519, '0.00', '0.00', 3),
(11232, 13, 1520, '0.00', '0.00', 0),
(11233, 11, 1520, '0.00', '0.00', 6),
(11234, 13, 1521, '0.00', '0.00', 42),
(11235, 11, 1521, '0.00', '0.00', 102),
(11236, 13, 1522, '0.00', '0.00', 14),
(11237, 11, 1522, '0.00', '0.00', 0),
(11238, 13, 1523, '0.00', '0.00', 15),
(11239, 11, 1523, '0.00', '0.00', 9),
(11240, 13, 1524, '0.00', '0.00', 15),
(11241, 11, 1524, '0.00', '0.00', 63),
(11242, 13, 1525, '0.00', '0.00', 0),
(11243, 11, 1525, '0.00', '0.00', 57),
(11244, 13, 1526, '0.00', '0.00', 25),
(11245, 11, 1526, '0.00', '0.00', 49),
(11246, 13, 1527, '0.00', '0.00', 0),
(11247, 11, 1527, '0.00', '0.00', 10),
(11248, 13, 1528, '0.00', '0.00', 8),
(11249, 11, 1528, '0.00', '0.00', 49),
(11250, 13, 1529, '0.00', '0.00', 0),
(11251, 11, 1529, '0.00', '0.00', 55),
(11252, 13, 1530, '0.00', '0.00', 12),
(11253, 11, 1530, '0.00', '0.00', 51),
(11254, 13, 1531, '0.00', '0.00', 3),
(11255, 11, 1531, '0.00', '0.00', 85),
(11256, 13, 1532, '0.00', '0.00', 9),
(11257, 11, 1532, '0.00', '0.00', 27),
(11258, 13, 1533, '0.00', '0.00', 0),
(11259, 11, 1533, '0.00', '0.00', 125),
(11260, 13, 1534, '0.00', '0.00', 0),
(11261, 11, 1534, '0.00', '0.00', 8),
(11262, 13, 1535, '0.00', '0.00', 0),
(11263, 11, 1535, '0.00', '0.00', 79),
(11264, 13, 1536, '0.00', '0.00', 0),
(11265, 11, 1536, '0.00', '0.00', 45),
(11266, 13, 1537, '0.00', '0.00', 15),
(11267, 11, 1537, '0.00', '0.00', 2),
(11268, 13, 1538, '0.00', '0.00', 0),
(11269, 11, 1538, '0.00', '0.00', 40),
(11270, 13, 1539, '0.00', '0.00', 9),
(11271, 11, 1539, '0.00', '0.00', 0),
(11272, 13, 1540, '0.00', '0.00', 3),
(11273, 11, 1540, '0.00', '0.00', 9),
(11274, 13, 1541, '0.00', '0.00', 3),
(11275, 11, 1541, '0.00', '0.00', 0),
(11276, 13, 1542, '0.00', '0.00', 0),
(11277, 11, 1542, '0.00', '0.00', 45),
(11278, 13, 1543, '0.00', '0.00', 3),
(11279, 11, 1543, '0.00', '0.00', 49),
(11280, 13, 1544, '0.00', '0.00', 15),
(11281, 11, 1544, '0.00', '0.00', 18),
(11282, 13, 1545, '0.00', '0.00', 19),
(11283, 11, 1545, '0.00', '0.00', 95),
(11284, 13, 1546, '0.00', '0.00', 0),
(11285, 11, 1546, '0.00', '0.00', 5),
(11286, 13, 1547, '0.00', '0.00', 10),
(11287, 11, 1547, '0.00', '0.00', 60),
(11288, 13, 1548, '0.00', '0.00', 9),
(11289, 11, 1548, '0.00', '0.00', 18),
(11290, 13, 1549, '0.00', '0.00', 35),
(11291, 11, 1549, '0.00', '0.00', 242),
(11292, 13, 1550, '0.00', '0.00', 0),
(11293, 11, 1550, '0.00', '0.00', 10),
(11294, 13, 1551, '0.00', '0.00', 0),
(11295, 11, 1551, '0.00', '0.00', 3),
(11296, 13, 1552, '0.00', '0.00', 0),
(11297, 11, 1552, '0.00', '0.00', 4),
(11298, 13, 1553, '0.00', '0.00', 7),
(11299, 11, 1553, '0.00', '0.00', 13),
(11300, 13, 1554, '0.00', '0.00', 30),
(11301, 11, 1554, '0.00', '0.00', 204),
(11302, 13, 1555, '0.00', '0.00', 21),
(11303, 11, 1555, '0.00', '0.00', 19),
(11304, 13, 1556, '0.00', '0.00', 9),
(11305, 11, 1556, '0.00', '0.00', 15),
(11306, 13, 1557, '0.00', '0.00', 10),
(11307, 11, 1557, '0.00', '0.00', 12),
(11308, 13, 1558, '0.00', '0.00', 0),
(11309, 11, 1558, '0.00', '0.00', 42),
(11310, 13, 1559, '0.00', '0.00', 2),
(11311, 11, 1559, '0.00', '0.00', 47),
(11312, 13, 1560, '0.00', '0.00', 25),
(11313, 11, 1560, '0.00', '0.00', 57),
(11314, 13, 1561, '0.00', '0.00', 69),
(11315, 11, 1561, '0.00', '0.00', 35),
(11316, 13, 1562, '0.00', '0.00', 10),
(11317, 11, 1562, '0.00', '0.00', 114),
(11318, 13, 1563, '0.00', '0.00', 30),
(11319, 11, 1563, '0.00', '0.00', 226),
(11320, 13, 1564, '0.00', '0.00', 70),
(11321, 11, 1564, '0.00', '0.00', 189),
(11322, 13, 1565, '0.00', '0.00', 57),
(11323, 11, 1565, '0.00', '0.00', 15),
(11324, 13, 1566, '0.00', '0.00', 37),
(11325, 11, 1566, '0.00', '0.00', 184),
(11326, 13, 1567, '0.00', '0.00', 25),
(11327, 11, 1567, '0.00', '0.00', 13),
(11328, 13, 1568, '0.00', '0.00', 30),
(11329, 11, 1568, '0.00', '0.00', 111),
(11330, 13, 1569, '0.00', '0.00', 43),
(11331, 11, 1569, '0.00', '0.00', 26),
(11332, 13, 1570, '0.00', '0.00', 40),
(11333, 11, 1570, '0.00', '0.00', 39),
(11334, 13, 1571, '0.00', '0.00', 0),
(11335, 11, 1571, '0.00', '0.00', 40),
(11336, 13, 1572, '0.00', '0.00', 0),
(11337, 11, 1572, '0.00', '0.00', 16),
(11338, 13, 1573, '0.00', '0.00', 0),
(11339, 11, 1573, '0.00', '0.00', 10),
(11340, 13, 1574, '0.00', '0.00', 0),
(11341, 11, 1574, '0.00', '0.00', 14),
(11342, 13, 1575, '0.00', '0.00', 0),
(11343, 11, 1575, '0.00', '0.00', 32),
(11344, 13, 1576, '0.00', '0.00', 0),
(11345, 11, 1576, '0.00', '0.00', 3),
(11346, 13, 1577, '0.00', '0.00', 0),
(11347, 11, 1577, '0.00', '0.00', 15),
(11348, 13, 1578, '0.00', '0.00', 0),
(11349, 11, 1578, '0.00', '0.00', 7),
(11350, 13, 1579, '0.00', '0.00', 0),
(11351, 11, 1579, '0.00', '0.00', 4),
(11352, 13, 1580, '0.00', '0.00', 0),
(11353, 11, 1580, '0.00', '0.00', 10),
(11354, 13, 1581, '0.00', '0.00', 0),
(11355, 11, 1581, '0.00', '0.00', 7),
(11356, 13, 1582, '0.00', '0.00', 0),
(11357, 11, 1582, '0.00', '0.00', 17),
(11358, 13, 1583, '0.00', '0.00', 0),
(11359, 11, 1583, '0.00', '0.00', 4),
(11360, 13, 1584, '0.00', '0.00', 0),
(11361, 11, 1584, '0.00', '0.00', 6),
(11362, 13, 1585, '0.00', '0.00', 0),
(11363, 11, 1585, '0.00', '0.00', 7),
(11364, 13, 1586, '0.00', '0.00', 0),
(11365, 11, 1586, '0.00', '0.00', 5),
(11366, 13, 1587, '0.00', '0.00', 0),
(11367, 11, 1587, '0.00', '0.00', 4),
(11368, 13, 1588, '0.00', '0.00', 3),
(11369, 11, 1588, '0.00', '0.00', 5),
(11370, 13, 1589, '0.00', '0.00', 2),
(11371, 11, 1589, '0.00', '0.00', 9),
(11372, 13, 1590, '0.00', '0.00', 5),
(11373, 11, 1590, '0.00', '0.00', 6),
(11374, 13, 1591, '0.00', '0.00', 5),
(11375, 11, 1591, '0.00', '0.00', 3),
(11376, 13, 1592, '0.00', '0.00', 4),
(11377, 11, 1592, '0.00', '0.00', 43),
(11378, 13, 1593, '0.00', '0.00', 6),
(11379, 11, 1593, '0.00', '0.00', 4),
(11380, 13, 1594, '0.00', '0.00', 0),
(11381, 11, 1594, '0.00', '0.00', 4),
(11382, 13, 1595, '0.00', '0.00', 0),
(11383, 11, 1595, '0.00', '0.00', 4),
(11384, 13, 1596, '0.00', '0.00', 2),
(11385, 11, 1596, '0.00', '0.00', 0),
(11386, 13, 1597, '0.00', '0.00', 1),
(11387, 11, 1597, '0.00', '0.00', 4),
(11388, 13, 1598, '0.00', '0.00', 0),
(11389, 11, 1598, '0.00', '0.00', 1),
(11390, 13, 1599, '0.00', '0.00', 4),
(11391, 11, 1599, '0.00', '0.00', 2),
(11392, 13, 1600, '0.00', '0.00', 0),
(11393, 11, 1600, '0.00', '0.00', 5),
(11394, 13, 1601, '0.00', '0.00', 2),
(11395, 11, 1601, '0.00', '0.00', 10),
(11396, 13, 1602, '0.00', '0.00', 0),
(11397, 11, 1602, '0.00', '0.00', 18),
(11398, 13, 1603, '0.00', '0.00', 0),
(11399, 11, 1603, '0.00', '0.00', 40),
(11400, 13, 1604, '0.00', '0.00', 0),
(11401, 11, 1604, '0.00', '0.00', 2),
(11402, 13, 1605, '0.00', '0.00', 0),
(11403, 11, 1605, '0.00', '0.00', 14),
(11404, 13, 1606, '0.00', '0.00', 1),
(11405, 11, 1606, '0.00', '0.00', 3),
(11406, 13, 1607, '0.00', '0.00', 9),
(11407, 11, 1607, '0.00', '0.00', 56),
(11408, 13, 1608, '0.00', '0.00', 28),
(11409, 11, 1608, '0.00', '0.00', 147),
(11410, 13, 1609, '0.00', '0.00', 3),
(11411, 11, 1609, '0.00', '0.00', 2),
(11412, 13, 1610, '0.00', '0.00', 41),
(11413, 11, 1610, '0.00', '0.00', 52),
(11414, 13, 1611, '0.00', '0.00', 40),
(11415, 11, 1611, '0.00', '0.00', 23),
(11416, 13, 1612, '0.00', '0.00', 80),
(11417, 11, 1612, '0.00', '0.00', 198),
(11418, 13, 1613, '0.00', '0.00', 0),
(11419, 11, 1613, '0.00', '0.00', 6),
(11420, 13, 1614, '0.00', '0.00', 0),
(11421, 11, 1614, '0.00', '0.00', 3),
(11422, 13, 1615, '0.00', '0.00', 270),
(11423, 11, 1615, '0.00', '0.00', 618),
(11424, 13, 1616, '0.00', '0.00', 10),
(11425, 11, 1616, '0.00', '0.00', 142),
(11426, 13, 1617, '0.00', '0.00', 48),
(11427, 11, 1617, '0.00', '0.00', 331),
(11428, 13, 1618, '0.00', '0.00', 105),
(11429, 11, 1618, '0.00', '0.00', 317),
(11430, 13, 1619, '0.00', '0.00', 428),
(11431, 11, 1619, '0.00', '0.00', 576),
(11432, 13, 1620, '0.00', '0.00', 450),
(11433, 11, 1620, '0.00', '0.00', 646),
(11434, 13, 1621, '0.00', '0.00', 0),
(11435, 11, 1621, '0.00', '0.00', 41),
(11436, 13, 1622, '0.00', '0.00', 9),
(11437, 11, 1622, '0.00', '0.00', 19),
(11438, 13, 1623, '0.00', '0.00', 118),
(11439, 11, 1623, '0.00', '0.00', 209),
(11440, 13, 1624, '0.00', '0.00', 7),
(11441, 11, 1624, '0.00', '0.00', 24),
(11442, 13, 1625, '0.00', '0.00', 0),
(11443, 11, 1625, '0.00', '0.00', 16),
(11444, 13, 1626, '0.00', '0.00', 0),
(11445, 11, 1626, '0.00', '0.00', 146),
(11446, 13, 1627, '0.00', '0.00', 0),
(11447, 11, 1627, '0.00', '0.00', 48),
(11448, 13, 1628, '0.00', '0.00', 600),
(11449, 11, 1628, '0.00', '0.00', 3450),
(11450, 13, 1629, '0.00', '0.00', 1050),
(11451, 11, 1629, '0.00', '0.00', 5469),
(11452, 13, 1630, '0.00', '0.00', 0),
(11453, 11, 1630, '0.00', '0.00', 414),
(11454, 13, 1631, '0.00', '0.00', 189),
(11455, 11, 1631, '0.00', '0.00', 514),
(11456, 13, 1632, '0.00', '0.00', 30),
(11457, 11, 1632, '0.00', '0.00', 398),
(11458, 13, 1633, '0.00', '0.00', 260),
(11459, 11, 1633, '0.00', '0.00', 54),
(11460, 13, 1634, '0.00', '0.00', 80),
(11461, 11, 1634, '0.00', '0.00', 333),
(11462, 13, 1635, '0.00', '0.00', 68),
(11463, 11, 1635, '0.00', '0.00', 399),
(11464, 13, 1636, '0.00', '0.00', 27),
(11465, 11, 1636, '0.00', '0.00', 56),
(11466, 13, 1637, '0.00', '0.00', 80),
(11467, 11, 1637, '0.00', '0.00', 155),
(11468, 13, 1638, '0.00', '0.00', 0),
(11469, 11, 1638, '0.00', '0.00', 0),
(11470, 13, 1639, '0.00', '0.00', 0),
(11471, 11, 1639, '0.00', '0.00', 25),
(11472, 13, 1640, '0.00', '0.00', 0),
(11473, 11, 1640, '0.00', '0.00', 29),
(11474, 13, 1641, '0.00', '0.00', 3),
(11475, 11, 1641, '0.00', '0.00', 20),
(11476, 13, 1642, '0.00', '0.00', 0),
(11477, 11, 1642, '0.00', '0.00', 194),
(11478, 13, 1643, '0.00', '0.00', 56),
(11479, 11, 1643, '0.00', '0.00', 23),
(11480, 13, 1644, '0.00', '0.00', 72),
(11481, 11, 1644, '0.00', '0.00', 94),
(11482, 13, 1645, '0.00', '0.00', 5),
(11483, 11, 1645, '0.00', '0.00', 10),
(11484, 13, 1646, '0.00', '0.00', 0),
(11485, 11, 1646, '0.00', '0.00', 253),
(11486, 13, 1647, '0.00', '0.00', 117),
(11487, 11, 1647, '0.00', '0.00', 239),
(11488, 13, 1648, '0.00', '0.00', 3),
(11489, 11, 1648, '0.00', '0.00', 1),
(11490, 13, 1649, '0.00', '0.00', 0),
(11491, 11, 1649, '0.00', '0.00', 0),
(11492, 13, 1650, '0.00', '0.00', 0),
(11493, 11, 1650, '0.00', '0.00', 8),
(11494, 13, 1651, '0.00', '0.00', 70),
(11495, 11, 1651, '0.00', '0.00', 429),
(11496, 13, 1652, '0.00', '0.00', 18),
(11497, 11, 1652, '0.00', '0.00', 171),
(11498, 13, 1653, '0.00', '0.00', 0),
(11499, 11, 1653, '0.00', '0.00', 8),
(11500, 13, 1654, '0.00', '0.00', 0),
(11501, 11, 1654, '0.00', '0.00', 52),
(11502, 13, 1655, '0.00', '0.00', 0),
(11503, 11, 1655, '0.00', '0.00', 33),
(11504, 13, 1656, '0.00', '0.00', 34),
(11505, 11, 1656, '0.00', '0.00', 9),
(11506, 11, 1657, '0.00', '0.00', 0),
(11507, 11, 1658, '0.00', '0.00', 0),
(11508, 11, 1659, '0.00', '0.00', 0),
(11509, 11, 1660, '0.00', '0.00', 50),
(11510, 11, 1661, '0.00', '0.00', 0),
(11511, 11, 1662, '0.00', '0.00', 30),
(11512, 11, 1663, '0.00', '0.00', 0),
(11513, 11, 1664, '0.00', '0.00', 0),
(11514, 11, 1665, '0.00', '0.00', 11),
(11515, 11, 1666, '0.00', '0.00', 0),
(11516, 11, 1667, '0.00', '0.00', 0),
(11517, 11, 1668, '0.00', '0.00', 0),
(11518, 11, 1669, '0.00', '0.00', 0),
(11519, 11, 1670, '0.00', '0.00', 0),
(11520, 11, 1671, '0.00', '0.00', 100),
(11521, 11, 1672, '0.00', '0.00', 0),
(11522, 11, 1673, '0.00', '0.00', 0),
(11523, 11, 1674, '0.00', '0.00', 1),
(11524, 11, 1675, '0.00', '0.00', 0),
(11525, 11, 1676, '0.00', '0.00', 0),
(11526, 11, 1677, '0.00', '0.00', 10),
(11527, 11, 1678, '0.00', '0.00', 0),
(11528, 11, 1679, '0.00', '0.00', 0),
(11529, 11, 1680, '0.00', '0.00', 0),
(11530, 11, 1681, '0.00', '0.00', 0),
(11531, 11, 1682, '0.00', '0.00', 0),
(11532, 11, 1683, '0.00', '0.00', 1),
(11533, 11, 1684, '0.00', '0.00', 4),
(11534, 11, 1685, '0.00', '0.00', 0),
(11535, 11, 1686, '0.00', '0.00', 5),
(11536, 11, 1687, '0.00', '0.00', 57),
(11537, 11, 1688, '0.00', '0.00', 0),
(11538, 11, 1689, '0.00', '0.00', 0),
(11539, 11, 1690, '0.00', '0.00', 5),
(11540, 11, 1691, '0.00', '0.00', 4),
(11541, 11, 1692, '0.00', '0.00', 0),
(11542, 11, 1693, '0.00', '0.00', 0),
(11543, 11, 1694, '0.00', '0.00', 0),
(11544, 11, 1695, '0.00', '0.00', 0),
(11545, 11, 1696, '0.00', '0.00', 7),
(11546, 11, 1697, '0.00', '0.00', 6),
(11547, 11, 1698, '0.00', '0.00', 1),
(11548, 11, 1699, '0.00', '0.00', 2),
(11549, 11, 1700, '0.00', '0.00', 158),
(11550, 11, 1701, '0.00', '0.00', 7),
(11551, 11, 1702, '0.00', '0.00', 38),
(11552, 11, 1703, '0.00', '0.00', 5),
(11553, 11, 1704, '0.00', '0.00', 2),
(11554, 11, 1705, '0.00', '0.00', 2),
(11555, 11, 1706, '0.00', '0.00', 0),
(11556, 11, 1707, '0.00', '0.00', 2),
(11557, 11, 1708, '0.00', '0.00', 2),
(11558, 11, 1709, '0.00', '0.00', 2),
(11559, 11, 1710, '0.00', '0.00', 5),
(11560, 13, 1662, '0.00', '0.00', 20),
(11561, 13, 1711, '0.00', '0.00', 0),
(11562, 13, 1712, '0.00', '0.00', 0),
(11563, 11, 1713, '0.00', '0.00', 0),
(11564, 11, 1714, '0.00', '0.00', 0),
(11565, 11, 1715, '0.00', '0.00', 0),
(11566, 11, 1716, '0.00', '0.00', 0),
(11567, 11, 1717, '0.00', '0.00', 0),
(11568, 11, 1718, '0.00', '0.00', 0),
(11569, 11, 1719, '0.00', '0.00', 80),
(11570, 11, 1720, '0.00', '0.00', 75),
(11571, 11, 1721, '0.00', '0.00', 0),
(11572, 11, 1722, '0.00', '0.00', 0),
(11573, 11, 1723, '0.00', '0.00', 0),
(11574, 11, 1724, '0.00', '0.00', 0),
(11575, 11, 1725, '0.00', '0.00', 0),
(11576, 11, 1726, '0.00', '0.00', 0),
(11577, 11, 1727, '0.00', '0.00', 6),
(11578, 11, 1728, '0.00', '0.00', 2),
(11579, 11, 1729, '0.00', '0.00', 2),
(11580, 11, 1730, '0.00', '0.00', 2),
(11581, 11, 1731, '0.00', '0.00', 8),
(11582, 11, 1732, '0.00', '0.00', 2),
(11583, 11, 1733, '0.00', '0.00', 1),
(11584, 11, 1734, '0.00', '0.00', 17),
(11585, 11, 1735, '0.00', '0.00', 20),
(11586, 11, 1736, '0.00', '0.00', 2),
(11587, 13, 1729, '0.00', '0.00', 3),
(11588, 13, 1732, '0.00', '0.00', 1),
(11589, 13, 1733, '0.00', '0.00', 1),
(11590, 13, 1731, '0.00', '0.00', 1),
(11591, 13, 1696, '0.00', '0.00', 2),
(11592, 13, 1734, '0.00', '0.00', 1),
(11593, 13, 1665, '0.00', '0.00', 2),
(11594, 13, 1728, '0.00', '0.00', 2),
(11595, 13, 1683, '0.00', '0.00', 2),
(11596, 13, 1727, '0.00', '0.00', 2),
(11597, 13, 1700, '0.00', '0.00', 22),
(11598, 11, 1737, '0.00', '0.00', 0),
(11599, 11, 1738, '0.00', '0.00', 0),
(11600, 11, 1739, '0.00', '0.00', 5),
(11601, 11, 1740, '0.00', '0.00', 277),
(11602, 11, 1742, '0.00', '0.00', 1),
(11603, 11, 1744, '0.00', '0.00', 0),
(11605, 11, 1741, '0.00', '0.00', 0);

--
-- Индексы сохранённых таблиц
--

--
-- Индексы таблицы `customers`
--
ALTER TABLE `customers`
  ADD PRIMARY KEY (`id`),
  ADD KEY `idx_store_id` (`store_id`);

--
-- Индексы таблицы `customer_operations`
--
ALTER TABLE `customer_operations`
  ADD PRIMARY KEY (`id`),
  ADD KEY `idx_customer_id` (`customer_id`),
  ADD KEY `idx_store_id` (`store_id`),
  ADD KEY `idx_date` (`date`),
  ADD KEY `idx_type` (`type`),
  ADD KEY `idx_sale_id` (`sale_id`);

--
-- Индексы таблицы `delivery_drivers`
--
ALTER TABLE `delivery_drivers`
  ADD PRIMARY KEY (`id`),
  ADD KEY `idx_warehouse_id` (`warehouse_id`);

--
-- Индексы таблицы `expenses`
--
ALTER TABLE `expenses`
  ADD PRIMARY KEY (`id`),
  ADD KEY `fk_expenses_store` (`store_id`);

--
-- Индексы таблицы `products`
--
ALTER TABLE `products`
  ADD PRIMARY KEY (`id`),
  ADD UNIQUE KEY `unique_product_code` (`product_code`);

--
-- Индексы таблицы `resellers`
--
ALTER TABLE `resellers`
  ADD PRIMARY KEY (`id`);

--
-- Индексы таблицы `reseller_operations`
--
ALTER TABLE `reseller_operations`
  ADD PRIMARY KEY (`id`),
  ADD KEY `idx_reseller_id` (`reseller_id`),
  ADD KEY `idx_store_id` (`store_id`),
  ADD KEY `idx_sale_id` (`sale_id`),
  ADD KEY `idx_date` (`date`),
  ADD KEY `idx_type` (`type`);

--
-- Индексы таблицы `retail_debtors`
--
ALTER TABLE `retail_debtors`
  ADD PRIMARY KEY (`id`),
  ADD KEY `idx_phone` (`phone`),
  ADD KEY `retail_debtors_store_id_fk` (`store_id`);

--
-- Индексы таблицы `retail_operations`
--
ALTER TABLE `retail_operations`
  ADD PRIMARY KEY (`id`),
  ADD KEY `idx_retail_debtor_id` (`retail_debtor_id`),
  ADD KEY `idx_sale_id` (`sale_id`),
  ADD KEY `idx_type` (`type`);

--
-- Индексы таблицы `returns`
--
ALTER TABLE `returns`
  ADD PRIMARY KEY (`id`),
  ADD KEY `customer_id` (`customer_id`),
  ADD KEY `created_by` (`created_by`),
  ADD KEY `sale_id` (`sale_id`),
  ADD KEY `fk_returns_warehouse` (`warehouse_id`),
  ADD KEY `fk_returns_store` (`store_id`),
  ADD KEY `retail_debtor_id` (`retail_debtor_id`);

--
-- Индексы таблицы `return_items`
--
ALTER TABLE `return_items`
  ADD PRIMARY KEY (`id`),
  ADD KEY `return_id` (`return_id`),
  ADD KEY `product_id` (`product_id`);

--
-- Индексы таблицы `sales`
--
ALTER TABLE `sales`
  ADD PRIMARY KEY (`id`),
  ADD KEY `customer_id` (`customer_id`),
  ADD KEY `created_by` (`created_by`),
  ADD KEY `fk_sales_store` (`store_id`),
  ADD KEY `fk_sales_warehouse` (`warehouse_id`);

--
-- Индексы таблицы `sale_items`
--
ALTER TABLE `sale_items`
  ADD PRIMARY KEY (`id`),
  ADD KEY `sale_id` (`sale_id`),
  ADD KEY `product_id` (`product_id`);

--
-- Индексы таблицы `stock_changes`
--
ALTER TABLE `stock_changes`
  ADD PRIMARY KEY (`id`),
  ADD KEY `warehouse_id` (`warehouse_id`),
  ADD KEY `product_id` (`product_id`),
  ADD KEY `user_id` (`user_id`);

--
-- Индексы таблицы `stock_receipts`
--
ALTER TABLE `stock_receipts`
  ADD PRIMARY KEY (`id`),
  ADD KEY `warehouse_id` (`warehouse_id`),
  ADD KEY `created_by` (`created_by`),
  ADD KEY `supplier_id` (`supplier_id`),
  ADD KEY `fk_stock_receipts_delivery_driver` (`delivery_driver_id`);

--
-- Индексы таблицы `stock_receipt_items`
--
ALTER TABLE `stock_receipt_items`
  ADD PRIMARY KEY (`id`),
  ADD KEY `receipt_id` (`receipt_id`),
  ADD KEY `product_id` (`product_id`);

--
-- Индексы таблицы `stores`
--
ALTER TABLE `stores`
  ADD PRIMARY KEY (`id`),
  ADD KEY `fk_stores_warehouse` (`warehouse_id`);

--
-- Индексы таблицы `suppliers`
--
ALTER TABLE `suppliers`
  ADD PRIMARY KEY (`id`);

--
-- Индексы таблицы `supplier_operations`
--
ALTER TABLE `supplier_operations`
  ADD PRIMARY KEY (`id`),
  ADD KEY `idx_supplier_id` (`supplier_id`),
  ADD KEY `idx_warehouse_id` (`warehouse_id`),
  ADD KEY `idx_date` (`date`),
  ADD KEY `idx_type` (`type`),
  ADD KEY `idx_receipt_id` (`receipt_id`);

--
-- Индексы таблицы `tokens`
--
ALTER TABLE `tokens`
  ADD PRIMARY KEY (`user_id`),
  ADD UNIQUE KEY `token` (`token`);

--
-- Индексы таблицы `users`
--
ALTER TABLE `users`
  ADD PRIMARY KEY (`id`),
  ADD UNIQUE KEY `login` (`login`),
  ADD KEY `idx_store_id` (`store_id`);

--
-- Индексы таблицы `warehouses`
--
ALTER TABLE `warehouses`
  ADD PRIMARY KEY (`id`);

--
-- Индексы таблицы `warehouse_stock`
--
ALTER TABLE `warehouse_stock`
  ADD PRIMARY KEY (`id`),
  ADD UNIQUE KEY `unique_warehouse_product` (`warehouse_id`,`product_id`),
  ADD KEY `product_id` (`product_id`);

--
-- AUTO_INCREMENT для сохранённых таблиц
--

--
-- AUTO_INCREMENT для таблицы `customers`
--
ALTER TABLE `customers`
  MODIFY `id` int NOT NULL AUTO_INCREMENT, AUTO_INCREMENT=31;

--
-- AUTO_INCREMENT для таблицы `customer_operations`
--
ALTER TABLE `customer_operations`
  MODIFY `id` int NOT NULL AUTO_INCREMENT, AUTO_INCREMENT=132;

--
-- AUTO_INCREMENT для таблицы `delivery_drivers`
--
ALTER TABLE `delivery_drivers`
  MODIFY `id` int NOT NULL AUTO_INCREMENT, AUTO_INCREMENT=3;

--
-- AUTO_INCREMENT для таблицы `expenses`
--
ALTER TABLE `expenses`
  MODIFY `id` int NOT NULL AUTO_INCREMENT, AUTO_INCREMENT=100;

--
-- AUTO_INCREMENT для таблицы `products`
--
ALTER TABLE `products`
  MODIFY `id` int NOT NULL AUTO_INCREMENT, AUTO_INCREMENT=1745;

--
-- AUTO_INCREMENT для таблицы `resellers`
--
ALTER TABLE `resellers`
  MODIFY `id` int NOT NULL AUTO_INCREMENT, AUTO_INCREMENT=2;

--
-- AUTO_INCREMENT для таблицы `reseller_operations`
--
ALTER TABLE `reseller_operations`
  MODIFY `id` int NOT NULL AUTO_INCREMENT, AUTO_INCREMENT=14;

--
-- AUTO_INCREMENT для таблицы `retail_debtors`
--
ALTER TABLE `retail_debtors`
  MODIFY `id` int NOT NULL AUTO_INCREMENT, AUTO_INCREMENT=153;

--
-- AUTO_INCREMENT для таблицы `retail_operations`
--
ALTER TABLE `retail_operations`
  MODIFY `id` int NOT NULL AUTO_INCREMENT, AUTO_INCREMENT=238;

--
-- AUTO_INCREMENT для таблицы `returns`
--
ALTER TABLE `returns`
  MODIFY `id` int NOT NULL AUTO_INCREMENT, AUTO_INCREMENT=52;

--
-- AUTO_INCREMENT для таблицы `return_items`
--
ALTER TABLE `return_items`
  MODIFY `id` int NOT NULL AUTO_INCREMENT, AUTO_INCREMENT=74;

--
-- AUTO_INCREMENT для таблицы `sales`
--
ALTER TABLE `sales`
  MODIFY `id` int NOT NULL AUTO_INCREMENT, AUTO_INCREMENT=622;

--
-- AUTO_INCREMENT для таблицы `sale_items`
--
ALTER TABLE `sale_items`
  MODIFY `id` int NOT NULL AUTO_INCREMENT, AUTO_INCREMENT=4765;

--
-- AUTO_INCREMENT для таблицы `stock_changes`
--
ALTER TABLE `stock_changes`
  MODIFY `id` int NOT NULL AUTO_INCREMENT, AUTO_INCREMENT=431;

--
-- AUTO_INCREMENT для таблицы `stock_receipts`
--
ALTER TABLE `stock_receipts`
  MODIFY `id` int NOT NULL AUTO_INCREMENT, AUTO_INCREMENT=56;

--
-- AUTO_INCREMENT для таблицы `stock_receipt_items`
--
ALTER TABLE `stock_receipt_items`
  MODIFY `id` int NOT NULL AUTO_INCREMENT, AUTO_INCREMENT=5888;

--
-- AUTO_INCREMENT для таблицы `stores`
--
ALTER TABLE `stores`
  MODIFY `id` int NOT NULL AUTO_INCREMENT, AUTO_INCREMENT=7;

--
-- AUTO_INCREMENT для таблицы `suppliers`
--
ALTER TABLE `suppliers`
  MODIFY `id` int NOT NULL AUTO_INCREMENT, AUTO_INCREMENT=10;

--
-- AUTO_INCREMENT для таблицы `supplier_operations`
--
ALTER TABLE `supplier_operations`
  MODIFY `id` int NOT NULL AUTO_INCREMENT, AUTO_INCREMENT=64;

--
-- AUTO_INCREMENT для таблицы `users`
--
ALTER TABLE `users`
  MODIFY `id` int NOT NULL AUTO_INCREMENT, AUTO_INCREMENT=19;

--
-- AUTO_INCREMENT для таблицы `warehouses`
--
ALTER TABLE `warehouses`
  MODIFY `id` int NOT NULL AUTO_INCREMENT, AUTO_INCREMENT=15;

--
-- AUTO_INCREMENT для таблицы `warehouse_stock`
--
ALTER TABLE `warehouse_stock`
  MODIFY `id` int NOT NULL AUTO_INCREMENT, AUTO_INCREMENT=11608;

--
-- Ограничения внешнего ключа сохраненных таблиц
--

--
-- Ограничения внешнего ключа таблицы `customers`
--
ALTER TABLE `customers`
  ADD CONSTRAINT `fk_customers_store` FOREIGN KEY (`store_id`) REFERENCES `stores` (`id`) ON DELETE SET NULL;

--
-- Ограничения внешнего ключа таблицы `customer_operations`
--
ALTER TABLE `customer_operations`
  ADD CONSTRAINT `customer_operations_ibfk_1` FOREIGN KEY (`customer_id`) REFERENCES `customers` (`id`),
  ADD CONSTRAINT `customer_operations_ibfk_2` FOREIGN KEY (`store_id`) REFERENCES `stores` (`id`),
  ADD CONSTRAINT `fk_customer_operations_sale` FOREIGN KEY (`sale_id`) REFERENCES `sales` (`id`) ON DELETE SET NULL;

--
-- Ограничения внешнего ключа таблицы `delivery_drivers`
--
ALTER TABLE `delivery_drivers`
  ADD CONSTRAINT `fk_delivery_drivers_warehouse` FOREIGN KEY (`warehouse_id`) REFERENCES `warehouses` (`id`) ON DELETE CASCADE ON UPDATE CASCADE;

--
-- Ограничения внешнего ключа таблицы `expenses`
--
ALTER TABLE `expenses`
  ADD CONSTRAINT `fk_expenses_store` FOREIGN KEY (`store_id`) REFERENCES `stores` (`id`) ON DELETE CASCADE;

--
-- Ограничения внешнего ключа таблицы `reseller_operations`
--
ALTER TABLE `reseller_operations`
  ADD CONSTRAINT `reseller_operations_ibfk_1` FOREIGN KEY (`reseller_id`) REFERENCES `resellers` (`id`),
  ADD CONSTRAINT `reseller_operations_ibfk_2` FOREIGN KEY (`store_id`) REFERENCES `stores` (`id`),
  ADD CONSTRAINT `reseller_operations_ibfk_3` FOREIGN KEY (`sale_id`) REFERENCES `sales` (`id`) ON DELETE SET NULL;

--
-- Ограничения внешнего ключа таблицы `retail_debtors`
--
ALTER TABLE `retail_debtors`
  ADD CONSTRAINT `retail_debtors_store_id_fk` FOREIGN KEY (`store_id`) REFERENCES `stores` (`id`) ON DELETE SET NULL;

--
-- Ограничения внешнего ключа таблицы `retail_operations`
--
ALTER TABLE `retail_operations`
  ADD CONSTRAINT `retail_operations_ibfk_1` FOREIGN KEY (`retail_debtor_id`) REFERENCES `retail_debtors` (`id`) ON DELETE CASCADE,
  ADD CONSTRAINT `retail_operations_ibfk_2` FOREIGN KEY (`sale_id`) REFERENCES `sales` (`id`) ON DELETE SET NULL;

--
-- Ограничения внешнего ключа таблицы `returns`
--
ALTER TABLE `returns`
  ADD CONSTRAINT `fk_returns_store` FOREIGN KEY (`store_id`) REFERENCES `stores` (`id`) ON DELETE SET NULL,
  ADD CONSTRAINT `fk_returns_warehouse` FOREIGN KEY (`warehouse_id`) REFERENCES `warehouses` (`id`) ON DELETE SET NULL,
  ADD CONSTRAINT `returns_ibfk_1` FOREIGN KEY (`customer_id`) REFERENCES `customers` (`id`) ON DELETE SET NULL,
  ADD CONSTRAINT `returns_ibfk_2` FOREIGN KEY (`created_by`) REFERENCES `users` (`id`) ON DELETE CASCADE,
  ADD CONSTRAINT `returns_ibfk_3` FOREIGN KEY (`sale_id`) REFERENCES `sales` (`id`) ON DELETE SET NULL,
  ADD CONSTRAINT `returns_ibfk_4` FOREIGN KEY (`retail_debtor_id`) REFERENCES `retail_debtors` (`id`) ON DELETE SET NULL;

--
-- Ограничения внешнего ключа таблицы `return_items`
--
ALTER TABLE `return_items`
  ADD CONSTRAINT `return_items_ibfk_1` FOREIGN KEY (`return_id`) REFERENCES `returns` (`id`) ON DELETE CASCADE,
  ADD CONSTRAINT `return_items_ibfk_2` FOREIGN KEY (`product_id`) REFERENCES `products` (`id`) ON DELETE CASCADE;

--
-- Ограничения внешнего ключа таблицы `sales`
--
ALTER TABLE `sales`
  ADD CONSTRAINT `fk_sales_store` FOREIGN KEY (`store_id`) REFERENCES `stores` (`id`),
  ADD CONSTRAINT `fk_sales_warehouse` FOREIGN KEY (`warehouse_id`) REFERENCES `warehouses` (`id`),
  ADD CONSTRAINT `sales_ibfk_1` FOREIGN KEY (`customer_id`) REFERENCES `customers` (`id`) ON DELETE SET NULL,
  ADD CONSTRAINT `sales_ibfk_2` FOREIGN KEY (`created_by`) REFERENCES `users` (`id`) ON DELETE CASCADE;

--
-- Ограничения внешнего ключа таблицы `sale_items`
--
ALTER TABLE `sale_items`
  ADD CONSTRAINT `sale_items_ibfk_1` FOREIGN KEY (`sale_id`) REFERENCES `sales` (`id`) ON DELETE CASCADE,
  ADD CONSTRAINT `sale_items_ibfk_2` FOREIGN KEY (`product_id`) REFERENCES `products` (`id`) ON DELETE CASCADE;

--
-- Ограничения внешнего ключа таблицы `stock_changes`
--
ALTER TABLE `stock_changes`
  ADD CONSTRAINT `stock_changes_ibfk_1` FOREIGN KEY (`warehouse_id`) REFERENCES `warehouses` (`id`) ON DELETE CASCADE,
  ADD CONSTRAINT `stock_changes_ibfk_2` FOREIGN KEY (`product_id`) REFERENCES `products` (`id`) ON DELETE CASCADE,
  ADD CONSTRAINT `stock_changes_ibfk_3` FOREIGN KEY (`user_id`) REFERENCES `users` (`id`) ON DELETE CASCADE;

--
-- Ограничения внешнего ключа таблицы `stock_receipts`
--
ALTER TABLE `stock_receipts`
  ADD CONSTRAINT `fk_stock_receipts_delivery_driver` FOREIGN KEY (`delivery_driver_id`) REFERENCES `delivery_drivers` (`id`) ON DELETE SET NULL,
  ADD CONSTRAINT `stock_receipts_ibfk_1` FOREIGN KEY (`warehouse_id`) REFERENCES `warehouses` (`id`) ON DELETE CASCADE,
  ADD CONSTRAINT `stock_receipts_ibfk_2` FOREIGN KEY (`created_by`) REFERENCES `users` (`id`) ON DELETE CASCADE,
  ADD CONSTRAINT `stock_receipts_ibfk_3` FOREIGN KEY (`supplier_id`) REFERENCES `suppliers` (`id`);

--
-- Ограничения внешнего ключа таблицы `stock_receipt_items`
--
ALTER TABLE `stock_receipt_items`
  ADD CONSTRAINT `stock_receipt_items_ibfk_1` FOREIGN KEY (`receipt_id`) REFERENCES `stock_receipts` (`id`) ON DELETE CASCADE,
  ADD CONSTRAINT `stock_receipt_items_ibfk_2` FOREIGN KEY (`product_id`) REFERENCES `products` (`id`) ON DELETE CASCADE;

--
-- Ограничения внешнего ключа таблицы `stores`
--
ALTER TABLE `stores`
  ADD CONSTRAINT `fk_stores_warehouse` FOREIGN KEY (`warehouse_id`) REFERENCES `warehouses` (`id`);

--
-- Ограничения внешнего ключа таблицы `supplier_operations`
--
ALTER TABLE `supplier_operations`
  ADD CONSTRAINT `supplier_operations_ibfk_1` FOREIGN KEY (`supplier_id`) REFERENCES `suppliers` (`id`),
  ADD CONSTRAINT `supplier_operations_ibfk_2` FOREIGN KEY (`warehouse_id`) REFERENCES `warehouses` (`id`),
  ADD CONSTRAINT `supplier_operations_ibfk_3` FOREIGN KEY (`receipt_id`) REFERENCES `stock_receipts` (`id`) ON DELETE SET NULL;

--
-- Ограничения внешнего ключа таблицы `tokens`
--
ALTER TABLE `tokens`
  ADD CONSTRAINT `tokens_ibfk_1` FOREIGN KEY (`user_id`) REFERENCES `users` (`id`) ON DELETE CASCADE;

--
-- Ограничения внешнего ключа таблицы `users`
--
ALTER TABLE `users`
  ADD CONSTRAINT `fk_users_store` FOREIGN KEY (`store_id`) REFERENCES `stores` (`id`) ON DELETE SET NULL;

--
-- Ограничения внешнего ключа таблицы `warehouse_stock`
--
ALTER TABLE `warehouse_stock`
  ADD CONSTRAINT `warehouse_stock_ibfk_1` FOREIGN KEY (`warehouse_id`) REFERENCES `warehouses` (`id`) ON DELETE CASCADE,
  ADD CONSTRAINT `warehouse_stock_ibfk_2` FOREIGN KEY (`product_id`) REFERENCES `products` (`id`) ON DELETE CASCADE;
COMMIT;

/*!40101 SET CHARACTER_SET_CLIENT=@OLD_CHARACTER_SET_CLIENT */;
/*!40101 SET CHARACTER_SET_RESULTS=@OLD_CHARACTER_SET_RESULTS */;
/*!40101 SET COLLATION_CONNECTION=@OLD_COLLATION_CONNECTION */;
